timestamp,value,prediction_training,prediction,label,warp_distance,threshold_training,distance_threshold,positive_detection
2015-02-26 21:42:53,0,1,0,0,0,0,-1,0
2015-02-26 21:47:53,0,1,0,0,0,0,-1,0
2015-02-26 21:52:53,0,1,0,0,0,0,-1,0
2015-02-26 21:57:53,0,1,0,0,0,0,-1,0
2015-02-26 22:02:53,0,1,0,0,0,0,-1,0
2015-02-26 22:07:53,0,1,0,0,0,0,-1,0
2015-02-26 22:12:53,0,1,0,0,0,0,-1,0
2015-02-26 22:17:53,0,1,0,0,0,0,-1,0
2015-02-26 22:22:53,0,1,0,0,0,0,-1,0
2015-02-26 22:27:53,1,1,0,0,0,0,-1,0
2015-02-26 22:32:53,1,1,0,0,0,0,-1,0
2015-02-26 22:37:53,0,1,0,0,0,0,-1,0
2015-02-26 22:42:53,1,1,0,0,0,0,-1,0
2015-02-26 22:47:53,0,1,0,0,0,0,-1,0
2015-02-26 22:52:53,0,1,0,0,0,0,-1,0
2015-02-26 22:57:53,0,1,0,0,0,0,-1,0
2015-02-26 23:02:53,0,1,0,0,0,0,-1,0
2015-02-26 23:07:53,1,1,0,0,0,0,-1,0
2015-02-26 23:12:53,1,1,0,0,0,0,-1,0
2015-02-26 23:17:53,1,1,0,0,0,0,-1,0
2015-02-26 23:22:53,0,1,0,0,0,0,-1,0
2015-02-26 23:27:53,0,1,0,0,0,0,-1,0
2015-02-26 23:32:53,1,1,0,0,0,0,-1,0
2015-02-26 23:37:53,0,1,0,0,0,0,-1,0
2015-02-26 23:42:53,0,1,0,0,0,0,-1,0
2015-02-26 23:47:53,0,1,0,0,0,0,-1,0
2015-02-26 23:52:53,4,1,0,0,0,0,-1,0
2015-02-26 23:57:53,2,1,0,0,0,0,-1,0
2015-02-27 00:02:53,1,1,0,0,0,0,-1,0
2015-02-27 00:07:53,0,1,0,0,0,0,-1,0
2015-02-27 00:12:53,1,1,0,0,0,0,-1,0
2015-02-27 00:17:53,1,1,0,0,0,0,-1,0
2015-02-27 00:22:53,0,1,0,0,0,0,-1,0
2015-02-27 00:27:53,2,1,0,0,0,0,-1,0
2015-02-27 00:32:53,2,1,0,0,0,0,-1,0
2015-02-27 00:37:53,1,1,0,0,0,0,-1,0
2015-02-27 00:42:53,1,1,0,0,0,0,-1,0
2015-02-27 00:47:53,0,1,0,0,0,0,-1,0
2015-02-27 00:52:53,0,1,0,0,0,0,-1,0
2015-02-27 00:57:53,0,1,0,0,0,0,-1,0
2015-02-27 01:02:53,1,1,0,0,0,0,-1,0
2015-02-27 01:07:53,0,1,0,0,0,0,-1,0
2015-02-27 01:12:53,0,1,0,0,0,0,-1,0
2015-02-27 01:17:53,0,1,0,0,0,0,-1,0
2015-02-27 01:22:53,0,1,0,0,0,0,-1,0
2015-02-27 01:27:53,0,1,0,0,0,0,-1,0
2015-02-27 01:32:53,1,1,0,0,0,0,-1,0
2015-02-27 01:37:53,0,1,0,0,0,0,-1,0
2015-02-27 01:42:53,0,1,0,0,0,0,-1,0
2015-02-27 01:47:53,0,1,0,0,0,0,-1,0
2015-02-27 01:52:53,0,1,0,0,0,0,-1,0
2015-02-27 01:57:53,1,1,0,0,0,0,-1,0
2015-02-27 02:02:53,0,1,0,0,0,0,-1,0
2015-02-27 02:07:53,0,1,0,0,0,0,-1,0
2015-02-27 02:12:53,0,1,0,0,0,0,-1,0
2015-02-27 02:17:53,0,1,0,0,0,0,-1,0
2015-02-27 02:22:53,0,1,0,0,0,0,-1,0
2015-02-27 02:27:53,2,1,0,0,0,0,-1,0
2015-02-27 02:32:53,0,1,0,0,0,0,-1,0
2015-02-27 02:37:53,0,1,0,0,0,0,-1,0
2015-02-27 02:42:53,1,1,0,0,0,0,-1,0
2015-02-27 02:47:53,0,1,0,0,0,0,-1,0
2015-02-27 02:52:53,0,1,0,0,0,0,-1,0
2015-02-27 02:57:53,0,1,0,0,0,0,-1,0
2015-02-27 03:02:53,1,1,0,0,0,0,-1,0
2015-02-27 03:07:53,1,1,0,0,0,0,-1,0
2015-02-27 03:12:53,0,1,0,0,0,0,-1,0
2015-02-27 03:17:53,0,1,0,0,0,0,-1,0
2015-02-27 03:22:53,0,1,0,0,0,0,-1,0
2015-02-27 03:27:53,0,1,0,0,0,0,-1,0
2015-02-27 03:32:53,1,1,0,0,0,0,-1,0
2015-02-27 03:37:53,0,1,0,0,0,0,-1,0
2015-02-27 03:42:53,0,1,0,0,0,0,-1,0
2015-02-27 03:47:53,0,1,0,0,0,0,-1,0
2015-02-27 03:52:53,0,1,0,0,0,0,-1,0
2015-02-27 03:57:53,0,1,0,0,0,0,-1,0
2015-02-27 04:02:53,1,1,0,0,0,0,-1,0
2015-02-27 04:07:53,0,1,0,0,0,0,-1,0
2015-02-27 04:12:53,0,1,0,0,0,0,-1,0
2015-02-27 04:17:53,0,1,0,0,0,0,-1,0
2015-02-27 04:22:53,3,1,0,0,0,0,-1,0
2015-02-27 04:27:53,0,1,0,0,0,0,-1,0
2015-02-27 04:32:53,0,1,0,0,0,0,-1,0
2015-02-27 04:37:53,0,1,0,0,0,0,-1,0
2015-02-27 04:42:53,0,1,0,0,0,0,-1,0
2015-02-27 04:47:53,0,1,0,0,0,0,-1,0
2015-02-27 04:52:53,0,1,0,0,0,0,-1,0
2015-02-27 04:57:53,2,1,0,0,0,0,-1,0
2015-02-27 05:02:53,2,1,0,0,0,0,-1,0
2015-02-27 05:07:53,0,1,0,0,0,0,-1,0
2015-02-27 05:12:53,0,1,0,0,0,0,-1,0
2015-02-27 05:17:53,0,1,0,0,0,0,-1,0
2015-02-27 05:22:53,0,1,0,0,0,0,-1,0
2015-02-27 05:27:53,0,1,0,0,0,0,-1,0
2015-02-27 05:32:53,0,1,0,0,0,0,-1,0
2015-02-27 05:37:53,0,1,0,0,0,0,-1,0
2015-02-27 05:42:53,0,1,0,0,0,0,-1,0
2015-02-27 05:47:53,1,1,0,0,0,0,-1,0
2015-02-27 05:52:53,0,1,0,0,0,0,-1,0
2015-02-27 05:57:53,0,1,0,0,0,0,-1,0
2015-02-27 06:02:53,1,1,0,0,0,0,-1,0
2015-02-27 06:07:53,1,1,0,0,0,0,-1,0
2015-02-27 06:12:53,0,1,0,0,0,0,-1,0
2015-02-27 06:17:53,0,1,0,0,0,0,-1,0
2015-02-27 06:22:53,0,1,0,0,0,0,-1,0
2015-02-27 06:27:53,0,1,0,0,0,0,-1,0
2015-02-27 06:32:53,2,1,0,0,0,0,-1,0
2015-02-27 06:37:53,0,1,0,0,0,0,-1,0
2015-02-27 06:42:53,0,1,0,0,0,0,-1,0
2015-02-27 06:47:53,2,1,0,0,0,0,-1,0
2015-02-27 06:52:53,0,1,0,0,0,0,-1,0
2015-02-27 06:57:53,0,1,0,0,0,0,-1,0
2015-02-27 07:02:53,0,1,0,0,0,0,-1,0
2015-02-27 07:07:53,0,1,0,0,0,0,-1,0
2015-02-27 07:12:53,0,1,0,0,0,0,-1,0
2015-02-27 07:17:53,0,1,0,0,0,0,-1,0
2015-02-27 07:22:53,0,1,0,0,0,0,-1,0
2015-02-27 07:27:53,0,1,0,0,0,0,-1,0
2015-02-27 07:32:53,0,1,0,0,0,0,-1,0
2015-02-27 07:37:53,0,1,0,0,0,0,-1,0
2015-02-27 07:42:53,0,1,0,0,0,0,-1,0
2015-02-27 07:47:53,0,1,0,0,0,0,-1,0
2015-02-27 07:52:53,0,1,0,0,0,0,-1,0
2015-02-27 07:57:53,0,1,0,0,0,0,-1,0
2015-02-27 08:02:53,0,1,0,0,0,0,-1,0
2015-02-27 08:07:53,0,1,0,0,0,0,-1,0
2015-02-27 08:12:53,0,1,0,0,0,0,-1,0
2015-02-27 08:17:53,1,1,0,0,0,0,-1,0
2015-02-27 08:22:53,0,1,0,0,0,0,-1,0
2015-02-27 08:27:53,0,1,0,0,0,0,-1,0
2015-02-27 08:32:53,0,1,0,0,0,0,-1,0
2015-02-27 08:37:53,0,1,0,0,0,0,-1,0
2015-02-27 08:42:53,0,1,0,0,0,0,-1,0
2015-02-27 08:47:53,0,1,0,0,0,0,-1,0
2015-02-27 08:52:53,0,1,0,0,0,0,-1,0
2015-02-27 08:57:53,0,1,0,0,0,0,-1,0
2015-02-27 09:02:53,0,1,0,0,0,0,-1,0
2015-02-27 09:07:53,0,1,0,0,0,0,-1,0
2015-02-27 09:12:53,1,1,0,0,0,0,-1,0
2015-02-27 09:17:53,0,1,0,0,0,0,-1,0
2015-02-27 09:22:53,0,1,0,0,0,0,-1,0
2015-02-27 09:27:53,0,1,0,0,0,0,-1,0
2015-02-27 09:32:53,0,1,0,0,0,0,-1,0
2015-02-27 09:37:53,0,1,0,0,0,0,-1,0
2015-02-27 09:42:53,0,1,0,0,0,0,-1,0
2015-02-27 09:47:53,0,1,0,0,0,0,-1,0
2015-02-27 09:52:53,0,1,0,0,0,0,-1,0
2015-02-27 09:57:53,0,1,0,0,0,0,-1,0
2015-02-27 10:02:53,0,1,0,0,0,0,-1,0
2015-02-27 10:07:53,0,1,0,0,0,0,-1,0
2015-02-27 10:12:53,0,1,0,0,0,0,-1,0
2015-02-27 10:17:53,0,1,0,0,0,0,-1,0
2015-02-27 10:22:53,0,1,0,0,0,0,-1,0
2015-02-27 10:27:53,2,1,0,0,0,0,-1,0
2015-02-27 10:32:53,0,1,0,0,0,0,-1,0
2015-02-27 10:37:53,0,1,0,0,0,0,-1,0
2015-02-27 10:42:53,0,1,0,0,0,0,-1,0
2015-02-27 10:47:53,0,1,0,0,0,0,-1,0
2015-02-27 10:52:53,0,1,0,0,0,0,-1,0
2015-02-27 10:57:53,1,1,0,0,0,0,-1,0
2015-02-27 11:02:53,0,1,0,0,0,0,-1,0
2015-02-27 11:07:53,1,1,0,0,0,0,-1,0
2015-02-27 11:12:53,0,1,0,0,0,0,-1,0
2015-02-27 11:17:53,0,1,0,0,0,0,-1,0
2015-02-27 11:22:53,0,1,0,0,0,0,-1,0
2015-02-27 11:27:53,0,1,0,0,0,0,-1,0
2015-02-27 11:32:53,2,1,0,0,0,0,-1,0
2015-02-27 11:37:53,0,1,0,0,0,0,-1,0
2015-02-27 11:42:53,0,1,0,0,0,0,-1,0
2015-02-27 11:47:53,0,1,0,0,0,0,-1,0
2015-02-27 11:52:53,0,1,0,0,0,0,-1,0
2015-02-27 11:57:53,0,1,0,0,0,0,-1,0
2015-02-27 12:02:53,0,1,0,0,0,0,-1,0
2015-02-27 12:07:53,0,1,0,0,0,0,-1,0
2015-02-27 12:12:53,0,1,0,0,0,0,-1,0
2015-02-27 12:17:53,0,1,0,0,0,0,-1,0
2015-02-27 12:22:53,0,1,0,0,0,0,-1,0
2015-02-27 12:27:53,1,1,0,0,0,0,-1,0
2015-02-27 12:32:53,0,1,0,0,0,0,-1,0
2015-02-27 12:37:53,0,1,0,0,0,0,-1,0
2015-02-27 12:42:53,0,1,0,0,0,0,-1,0
2015-02-27 12:47:53,0,1,0,0,0,0,-1,0
2015-02-27 12:52:53,0,1,0,0,0,0,-1,0
2015-02-27 12:57:53,1,1,0,0,0,0,-1,0
2015-02-27 13:02:53,0,1,0,0,0,0,-1,0
2015-02-27 13:07:53,0,1,0,0,0,0,-1,0
2015-02-27 13:12:53,2,1,0,0,0,0,-1,0
2015-02-27 13:17:53,0,1,0,0,0,0,-1,0
2015-02-27 13:22:53,0,1,0,0,0,0,-1,0
2015-02-27 13:27:53,0,1,0,0,0,0,-1,0
2015-02-27 13:32:53,1,1,0,0,0,0,-1,0
2015-02-27 13:37:53,1,1,0,0,0,0,-1,0
2015-02-27 13:42:53,1,1,0,0,0,0,-1,0
2015-02-27 13:47:53,0,1,0,0,0,0,-1,0
2015-02-27 13:52:53,1,1,0,0,0,0,-1,0
2015-02-27 13:57:53,0,1,0,0,0,0,-1,0
2015-02-27 14:02:53,0,1,0,0,0,0,-1,0
2015-02-27 14:07:53,0,1,0,0,0,0,-1,0
2015-02-27 14:12:53,0,1,0,0,0,0,-1,0
2015-02-27 14:17:53,0,1,0,0,0,0,-1,0
2015-02-27 14:22:53,0,1,0,0,0,0,-1,0
2015-02-27 14:27:53,0,1,0,0,0,0,-1,0
2015-02-27 14:32:53,0,1,0,0,0,0,-1,0
2015-02-27 14:37:53,0,1,0,0,0,0,-1,0
2015-02-27 14:42:53,0,1,0,0,0,0,-1,0
2015-02-27 14:47:53,0,1,0,0,0,0,-1,0
2015-02-27 14:52:53,0,1,0,0,0,0,-1,0
2015-02-27 14:57:53,0,1,0,0,0,0,-1,0
2015-02-27 15:02:53,0,1,0,0,0,0,-1,0
2015-02-27 15:07:53,0,1,0,0,0,0,-1,0
2015-02-27 15:12:53,1,1,0,0,0,0,-1,0
2015-02-27 15:17:53,1,1,0,0,0,0,-1,0
2015-02-27 15:22:53,0,1,0,0,0,0,-1,0
2015-02-27 15:27:53,0,1,0,0,0,0,-1,0
2015-02-27 15:32:53,0,1,0,0,0,0,-1,0
2015-02-27 15:37:53,0,1,0,0,0,0,-1,0
2015-02-27 15:42:53,2,1,0,0,0,0,-1,0
2015-02-27 15:47:53,0,1,0,0,0,0,-1,0
2015-02-27 15:52:53,0,1,0,0,0,0,-1,0
2015-02-27 15:57:53,0,1,0,0,0,0,-1,0
2015-02-27 16:02:53,0,1,0,0,0,0,-1,0
2015-02-27 16:07:53,0,1,0,0,0,0,-1,0
2015-02-27 16:12:53,0,1,0,0,0,0,-1,0
2015-02-27 16:17:53,0,1,0,0,0,0,-1,0
2015-02-27 16:22:53,1,1,0,0,0,0,-1,0
2015-02-27 16:27:53,0,1,0,0,0,0,-1,0
2015-02-27 16:32:53,1,1,0,0,0,0,-1,0
2015-02-27 16:37:53,0,1,0,0,0,0,-1,0
2015-02-27 16:42:53,0,1,0,0,0,0,-1,0
2015-02-27 16:47:53,2,1,0,0,0,0,-1,0
2015-02-27 16:52:53,0,1,0,0,0,0,-1,0
2015-02-27 16:57:53,6,1,0,0,0,0,-1,0
2015-02-27 17:02:53,2,1,0,0,0,0,-1,0
2015-02-27 17:07:53,1,1,0,0,0,0,-1,0
2015-02-27 17:12:53,0,1,0,0,0,0,-1,0
2015-02-27 17:17:53,1,1,0,0,0,0,-1,0
2015-02-27 17:22:53,0,1,0,0,0,0,-1,0
2015-02-27 17:27:53,0,1,0,0,0,0,-1,0
2015-02-27 17:32:53,1,1,0,0,0,0,-1,0
2015-02-27 17:37:53,2,1,0,0,0,0,-1,0
2015-02-27 17:42:53,0,1,0,0,0,0,-1,0
2015-02-27 17:47:53,0,1,0,0,0,0,-1,0
2015-02-27 17:52:53,0,1,0,0,0,0,-1,0
2015-02-27 17:57:53,0,1,0,0,0,0,-1,0
2015-02-27 18:02:53,1,1,0,0,0,0,-1,0
2015-02-27 18:07:53,0,1,0,0,0,0,-1,0
2015-02-27 18:12:53,0,1,0,0,0,0,-1,0
2015-02-27 18:17:53,0,1,0,0,0,0,-1,0
2015-02-27 18:22:53,0,1,0,0,0,0,-1,0
2015-02-27 18:27:53,0,1,0,0,0,0,-1,0
2015-02-27 18:32:53,0,1,0,0,0,0,-1,0
2015-02-27 18:37:53,0,1,0,0,0,0,-1,0
2015-02-27 18:42:53,0,1,0,0,0,0,-1,0
2015-02-27 18:47:53,0,1,0,0,0,0,-1,0
2015-02-27 18:52:53,0,1,0,0,0,0,-1,0
2015-02-27 18:57:53,0,1,0,0,0,0,-1,0
2015-02-27 19:02:53,0,1,0,0,0,0,-1,0
2015-02-27 19:07:53,0,1,0,0,0,0,-1,0
2015-02-27 19:12:53,0,1,0,0,0,0,-1,0
2015-02-27 19:17:53,1,1,0,0,0,0,-1,0
2015-02-27 19:22:53,1,1,0,0,0,0,-1,0
2015-02-27 19:27:53,2,1,0,0,0,0,-1,0
2015-02-27 19:32:53,1,1,0,0,0,0,-1,0
2015-02-27 19:37:53,0,1,0,0,0,0,-1,0
2015-02-27 19:42:53,0,1,0,0,0,0,-1,0
2015-02-27 19:47:53,0,1,0,0,0,0,-1,0
2015-02-27 19:52:53,0,1,0,0,0,0,-1,0
2015-02-27 19:57:53,0,1,0,0,0,0,-1,0
2015-02-27 20:02:53,0,1,0,0,0,0,-1,0
2015-02-27 20:07:53,0,1,0,0,0,0,-1,0
2015-02-27 20:12:53,0,1,0,0,0,0,-1,0
2015-02-27 20:17:53,1,1,0,0,0,0,-1,0
2015-02-27 20:22:53,0,1,0,0,0,0,-1,0
2015-02-27 20:27:53,0,1,0,0,0,0,-1,0
2015-02-27 20:32:53,0,1,0,0,0,0,-1,0
2015-02-27 20:37:53,0,1,0,0,0,0,-1,0
2015-02-27 20:42:53,0,1,0,0,0,0,-1,0
2015-02-27 20:47:53,0,1,0,0,0,0,-1,0
2015-02-27 20:52:53,1,1,0,0,0,0,-1,0
2015-02-27 20:57:53,0,1,0,0,0,0,-1,0
2015-02-27 21:02:53,0,1,0,0,0,0,-1,0
2015-02-27 21:07:53,0,1,0,0,0,0,-1,0
2015-02-27 21:12:53,0,1,0,0,0,0,-1,0
2015-02-27 21:17:53,0,1,0,0,0,0,-1,0
2015-02-27 21:22:53,0,1,0,0,0,0,-1,0
2015-02-27 21:27:53,0,1,0,0,0,0,-1,0
2015-02-27 21:32:53,0,1,0,0,0,0,-1,0
2015-02-27 21:37:53,0,1,0,0,0,0,-1,0
2015-02-27 21:42:53,0,1,0,0,0,0,-1,0
2015-02-27 21:47:53,1,1,0,0,0,0,-1,0
2015-02-27 21:52:53,0,1,0,0,0,0,-1,0
2015-02-27 21:57:53,0,1,0,0,0,0,-1,0
2015-02-27 22:02:53,0,1,0,0,0,0,-1,0
2015-02-27 22:07:53,0,1,0,0,0,0,-1,0
2015-02-27 22:12:53,0,1,0,0,0,0,-1,0
2015-02-27 22:17:53,0,1,0,0,0,0,-1,0
2015-02-27 22:22:53,0,1,0,0,0,0,-1,0
2015-02-27 22:27:53,0,1,0,0,0,0,-1,0
2015-02-27 22:32:53,0,1,0,0,0,0,-1,0
2015-02-27 22:37:53,0,1,0,0,0,0,-1,0
2015-02-27 22:42:53,0,1,0,0,0,0,-1,0
2015-02-27 22:47:53,0,1,0,0,0,0,-1,0
2015-02-27 22:52:53,0,1,0,0,0,0,-1,0
2015-02-27 22:57:53,0,1,0,0,0,0,-1,0
2015-02-27 23:02:53,0,1,0,0,0,0,-1,0
2015-02-27 23:07:53,0,1,0,0,0,0,-1,0
2015-02-27 23:12:53,0,1,0,0,0,0,-1,0
2015-02-27 23:17:53,0,1,0,0,0,0,-1,0
2015-02-27 23:22:53,0,1,0,0,0,0,-1,0
2015-02-27 23:27:53,1,1,0,0,0,0,-1,0
2015-02-27 23:32:53,0,1,0,0,0,0,-1,0
2015-02-27 23:37:53,0,1,0,0,0,0,-1,0
2015-02-27 23:42:53,0,1,0,0,0,0,-1,0
2015-02-27 23:47:53,0,1,0,0,0,0,-1,0
2015-02-27 23:52:53,0,1,0,0,0,0,-1,0
2015-02-27 23:57:53,0,1,0,0,0,0,-1,0
2015-02-28 00:02:53,0,1,0,0,0,0,-1,0
2015-02-28 00:07:53,1,1,0,0,0,0,-1,0
2015-02-28 00:12:53,0,1,0,0,0,0,-1,0
2015-02-28 00:17:53,0,1,0,0,0,0,-1,0
2015-02-28 00:22:53,0,1,0,0,0,0,-1,0
2015-02-28 00:27:53,0,1,0,0,0,0,-1,0
2015-02-28 00:32:53,0,1,0,0,0,0,-1,0
2015-02-28 00:37:53,0,1,0,0,0,0,-1,0
2015-02-28 00:42:53,0,1,0,0,0,0,-1,0
2015-02-28 00:47:53,0,1,0,0,0,0,-1,0
2015-02-28 00:52:53,1,1,0,0,0,0,-1,0
2015-02-28 00:57:53,0,1,0,0,0,0,-1,0
2015-02-28 01:02:53,0,1,0,0,0,0,-1,0
2015-02-28 01:07:53,1,1,0,0,0,0,-1,0
2015-02-28 01:12:53,0,1,0,0,0,0,-1,0
2015-02-28 01:17:53,0,1,0,0,0,0,-1,0
2015-02-28 01:22:53,0,1,0,0,0,0,-1,0
2015-02-28 01:27:53,1,1,0,0,0,0,-1,0
2015-02-28 01:32:53,0,1,0,0,0,0,-1,0
2015-02-28 01:37:53,0,1,0,0,0,0,-1,0
2015-02-28 01:42:53,1,1,0,0,0,0,-1,0
2015-02-28 01:47:53,1,1,0,0,0,0,-1,0
2015-02-28 01:52:53,0,1,0,0,0,0,-1,0
2015-02-28 01:57:53,0,1,0,0,0,0,-1,0
2015-02-28 02:02:53,0,1,0,0,0,0,-1,0
2015-02-28 02:07:53,0,1,0,0,0,0,-1,0
2015-02-28 02:12:53,0,1,0,0,0,0,-1,0
2015-02-28 02:17:53,0,1,0,0,0,0,-1,0
2015-02-28 02:22:53,0,1,0,0,0,0,-1,0
2015-02-28 02:27:53,0,1,0,0,0,0,-1,0
2015-02-28 02:32:53,0,1,0,0,0,0,-1,0
2015-02-28 02:37:53,0,1,0,0,0,0,-1,0
2015-02-28 02:42:53,0,1,0,0,0,0,-1,0
2015-02-28 02:47:53,3,1,0,0,0,0,-1,0
2015-02-28 02:52:53,0,1,0,0,0,0,-1,0
2015-02-28 02:57:53,0,1,0,0,0,0,-1,0
2015-02-28 03:02:53,0,1,0,0,0,0,-1,0
2015-02-28 03:07:53,0,1,0,0,0,0,-1,0
2015-02-28 03:12:53,0,1,0,0,0,0,-1,0
2015-02-28 03:17:53,0,1,0,0,0,0,-1,0
2015-02-28 03:22:53,0,1,0,0,0,0,-1,0
2015-02-28 03:27:53,0,1,0,0,0,0,-1,0
2015-02-28 03:32:53,2,1,0,0,0,0,-1,0
2015-02-28 03:37:53,0,1,0,0,0,0,-1,0
2015-02-28 03:42:53,0,1,0,0,0,0,-1,0
2015-02-28 03:47:53,0,1,0,0,0,0,-1,0
2015-02-28 03:52:53,1,1,0,0,0,0,-1,0
2015-02-28 03:57:53,0,1,0,0,0,0,-1,0
2015-02-28 04:02:53,0,1,0,0,0,0,-1,0
2015-02-28 04:07:53,0,1,0,0,0,0,-1,0
2015-02-28 04:12:53,0,1,0,0,0,0,-1,0
2015-02-28 04:17:53,2,1,0,0,0,0,-1,0
2015-02-28 04:22:53,0,1,0,0,0,0,-1,0
2015-02-28 04:27:53,0,1,0,0,0,0,-1,0
2015-02-28 04:32:53,1,1,0,0,0,0,-1,0
2015-02-28 04:37:53,0,1,0,0,0,0,-1,0
2015-02-28 04:42:53,1,1,0,0,0,0,-1,0
2015-02-28 04:47:53,0,1,0,0,0,0,-1,0
2015-02-28 04:52:53,0,1,0,0,0,0,-1,0
2015-02-28 04:57:53,0,1,0,0,0,0,-1,0
2015-02-28 05:02:53,0,1,0,0,0,0,-1,0
2015-02-28 05:07:53,1,1,0,0,0,0,-1,0
2015-02-28 05:12:53,0,1,0,0,0,0,-1,0
2015-02-28 05:17:53,0,1,0,0,0,0,-1,0
2015-02-28 05:22:53,0,1,0,0,0,0,-1,0
2015-02-28 05:27:53,0,1,0,0,0,0,-1,0
2015-02-28 05:32:53,0,1,0,0,0,0,-1,0
2015-02-28 05:37:53,0,1,0,0,0,0,-1,0
2015-02-28 05:42:53,0,1,0,0,0,0,-1,0
2015-02-28 05:47:53,0,1,0,0,0,0,-1,0
2015-02-28 05:52:53,2,1,0,0,0,0,-1,0
2015-02-28 05:57:53,0,1,0,0,0,0,-1,0
2015-02-28 06:02:53,1,1,0,0,0,0,-1,0
2015-02-28 06:07:53,0,1,0,0,0,0,-1,0
2015-02-28 06:12:53,1,1,0,0,0,0,-1,0
2015-02-28 06:17:53,5,1,0,0,0,0,-1,0
2015-02-28 06:22:53,0,1,0,0,0,0,-1,0
2015-02-28 06:27:53,2,1,0,0,0,0,-1,0
2015-02-28 06:32:53,0,1,0,0,0,0,-1,0
2015-02-28 06:37:53,0,1,0,0,0,0,-1,0
2015-02-28 06:42:53,1,0,1.02365,0,0,1,-1,0
2015-02-28 06:47:53,0,0,1.7656,0,0,1,-1,0
2015-02-28 06:52:53,0,0,1.97654,0,0,1,-1,0
2015-02-28 06:57:53,0,0,1.73784,0,0,1,-1,0
2015-02-28 07:02:53,0,0,1.83103,0,10.9877,1,-1,0
2015-02-28 07:07:53,0,0,1.84603,0,11.2363,1,-1,0
2015-02-28 07:12:53,0,0,1.69172,0,10.7216,1,-1,0
2015-02-28 07:17:53,0,0,1.88614,0,10.8769,1,-1,0
2015-02-28 07:22:53,0,0,1.77348,0,10.8077,1,-1,0
2015-02-28 07:27:53,0,0,1.73517,0,10.6209,1,-1,0
2015-02-28 07:32:53,0,0,1.96591,0,10.9405,1,-1,0
2015-02-28 07:37:53,0,0,1.70136,0,10.7567,1,-1,0
2015-02-28 07:42:53,0,0,1.78927,0,10.8387,1,-1,0
2015-02-28 07:47:53,0,0,1.88022,0,11.0897,1,-1,0
2015-02-28 07:52:53,0,0,1.81317,0,10.5628,1,-1,0
2015-02-28 07:57:53,0,0,1.90064,0,10.9414,1,-1,0
2015-02-28 08:02:53,0,0,1.81576,0,11.1677,1,-1,0
2015-02-28 08:07:53,0,0,1.72443,0,11.0566,1,-1,0
2015-02-28 08:12:53,0,0,1.94995,0,11.0579,1,-1,0
2015-02-28 08:17:53,0,0,1.74957,0,10.8461,1,-1,0
2015-02-28 08:22:53,0,0,1.87896,0,10.8228,1,-1,0
2015-02-28 08:27:53,0,0,1.792,0,11.2279,1,-1,0
2015-02-28 08:32:53,0,0,1.73972,0,10.7986,1,-1,0
2015-02-28 08:37:53,0,0,1.97831,0,10.9606,1,-1,0
2015-02-28 08:42:53,0,0,1.7137,0,10.8338,1,-1,0
2015-02-28 08:47:53,0,0,1.91501,0,10.8895,1,-1,0
2015-02-28 08:52:53,0,0,1.73439,0,11.2773,1,-1,0
2015-02-28 08:57:53,1,0,1.83448,0,9.70551,1,-1,0
2015-02-28 09:02:53,0,0,1.81633,0,9.04831,1,-1,0
2015-02-28 09:07:53,1,0,1.79032,0,6.68847,1,-1,0
2015-02-28 09:12:53,0,0,1.76456,0,8.92643,1,-1,0
2015-02-28 09:17:53,0,0,1.83311,0,7.79418,1,-1,0
2015-02-28 09:22:53,0,0,1.81889,0,10.7332,1,-1,0
2015-02-28 09:27:53,0,0,1.74255,0,10.7788,1,-1,0
2015-02-28 09:32:53,0,0,1.96999,0,10.8797,1,-1,0
2015-02-28 09:37:53,0,0,1.71859,0,10.9118,1,-1,0
2015-02-28 09:42:53,0,0,1.90837,0,10.8862,1,-1,0
2015-02-28 09:47:53,0,0,1.76571,0,11.2555,1,-1,0
2015-02-28 09:52:53,0,0,1.79161,0,10.7382,1,-1,0
2015-02-28 09:57:53,3,0,1.87132,0,10.4649,1,-1,0
2015-02-28 10:02:53,0,0,1.73217,0,9.58524,1,-1,0
2015-02-28 10:07:53,1,0,1.87097,0,8.09999,1,-1,0
2015-02-28 10:12:53,0,0,1.83575,0,8.94927,1,-1,0
2015-02-28 10:17:53,0,0,1.74045,0,7.77421,1,-1,0
2015-02-28 10:22:53,0,0,1.93763,0,11.0249,1,-1,0
2015-02-28 10:27:53,0,0,1.7048,0,10.9258,1,-1,0
2015-02-28 10:32:53,0,0,1.84814,0,10.8014,1,-1,0
2015-02-28 10:37:53,0,0,1.87145,0,11.0706,1,-1,0
2015-02-28 10:42:53,0,0,1.75667,0,10.6821,1,-1,0
2015-02-28 10:47:53,0,0,1.85244,0,11.044,1,-1,0
2015-02-28 10:52:53,0,0,1.77044,0,10.9801,1,-1,0
2015-02-28 10:57:53,1,0,1.76936,0,9.74535,1,-1,0
2015-02-28 11:02:53,0,0,1.88529,0,8.86758,1,-1,0
2015-02-28 11:07:53,0,0,1.73348,0,7.73535,1,-1,0
2015-02-28 11:12:53,0,0,1.81229,0,10.8121,1,-1,0
2015-02-28 11:17:53,0,0,1.84739,0,10.9351,1,-1,0
2015-02-28 11:22:53,0,0,1.77786,0,10.6724,1,-1,0
2015-02-28 11:27:53,0,0,1.89524,0,10.9095,1,-1,0
2015-02-28 11:32:53,0,0,1.83205,0,10.9931,1,-1,0
2015-02-28 11:37:53,0,0,1.88775,0,10.9561,1,-1,0
2015-02-28 11:42:53,0,0,1.82664,0,11.2376,1,-1,0
2015-02-28 11:47:53,0,0,1.7552,0,11.0983,1,-1,0
2015-02-28 11:52:53,0,0,1.86992,0,11.0717,1,-1,0
2015-02-28 11:57:53,0,0,1.7666,0,10.8602,1,-1,0
2015-02-28 12:02:53,3,0,1.80903,0,10.2389,1,-1,0
2015-02-28 12:07:53,0,0,1.73494,0,9.8856,1,-1,0
2015-02-28 12:12:53,0,0,1.92719,0,9.05319,1,-1,0
2015-02-28 12:17:53,0,0,1.78771,0,10.8241,1,-1,0
2015-02-28 12:22:53,0,0,1.82472,0,10.8469,1,-1,0
2015-02-28 12:27:53,0,0,1.9667,0,11.1817,1,-1,0
2015-02-28 12:32:53,0,0,1.6559,0,10.9793,1,-1,0
2015-02-28 12:37:53,0,0,1.99491,0,11.0634,1,-1,0
2015-02-28 12:42:53,0,0,1.76822,0,11.2068,1,-1,0
2015-02-28 12:47:53,0,0,1.7567,0,10.7257,1,-1,0
2015-02-28 12:52:53,0,0,1.84654,0,11.2779,1,-1,0
2015-02-28 12:57:53,0,0,1.68332,0,10.6646,1,-1,0
2015-02-28 13:02:53,0,0,1.87238,0,10.6465,1,-1,0
2015-02-28 13:07:53,0,0,1.79486,0,10.7786,1,-1,0
2015-02-28 13:12:53,1,0,1.77017,0,9.58957,1,-1,0
2015-02-28 13:17:53,0,0,1.89293,0,8.97704,1,-1,0
2015-02-28 13:22:53,0,0,1.78991,0,7.81785,1,-1,0
2015-02-28 13:27:53,0,0,1.80525,0,10.8863,1,-1,0
2015-02-28 13:32:53,0,0,1.8007,0,11.0638,1,-1,0
2015-02-28 13:37:53,0,0,1.87678,0,10.7809,1,-1,0
2015-02-28 13:42:53,0,0,1.84149,0,10.8939,1,-1,0
2015-02-28 13:47:53,0,0,1.79888,0,10.9972,1,-1,0
2015-02-28 13:52:53,0,0,1.78695,0,11.1122,1,-1,0
2015-02-28 13:57:53,0,0,1.83832,0,10.9092,1,-1,0
2015-02-28 14:02:53,0,0,1.8338,0,10.8089,1,-1,0
2015-02-28 14:07:53,1,0,1.74614,0,9.87128,1,-1,0
2015-02-28 14:12:53,0,0,1.80762,0,8.92869,1,-1,0
2015-02-28 14:17:53,1,0,1.86492,0,6.80129,1,-1,0
2015-02-28 14:22:53,0,0,1.75746,0,8.71858,1,-1,0
2015-02-28 14:27:53,0,0,1.91854,0,7.91017,1,-1,0
2015-02-28 14:32:53,0,0,1.8158,0,11.0282,1,-1,0
2015-02-28 14:37:53,0,0,1.72067,0,10.9253,1,-1,0
2015-02-28 14:42:53,0,0,1.93344,0,11.1079,1,-1,0
2015-02-28 14:47:53,1,0,1.76369,0,9.82216,1,-1,0
2015-02-28 14:52:53,0,0,1.75234,0,8.79258,1,-1,0
2015-02-28 14:57:53,0,0,1.90076,0,8.08006,1,-1,0
2015-02-28 15:02:53,1,0,1.67885,0,9.69652,1,-1,0
2015-02-28 15:07:53,0,0,1.90168,0,8.73738,1,-1,0
2015-02-28 15:12:53,0,0,1.79961,0,7.96165,1,-1,0
2015-02-28 15:17:53,0,0,1.81166,0,10.6395,1,-1,0
2015-02-28 15:22:53,0,0,1.89329,0,11.1159,1,-1,0
2015-02-28 15:27:53,0,0,1.77949,0,10.9154,1,-1,0
2015-02-28 15:32:53,0,0,1.80586,0,11.0011,1,-1,0
2015-02-28 15:37:53,0,0,1.80335,0,11.0447,1,-1,0
2015-02-28 15:42:53,1,0,1.86344,0,9.75355,1,-1,0
2015-02-28 15:47:53,0,0,1.7968,0,8.88772,1,-1,0
2015-02-28 15:52:53,0,0,1.83065,0,7.93373,1,-1,0
2015-02-28 15:57:53,0,0,1.80823,0,11.0146,1,-1,0
2015-02-28 16:02:53,0,0,1.82073,0,10.8599,1,-1,0
2015-02-28 16:07:53,1,0,1.83799,0,9.92914,1,-1,0
2015-02-28 16:12:53,0,0,1.70798,0,8.90414,1,-1,0
2015-02-28 16:17:53,0,0,1.91692,0,7.84614,1,-1,0
2015-02-28 16:22:53,1,0,1.75269,0,9.84685,1,-1,0
2015-02-28 16:27:53,0,0,1.84924,0,8.71048,1,-1,0
2015-02-28 16:32:53,1,0,1.89331,0,7.10538,1,-1,0
2015-02-28 16:37:53,0,0,1.73936,0,8.84986,1,-1,0
2015-02-28 16:42:53,1,0,1.87732,0,7.07369,1,-1,0
2015-02-28 16:47:53,2,0,1.86919,0,7.28134,1,-1,0
2015-02-28 16:52:53,0,0,1.72353,0,4.33263,1,-1,0
2015-02-28 16:57:53,0,0,1.90828,0,6.05375,1,-1,0
2015-02-28 17:02:53,0,0,1.74548,0,11.0492,1,-1,0
2015-02-28 17:07:53,0,0,1.90704,0,10.7326,1,-1,0
2015-02-28 17:12:53,0,0,1.86108,0,11.1228,1,-1,0
2015-02-28 17:17:53,0,0,1.69389,0,10.9116,1,-1,0
2015-02-28 17:22:53,0,0,2.02785,0,11.1372,1,-1,0
2015-02-28 17:27:53,0,0,1.69251,0,10.9989,1,-1,0
2015-02-28 17:32:53,0,0,1.87408,0,10.8299,1,-1,0
2015-02-28 17:37:53,0,0,1.77237,0,11.3426,1,-1,0
2015-02-28 17:42:53,0,0,1.75457,0,10.5981,1,-1,0
2015-02-28 17:47:53,0,0,1.86972,0,10.9215,1,-1,0
2015-02-28 17:52:53,1,0,1.77468,0,9.69595,1,-1,0
2015-02-28 17:57:53,1,0,1.71344,0,7.77782,1,-1,0
2015-02-28 18:02:53,0,0,1.99121,0,5.87196,1,-1,0
2015-02-28 18:07:53,1,0,1.73761,0,6.74214,1,-1,0
2015-02-28 18:12:53,0,0,1.82215,0,8.86036,1,-1,0
2015-02-28 18:17:53,0,0,1.94557,0,8.271,1,-1,0
2015-02-28 18:22:53,0,0,1.74368,0,10.8027,1,-1,0
2015-02-28 18:27:53,0,0,1.96848,0,11.1013,1,-1,0
2015-02-28 18:32:53,1,0,1.77979,0,10.2926,1,-1,0
2015-02-28 18:37:53,0,0,1.75008,0,8.94779,1,-1,0
2015-02-28 18:42:53,0,0,1.96161,0,8.2151,1,-1,0
2015-02-28 18:47:53,0,0,1.7166,0,10.8011,1,-1,0
2015-02-28 18:52:53,0,0,1.83844,0,10.8901,1,-1,0
2015-02-28 18:57:53,0,0,1.84306,0,11.1565,1,-1,0
2015-02-28 19:02:53,0,0,1.70675,0,10.6697,1,-1,0
2015-02-28 19:07:53,0,0,1.94669,0,10.9082,1,-1,0
2015-02-28 19:12:53,0,0,1.77916,0,10.8894,1,-1,0
2015-02-28 19:17:53,0,0,1.79,0,10.7928,1,-1,0
2015-02-28 19:22:53,0,0,1.83543,0,11.1884,1,-1,0
2015-02-28 19:27:53,0,0,1.7792,0,10.7529,1,-1,0
2015-02-28 19:32:53,0,0,1.83031,0,10.8201,1,-1,0
2015-02-28 19:37:53,0,0,1.85499,0,10.895,1,-1,0
2015-02-28 19:42:53,0,0,1.66554,0,10.8532,1,-1,0
2015-02-28 19:47:53,0,0,1.96755,0,10.8665,1,-1,0
2015-02-28 19:52:53,0,0,1.79699,0,10.8636,1,-1,0
2015-02-28 19:57:53,0,0,1.70878,0,10.7287,1,-1,0
2015-02-28 20:02:53,0,0,1.97043,0,11.2054,1,-1,0
2015-02-28 20:07:53,0,0,1.7616,0,10.779,1,-1,0
2015-02-28 20:12:53,0,0,1.86157,0,10.8288,1,-1,0
2015-02-28 20:17:53,0,0,1.83506,0,11.2961,1,-1,0
2015-02-28 20:22:53,0,0,1.72994,0,10.843,1,-1,0
2015-02-28 20:27:53,0,0,1.9671,0,10.9848,1,-1,0
2015-02-28 20:32:53,0,0,1.74193,0,10.9322,1,-1,0
2015-02-28 20:37:53,0,0,1.80026,0,10.866,1,-1,0
2015-02-28 20:42:53,0,0,1.85862,0,11.1854,1,-1,0
2015-02-28 20:47:53,2,0,1.68175,0,8.96767,1,-1,0
2015-02-28 20:52:53,0,0,1.86809,0,7.36528,1,-1,0
2015-02-28 20:57:53,0,0,1.82808,0,5.65573,1,-1,0
2015-02-28 21:02:53,0,0,1.73617,0,10.6095,1,-1,0
2015-02-28 21:07:53,0,0,1.86793,0,10.9966,1,-1,0
2015-02-28 21:12:53,1,0,1.87977,0,9.82452,1,-1,0
2015-02-28 21:17:53,0,0,1.71597,0,8.82413,1,-1,0
2015-02-28 21:22:53,0,0,1.95241,0,8.07929,1,-1,0
2015-02-28 21:27:53,0,0,1.69616,0,11.0237,1,-1,0
2015-02-28 21:32:53,0,0,1.89644,0,10.7489,1,-1,0
2015-02-28 21:37:53,1,0,1.81401,0,10.146,1,-1,0
2015-02-28 21:42:53,0,0,1.64608,0,8.69538,1,-1,0
2015-02-28 21:47:53,0,0,2.03602,0,7.96342,1,-1,0
2015-02-28 21:52:53,0,0,1.78888,0,10.7702,1,-1,0
2015-02-28 21:57:53,0,0,1.72699,0,10.7992,1,-1,0
2015-02-28 22:02:53,0,0,1.94681,0,11.4128,1,-1,0
2015-02-28 22:07:53,0,0,1.62712,0,10.7674,1,-1,0
2015-02-28 22:12:53,0,0,1.89931,0,10.7017,1,-1,0
2015-02-28 22:17:53,1,0,1.84628,0,9.994,1,-1,0
2015-02-28 22:22:53,0,0,1.70971,0,8.52628,1,-1,0
2015-02-28 22:27:53,0,0,2.01986,0,8.10021,1,-1,0
2015-02-28 22:32:53,0,0,1.65307,0,10.9781,1,-1,0
2015-02-28 22:37:53,0,0,1.81703,0,10.8219,1,-1,0
2015-02-28 22:42:53,0,0,1.93907,0,11.1827,1,-1,0
2015-02-28 22:47:53,0,0,1.6539,0,10.5323,1,-1,0
2015-02-28 22:52:53,0,0,1.94101,0,10.9831,1,-1,0
2015-02-28 22:57:53,0,0,1.80405,0,11.066,1,-1,0
2015-02-28 23:02:53,0,0,1.7198,0,10.6478,1,-1,0
2015-02-28 23:07:53,1,0,1.95577,0,10.1509,1,-1,0
2015-02-28 23:12:53,1,0,1.72107,0,7.80753,1,-1,0
2015-02-28 23:17:53,0,0,1.93831,0,5.792,1,-1,0
2015-02-28 23:22:53,0,0,1.81589,0,8.24774,1,-1,0
2015-02-28 23:27:53,0,0,1.67634,0,10.8557,1,-1,0
2015-02-28 23:32:53,0,0,2.0265,0,11.123,1,-1,0
2015-02-28 23:37:53,0,0,1.68537,0,10.8269,1,-1,0
2015-02-28 23:42:53,0,0,1.8446,0,10.7674,1,-1,0
2015-02-28 23:47:53,0,0,1.81523,0,11.2948,1,-1,0
2015-02-28 23:52:53,0,0,1.82876,0,10.5606,1,-1,0
2015-02-28 23:57:53,0,0,1.84007,0,10.993,1,-1,0
2015-03-01 00:02:53,0,0,1.81123,0,10.9433,1,-1,0
2015-03-01 00:07:53,0,0,1.78678,0,10.9777,1,-1,0
2015-03-01 00:12:53,0,0,1.84272,0,10.9295,1,-1,0
2015-03-01 00:17:53,0,0,1.79316,0,10.85,1,-1,0
2015-03-01 00:22:53,0,0,1.75509,0,10.8389,1,-1,0
2015-03-01 00:27:53,0,0,1.89054,0,10.8695,1,-1,0
2015-03-01 00:32:53,0,0,1.72869,0,10.7802,1,-1,0
2015-03-01 00:37:53,0,0,1.83469,0,10.775,1,-1,0
2015-03-01 00:42:53,0,0,1.85938,0,10.9637,1,-1,0
2015-03-01 00:47:53,0,0,1.81764,0,10.7148,1,-1,0
2015-03-01 00:52:53,0,0,1.88055,0,11.0405,1,-1,0
2015-03-01 00:57:53,0,0,1.79232,0,11.094,1,-1,0
2015-03-01 01:02:53,1,0,1.76349,0,10.0064,1,-1,0
2015-03-01 01:07:53,0,0,1.84727,0,8.98979,1,-1,0
2015-03-01 01:12:53,0,0,1.79288,0,7.75122,1,-1,0
2015-03-01 01:17:53,0,0,1.81493,0,10.7779,1,-1,0
2015-03-01 01:22:53,0,0,1.81899,0,10.9425,1,-1,0
2015-03-01 01:27:53,0,0,1.75436,0,10.8275,1,-1,0
2015-03-01 01:32:53,0,0,1.92361,0,10.8371,1,-1,0
2015-03-01 01:37:53,0,0,1.83192,0,10.8893,1,-1,0
2015-03-01 01:42:53,0,0,1.77036,0,10.9422,1,-1,0
2015-03-01 01:47:53,0,0,1.85039,0,11.205,1,-1,0
2015-03-01 01:52:53,0,0,1.76283,0,10.8869,1,-1,0
2015-03-01 01:57:53,0,0,1.83909,0,10.7747,1,-1,0
2015-03-01 02:02:53,0,0,1.74433,0,10.9159,1,-1,0
2015-03-01 02:07:53,0,0,1.79555,0,10.711,1,-1,0
2015-03-01 02:12:53,0,0,1.80444,0,10.8015,1,-1,0
2015-03-01 02:17:53,0,0,1.82346,0,10.6285,1,-1,0
2015-03-01 02:22:53,0,0,1.81681,0,10.819,1,-1,0
2015-03-01 02:27:53,0,0,1.85166,0,10.877,1,-1,0
2015-03-01 02:32:53,1,0,1.73742,0,9.95565,1,-1,0
2015-03-01 02:37:53,0,0,1.86042,0,8.89116,1,-1,0
2015-03-01 02:42:53,0,0,1.87878,0,7.89023,1,-1,0
2015-03-01 02:47:53,0,0,1.80577,0,10.8119,1,-1,0
2015-03-01 02:52:53,0,0,1.80391,0,11.1446,1,-1,0
2015-03-01 02:57:53,0,0,1.85387,0,11.0518,1,-1,0
2015-03-01 03:02:53,0,0,1.79008,0,10.879,1,-1,0
2015-03-01 03:07:53,0,0,1.85656,0,10.9095,1,-1,0
2015-03-01 03:12:53,0,0,1.75723,0,10.9983,1,-1,0
2015-03-01 03:17:53,1,0,1.84203,0,9.8406,1,-1,0
2015-03-01 03:22:53,0,0,1.78338,0,8.92617,1,-1,0
2015-03-01 03:27:53,0,0,1.84604,0,7.73913,1,-1,0
2015-03-01 03:32:53,0,0,1.82654,0,10.9389,1,-1,0
2015-03-01 03:37:53,0,0,1.81319,0,10.8687,1,-1,0
2015-03-01 03:42:53,0,0,1.82438,0,11.0044,1,-1,0
2015-03-01 03:47:53,0,0,1.78508,0,10.9304,1,-1,0
2015-03-01 03:52:53,0,0,1.80399,0,10.8734,1,-1,0
2015-03-01 03:57:53,0,0,1.81694,0,10.8473,1,-1,0
2015-03-01 04:02:53,0,0,1.75771,0,10.7802,1,-1,0
2015-03-01 04:07:53,0,0,1.84035,0,10.8036,1,-1,0
2015-03-01 04:12:53,0,0,1.82674,0,10.8066,1,-1,0
2015-03-01 04:17:53,1,0,1.89158,0,9.78059,1,-1,0
2015-03-01 04:22:53,0,0,1.74783,0,9.06612,1,-1,0
2015-03-01 04:27:53,0,0,1.89027,0,8.01121,1,-1,0
2015-03-01 04:32:53,0,0,1.8133,0,11.0607,1,-1,0
2015-03-01 04:37:53,0,0,1.72824,0,10.8374,1,-1,0
2015-03-01 04:42:53,0,0,1.92818,0,11.0257,1,-1,0
2015-03-01 04:47:53,0,0,1.69715,0,10.8246,1,-1,0
2015-03-01 04:52:53,1,0,1.95921,0,9.73824,1,-1,0
2015-03-01 04:57:53,0,0,1.79314,0,9.13806,1,-1,0
2015-03-01 05:02:53,0,0,1.93007,0,7.80303,1,-1,0
2015-03-01 05:07:53,0,0,1.68785,0,11.394,1,-1,0
2015-03-01 05:12:53,0,0,1.85159,0,10.9274,1,-1,0
2015-03-01 05:17:53,1,0,1.85155,0,10.0175,1,-1,0
2015-03-01 05:22:53,0,0,1.70378,0,8.61828,1,-1,0
2015-03-01 05:27:53,0,0,1.91042,0,7.96166,1,-1,0
2015-03-01 05:32:53,0,0,1.76114,0,10.8726,1,-1,0
2015-03-01 05:37:53,0,0,1.86287,0,10.6933,1,-1,0
2015-03-01 05:42:53,0,0,1.77469,0,11.1164,1,-1,0
2015-03-01 05:47:53,0,0,1.85105,0,10.7839,1,-1,0
2015-03-01 05:52:53,0,0,1.84383,0,10.9891,1,-1,0
2015-03-01 05:57:53,0,0,1.84154,0,10.87,1,-1,0
2015-03-01 06:02:53,0,0,1.79373,0,11.0824,1,-1,0
2015-03-01 06:07:53,0,0,1.78454,0,11.0083,1,-1,0
2015-03-01 06:12:53,0,0,1.79909,0,10.8966,1,-1,0
2015-03-01 06:17:53,0,0,1.79349,0,10.7493,1,-1,0
2015-03-01 06:22:53,0,0,1.83699,0,10.7453,1,-1,0
2015-03-01 06:27:53,0,0,1.76386,0,10.8212,1,-1,0
2015-03-01 06:32:53,0,0,1.91074,0,10.8183,1,-1,0
2015-03-01 06:37:53,0,0,1.80787,0,10.9494,1,-1,0
2015-03-01 06:42:53,0,0,1.78866,0,10.9209,1,-1,0
2015-03-01 06:47:53,0,0,1.84442,0,11.1366,1,-1,0
2015-03-01 06:52:53,0,0,1.82414,0,10.8454,1,-1,0
2015-03-01 06:57:53,0,0,1.81964,0,10.879,1,-1,0
2015-03-01 07:02:53,0,0,1.87666,0,11.0012,1,-1,0
2015-03-01 07:07:53,0,0,1.66211,0,10.9884,1,-1,0
2015-03-01 07:12:53,0,0,1.91787,0,10.8743,1,-1,0
2015-03-01 07:17:53,0,0,1.78244,0,10.8721,1,-1,0
2015-03-01 07:22:53,0,0,1.85172,0,10.6045,1,-1,0
2015-03-01 07:27:53,0,0,1.72419,0,11.1702,1,-1,0
2015-03-01 07:32:53,0,0,1.84281,0,10.7749,1,-1,0
2015-03-01 07:37:53,0,0,1.92446,0,10.8463,1,-1,0
2015-03-01 07:42:53,0,0,1.71877,0,10.7826,1,-1,0
2015-03-01 07:47:53,0,0,1.88413,0,11.0961,1,-1,0
2015-03-01 07:52:53,0,0,1.71228,0,11.095,1,-1,0
2015-03-01 07:57:53,0,0,1.86222,0,10.6368,1,-1,0
2015-03-01 08:02:53,1,0,1.80964,0,9.93917,1,-1,0
2015-03-01 08:07:53,0,0,1.7583,0,8.6709,1,-1,0
2015-03-01 08:12:53,0,0,1.87085,0,7.96422,1,-1,0
2015-03-01 08:17:53,0,0,1.77649,0,10.8164,1,-1,0
2015-03-01 08:22:53,0,0,1.84953,0,10.7931,1,-1,0
2015-03-01 08:27:53,0,0,1.82782,0,11.0151,1,-1,0
2015-03-01 08:32:53,0,0,1.77623,0,10.8563,1,-1,0
2015-03-01 08:37:53,0,0,1.92965,0,10.9804,1,-1,0
2015-03-01 08:42:53,0,0,1.74486,0,10.9656,1,-1,0
2015-03-01 08:47:53,0,0,1.86132,0,10.9329,1,-1,0
2015-03-01 08:52:53,0,0,1.75721,0,11.14,1,-1,0
2015-03-01 08:57:53,0,0,1.77908,0,10.7144,1,-1,0
2015-03-01 09:02:53,0,0,1.85712,0,10.8775,1,-1,0
2015-03-01 09:07:53,0,0,1.77302,0,10.6869,1,-1,0
2015-03-01 09:12:53,0,0,1.76108,0,10.8245,1,-1,0
2015-03-01 09:17:53,0,0,1.87531,0,10.8785,1,-1,0
2015-03-01 09:22:53,0,0,1.79577,0,10.7165,1,-1,0
2015-03-01 09:27:53,0,0,1.80177,0,10.8296,1,-1,0
2015-03-01 09:32:53,0,0,1.74223,0,11.0192,1,-1,0
2015-03-01 09:37:53,0,0,1.91263,0,10.7331,1,-1,0
2015-03-01 09:42:53,0,0,1.81094,0,10.8024,1,-1,0
2015-03-01 09:47:53,0,0,1.78459,0,10.8629,1,-1,0
2015-03-01 09:52:53,0,0,1.81655,0,11.1443,1,-1,0
2015-03-01 09:57:53,0,0,1.82894,0,10.8185,1,-1,0
2015-03-01 10:02:53,0,0,1.86862,0,10.8158,1,-1,0
2015-03-01 10:07:53,0,0,1.74061,0,10.9761,1,-1,0
2015-03-01 10:12:53,0,0,1.7866,0,10.9647,1,-1,0
2015-03-01 10:17:53,0,0,1.81628,0,10.8737,1,-1,0
2015-03-01 10:22:53,0,0,1.94057,0,10.6113,1,-1,0
2015-03-01 10:27:53,0,0,1.77155,0,10.9329,1,-1,0
2015-03-01 10:32:53,0,0,1.91142,0,11.1015,1,-1,0
2015-03-01 10:37:53,0,0,1.71794,0,11.2762,1,-1,0
2015-03-01 10:42:53,0,0,1.84236,0,10.8554,1,-1,0
2015-03-01 10:47:53,0,0,1.84289,0,11.0125,1,-1,0
2015-03-01 10:52:53,0,0,1.70264,0,10.6814,1,-1,0
2015-03-01 10:57:53,0,0,1.83361,0,10.9155,1,-1,0
2015-03-01 11:02:53,1,0,1.74445,0,9.76757,1,-1,0
2015-03-01 11:07:53,0,0,1.79416,0,8.5196,1,-1,0
2015-03-01 11:12:53,0,0,1.88457,0,7.7839,1,-1,0
2015-03-01 11:17:53,0,0,1.82007,0,10.7062,1,-1,0
2015-03-01 11:22:53,0,0,1.80941,0,10.9717,1,-1,0
2015-03-01 11:27:53,0,0,1.91775,0,11.1033,1,-1,0
2015-03-01 11:32:53,0,0,1.66972,0,10.9968,1,-1,0
2015-03-01 11:37:53,1,0,1.935,0,9.93344,1,-1,0
2015-03-01 11:42:53,0,0,1.75508,0,9.02769,1,-1,0
2015-03-01 11:47:53,0,0,1.92906,0,7.63425,1,-1,0
2015-03-01 11:52:53,0,0,1.71364,0,11.2442,1,-1,0
2015-03-01 11:57:53,0,0,1.81797,0,10.837,1,-1,0
2015-03-01 12:02:53,0,0,1.86349,0,11.0324,1,-1,0
2015-03-01 12:07:53,0,0,1.77228,0,10.6404,1,-1,0
2015-03-01 12:12:53,2,0,1.84074,0,12.8092,1,-1,0
2015-03-01 12:17:53,0,0,1.73675,0,7.88664,1,-1,0
2015-03-01 12:22:53,0,0,1.96312,0,6.10138,1,-1,0
2015-03-01 12:27:53,0,0,1.68659,0,10.9588,1,-1,0
2015-03-01 12:32:53,0,0,1.84697,0,10.8231,1,-1,0
2015-03-01 12:37:53,0,0,1.89879,0,11.1095,1,-1,0
2015-03-01 12:42:53,0,0,1.73633,0,10.6525,1,-1,0
2015-03-01 12:47:53,0,0,1.91545,0,11.0748,1,-1,0
2015-03-01 12:52:53,2,0,1.79071,0,9.25358,1,-1,0
2015-03-01 12:57:53,0,0,1.73239,0,7.16881,1,-1,0
2015-03-01 13:02:53,0,0,1.95078,0,5.56747,1,-1,0
2015-03-01 13:07:53,0,0,1.67323,0,10.7877,1,-1,0
2015-03-01 13:12:53,1,0,1.87393,0,9.77197,1,-1,0
2015-03-01 13:17:53,0,0,1.89331,0,9.07274,1,-1,0
2015-03-01 13:22:53,0,0,1.72159,0,7.66087,1,-1,0
2015-03-01 13:27:53,0,0,1.94629,0,11.13,1,-1,0
2015-03-01 13:32:53,0,0,1.77708,0,11.0694,1,-1,0
2015-03-01 13:37:53,0,0,1.83692,0,10.8344,1,-1,0
2015-03-01 13:42:53,0,0,1.75804,0,11.2299,1,-1,0
2015-03-01 13:47:53,0,0,1.85772,0,10.7631,1,-1,0
2015-03-01 13:52:53,0,0,1.80099,0,10.8846,1,-1,0
2015-03-01 13:57:53,2,0,1.90249,0,9.18858,1,-1,0
2015-03-01 14:02:53,0,0,1.61935,0,7.87367,1,-1,0
2015-03-01 14:07:53,0,0,2.04999,0,5.94664,1,-1,0
2015-03-01 14:12:53,0,0,1.66653,0,10.5368,1,-1,0
2015-03-01 14:17:53,0,0,1.84537,0,10.6245,1,-1,0
2015-03-01 14:22:53,0,0,1.88305,0,11.3284,1,-1,0
2015-03-01 14:27:53,0,0,1.70826,0,10.5734,1,-1,0
2015-03-01 14:32:53,0,0,1.99005,0,11.0105,1,-1,0
2015-03-01 14:37:53,0,0,1.73626,0,11.0557,1,-1,0
2015-03-01 14:42:53,0,0,1.88409,0,10.8412,1,-1,0
2015-03-01 14:47:53,0,0,1.77222,0,11.3268,1,-1,0
2015-03-01 14:52:53,0,0,1.84485,0,10.7492,1,-1,0
2015-03-01 14:57:53,0,0,1.79885,0,11.0415,1,-1,0
2015-03-01 15:02:53,0,0,1.80937,0,10.8052,1,-1,0
2015-03-01 15:07:53,0,0,1.707,0,10.9416,1,-1,0
2015-03-01 15:12:53,0,0,1.92695,0,10.7223,1,-1,0
2015-03-01 15:17:53,0,0,1.73895,0,10.769,1,-1,0
2015-03-01 15:22:53,0,0,1.85767,0,10.7138,1,-1,0
2015-03-01 15:27:53,0,0,1.79397,0,11.1164,1,-1,0
2015-03-01 15:32:53,0,0,1.88013,0,10.7262,1,-1,0
2015-03-01 15:37:53,0,0,1.86713,0,11.0411,1,-1,0
2015-03-01 15:42:53,2,0,1.74416,0,9.27504,1,-1,0
2015-03-01 15:47:53,0,0,1.74341,0,7.6503,1,-1,0
2015-03-01 15:52:53,0,0,1.91476,0,5.63034,1,-1,0
2015-03-01 15:57:53,0,0,1.80191,0,10.6341,1,-1,0
2015-03-01 16:02:53,0,0,1.71696,0,10.8617,1,-1,0
2015-03-01 16:07:53,0,0,2.00507,0,11.0651,1,-1,0
2015-03-01 16:12:53,1,0,1.63214,0,9.84473,1,-1,0
2015-03-01 16:17:53,1,0,1.96516,0,7.79318,1,-1,0
2015-03-01 16:22:53,1,0,1.77358,0,5.24467,1,-1,0
2015-03-01 16:27:53,0,0,1.84226,0,5.60033,1,-1,0
2015-03-01 16:32:53,0,0,1.82598,0,8.28491,1,-1,0
2015-03-01 16:37:53,0,0,1.7923,0,10.8312,1,-1,0
2015-03-01 16:42:53,0,0,1.84105,0,10.971,1,-1,0
2015-03-01 16:47:53,0,0,1.83834,0,10.9036,1,-1,0
2015-03-01 16:52:53,1,0,1.71662,0,9.89733,1,-1,0
2015-03-01 16:57:53,0,0,1.89322,0,8.91645,1,-1,0
2015-03-01 17:02:53,0,0,1.82013,0,7.84148,1,-1,0
2015-03-01 17:07:53,1,0,1.6561,0,9.75643,1,-1,0
2015-03-01 17:12:53,2,0,1.93154,0,7.66381,1,-1,0
2015-03-01 17:17:53,1,0,1.80061,0,4.07973,1,-1,0
2015-03-01 17:22:53,0,0,1.8916,0,4.98284,1,-1,0
2015-03-01 17:27:53,0,0,1.80953,0,8.16852,1,-1,0
2015-03-01 17:32:53,0,0,1.75809,0,10.9946,1,-1,0
2015-03-01 17:37:53,0,0,1.91614,0,11.052,1,-1,0
2015-03-01 17:42:53,0,0,1.80236,0,10.8609,1,-1,0
2015-03-01 17:47:53,0,0,1.74223,0,10.9089,1,-1,0
2015-03-01 17:52:53,0,0,1.95077,0,11.0954,1,-1,0
2015-03-01 17:57:53,1,0,1.79285,0,9.84232,1,-1,0
2015-03-01 18:02:53,0,0,1.80275,0,8.92108,1,-1,0
2015-03-01 18:07:53,4,0,1.82268,0,8.63526,1,-1,0
2015-03-01 18:12:53,2,0,1.74503,0,9.95036,1,-1,0
2015-03-01 18:17:53,0,0,1.91894,0,8.69141,1,-1,0
2015-03-01 18:22:53,1,0,1.7973,0,4.94096,1,-1,0
2015-03-01 18:27:53,0,0,1.78218,0,8.87025,1,-1,0
2015-03-01 18:32:53,0,0,1.93303,0,8.13359,1,-1,0
2015-03-01 18:37:53,0,0,1.70127,0,10.8893,1,-1,0
2015-03-01 18:42:53,0,0,1.92564,0,10.9139,1,-1,0
2015-03-01 18:47:53,0,0,1.89946,0,11.1273,1,-1,0
2015-03-01 18:52:53,0,0,1.75308,0,10.8546,1,-1,0
2015-03-01 18:57:53,0,0,1.89831,0,11.3289,1,-1,0
2015-03-01 19:02:53,0,0,1.73567,0,11.1028,1,-1,0
2015-03-01 19:07:53,0,0,1.78673,0,10.7915,1,-1,0
2015-03-01 19:12:53,0,0,1.87525,0,10.953,1,-1,0
2015-03-01 19:17:53,0,0,1.68327,0,10.6557,1,-1,0
2015-03-01 19:22:53,0,0,1.87509,0,10.794,1,-1,0
2015-03-01 19:27:53,0,0,1.806,0,10.8674,1,-1,0
2015-03-01 19:32:53,1,0,1.7668,0,9.606,1,-1,0
2015-03-01 19:37:53,0,0,1.92889,0,9.00409,1,-1,0
2015-03-01 19:42:53,0,0,1.8173,0,7.88049,1,-1,0
2015-03-01 19:47:53,1,0,1.84609,0,9.97548,1,-1,0
2015-03-01 19:52:53,0,0,1.84319,0,9.26736,1,-1,0
2015-03-01 19:57:53,1,0,1.80508,0,6.98728,1,-1,0
2015-03-01 20:02:53,0,0,1.78288,0,9.02973,1,-1,0
2015-03-01 20:07:53,0,0,1.90457,0,7.92261,1,-1,0
2015-03-01 20:12:53,0,0,1.73524,0,10.8856,1,-1,0
2015-03-01 20:17:53,0,0,1.84846,0,10.893,1,-1,0
2015-03-01 20:22:53,0,0,1.791,0,11.0327,1,-1,0
2015-03-01 20:27:53,0,0,1.85146,0,10.6936,1,-1,0
2015-03-01 20:32:53,0,0,1.88689,0,10.9788,1,-1,0
2015-03-01 20:37:53,0,0,1.80639,0,10.9628,1,-1,0
2015-03-01 20:42:53,1,0,1.81294,0,10.1345,1,-1,0
2015-03-01 20:47:53,0,0,1.78951,0,9.08639,1,-1,0
2015-03-01 20:52:53,0,0,1.88382,0,7.83458,1,-1,0
2015-03-01 20:57:53,0,0,1.68449,0,10.9017,1,-1,0
2015-03-01 21:02:53,0,0,1.85708,0,10.8207,1,-1,0
2015-03-01 21:07:53,0,0,1.72666,0,10.8775,1,-1,0
2015-03-01 21:12:53,0,0,1.867,0,10.4943,1,-1,0
2015-03-01 21:17:53,0,0,1.78105,0,10.8916,1,-1,0
2015-03-01 21:22:53,0,0,1.86703,0,10.695,1,-1,0
2015-03-01 21:27:53,0,0,1.85609,0,11.0301,1,-1,0
2015-03-01 21:32:53,1,0,1.80313,0,9.9333,1,-1,0
2015-03-01 21:37:53,0,0,1.79894,0,9.11642,1,-1,0
2015-03-01 21:42:53,0,0,1.84338,0,7.97348,1,-1,0
2015-03-01 21:47:53,0,0,1.78926,0,10.8507,1,-1,0
2015-03-01 21:52:53,1,0,1.83202,0,9.87285,1,-1,0
2015-03-01 21:57:53,0,0,1.82341,0,8.94069,1,-1,0
2015-03-01 22:02:53,0,0,1.81521,0,7.85522,1,-1,0
2015-03-01 22:07:53,0,0,1.81394,0,10.9581,1,-1,0
2015-03-01 22:12:53,0,0,1.78912,0,10.9146,1,-1,0
2015-03-01 22:17:53,0,0,1.95828,0,10.8626,1,-1,0
2015-03-01 22:22:53,1,0,1.66104,0,9.97833,1,-1,0
2015-03-01 22:27:53,0,0,1.89627,0,8.94496,1,-1,0
2015-03-01 22:32:53,0,0,1.78324,0,8.09318,1,-1,0
2015-03-01 22:37:53,0,0,1.81484,0,10.5589,1,-1,0
2015-03-01 22:42:53,0,0,1.81718,0,11.0701,1,-1,0
2015-03-01 22:47:53,0,0,1.75261,0,10.7966,1,-1,0
2015-03-01 22:52:53,0,0,1.81191,0,10.8315,1,-1,0
2015-03-01 22:57:53,1,0,1.84799,0,9.76866,1,-1,0
2015-03-01 23:02:53,1,0,1.72374,0,7.72963,1,-1,0
2015-03-01 23:07:53,0,0,1.8848,0,5.85545,1,-1,0
2015-03-01 23:12:53,0,0,1.96367,0,7.87624,1,-1,0
2015-03-01 23:17:53,0,0,1.66825,0,10.9045,1,-1,0
2015-03-01 23:22:53,0,0,1.89968,0,11.25,1,-1,0
2015-03-01 23:27:53,0,0,1.88719,0,11.1272,1,-1,0
2015-03-01 23:32:53,0,0,1.75201,0,10.6913,1,-1,0
2015-03-01 23:37:53,0,0,1.89349,0,11.2254,1,-1,0
2015-03-01 23:42:53,0,0,1.76459,0,11.0591,1,-1,0
2015-03-01 23:47:53,0,0,1.77149,0,10.8076,1,-1,0
2015-03-01 23:52:53,0,0,1.86858,0,10.9811,1,-1,0
2015-03-01 23:57:53,0,0,1.76402,0,10.7053,1,-1,0
2015-03-02 00:02:53,0,0,1.91304,0,10.8156,1,-1,0
2015-03-02 00:07:53,1,0,1.76047,0,10.0468,1,-1,0
2015-03-02 00:12:53,0,0,1.72449,0,8.87859,1,-1,0
2015-03-02 00:17:53,0,0,1.97904,0,7.98454,1,-1,0
2015-03-02 00:22:53,0,0,1.72528,0,10.7094,1,-1,0
2015-03-02 00:27:53,1,0,1.75456,0,9.85683,1,-1,0
2015-03-02 00:32:53,0,0,1.87729,0,9.14225,1,-1,0
2015-03-02 00:37:53,0,0,1.85627,0,7.56225,1,-1,0
2015-03-02 00:42:53,0,0,1.81713,0,10.8745,1,-1,0
2015-03-02 00:47:53,0,0,1.8525,0,11.1615,1,-1,0
2015-03-02 00:52:53,0,0,1.83598,0,11.0556,1,-1,0
2015-03-02 00:57:53,0,0,1.79587,0,10.9924,1,-1,0
2015-03-02 01:02:53,0,0,1.8273,0,11.0253,1,-1,0
2015-03-02 01:07:53,0,0,1.81912,0,10.927,1,-1,0
2015-03-02 01:12:53,0,0,1.82727,0,10.8613,1,-1,0
2015-03-02 01:17:53,0,0,1.76903,0,10.9474,1,-1,0
2015-03-02 01:22:53,0,0,1.79815,0,10.8809,1,-1,0
2015-03-02 01:27:53,0,0,1.86792,0,10.818,1,-1,0
2015-03-02 01:32:53,0,0,1.80742,0,10.7713,1,-1,0
2015-03-02 01:37:53,0,0,1.75984,0,10.9377,1,-1,0
2015-03-02 01:42:53,2,0,1.90985,0,9.45875,1,-1,0
2015-03-02 01:47:53,0,0,1.72864,0,7.81244,1,-1,0
2015-03-02 01:52:53,1,0,1.9028,0,5.41702,1,-1,0
2015-03-02 01:57:53,0,0,1.67911,0,8.90659,1,-1,0
2015-03-02 02:02:53,0,0,1.95737,0,7.67063,1,-1,0
2015-03-02 02:07:53,0,0,1.83169,0,11.024,1,-1,0
2015-03-02 02:12:53,0,0,1.72308,0,10.7838,1,-1,0
2015-03-02 02:17:53,0,0,1.99218,0,11.2586,1,-1,0
2015-03-02 02:22:53,0,0,1.73147,0,10.9334,1,-1,0
2015-03-02 02:27:53,0,0,1.88884,0,10.8851,1,-1,0
2015-03-02 02:32:53,0,0,1.75134,0,11.3283,1,-1,0
2015-03-02 02:37:53,0,0,1.82596,0,10.7234,1,-1,0
2015-03-02 02:42:53,0,0,1.80074,0,10.9952,1,-1,0
2015-03-02 02:47:53,1,0,1.81187,0,9.7067,1,-1,0
2015-03-02 02:52:53,0,0,1.75844,0,8.89124,1,-1,0
2015-03-02 02:57:53,0,0,1.97143,0,7.78441,1,-1,0
2015-03-02 03:02:53,0,0,1.62135,0,10.9239,1,-1,0
2015-03-02 03:07:53,1,0,1.88519,0,9.83952,1,-1,0
2015-03-02 03:12:53,0,0,1.81048,0,9.04217,1,-1,0
2015-03-02 03:17:53,0,0,1.74539,0,7.44491,1,-1,0
2015-03-02 03:22:53,0,0,1.97793,0,11.0219,1,-1,0
2015-03-02 03:27:53,0,0,1.76876,0,10.9002,1,-1,0
2015-03-02 03:32:53,0,0,1.88526,0,10.9608,1,-1,0
2015-03-02 03:37:53,0,0,1.73967,0,11.3566,1,-1,0
2015-03-02 03:42:53,0,0,1.87388,0,10.8165,1,-1,0
2015-03-02 03:47:53,0,0,1.795,0,11.009,1,-1,0
2015-03-02 03:52:53,0,0,1.8607,0,10.7618,1,-1,0
2015-03-02 03:57:53,0,0,1.65245,0,11.0723,1,-1,0
2015-03-02 04:02:53,0,0,1.98453,0,10.7589,1,-1,0
2015-03-02 04:07:53,0,0,1.72836,0,10.8715,1,-1,0
2015-03-02 04:12:53,0,0,1.94675,0,10.6548,1,-1,0
2015-03-02 04:17:53,0,0,1.69352,0,11.357,1,-1,0
2015-03-02 04:22:53,0,0,1.90533,0,10.7721,1,-1,0
2015-03-02 04:27:53,0,0,1.8169,0,11.1326,1,-1,0
2015-03-02 04:32:53,0,0,1.72668,0,10.7081,1,-1,0
2015-03-02 04:37:53,0,0,1.85644,0,11.0765,1,-1,0
2015-03-02 04:42:53,0,0,1.72077,0,10.7605,1,-1,0
2015-03-02 04:47:53,0,0,1.91785,0,10.6137,1,-1,0
2015-03-02 04:52:53,0,0,1.69531,0,10.9287,1,-1,0
2015-03-02 04:57:53,0,0,1.93762,0,10.6933,1,-1,0
2015-03-02 05:02:53,0,0,1.70682,0,11.0818,1,-1,0
2015-03-02 05:07:53,0,0,1.94631,0,10.668,1,-1,0
2015-03-02 05:12:53,0,0,1.74455,0,11.1728,1,-1,0
2015-03-02 05:17:53,0,0,1.87235,0,10.7576,1,-1,0
2015-03-02 05:22:53,0,0,1.73065,0,11.2004,1,-1,0
2015-03-02 05:27:53,0,0,1.89404,0,10.709,1,-1,0
2015-03-02 05:32:53,0,0,1.80469,0,10.9724,1,-1,0
2015-03-02 05:37:53,0,0,1.84638,0,10.7847,1,-1,0
2015-03-02 05:42:53,0,0,1.73904,0,11.1379,1,-1,0
2015-03-02 05:47:53,0,0,1.83198,0,10.8459,1,-1,0
2015-03-02 05:52:53,0,0,1.84641,0,10.8492,1,-1,0
2015-03-02 05:57:53,0,0,1.66846,0,10.7275,1,-1,0
2015-03-02 06:02:53,0,0,1.95087,0,10.8572,1,-1,0
2015-03-02 06:07:53,0,0,1.67538,0,10.827,1,-1,0
2015-03-02 06:12:53,0,0,1.93877,0,10.5825,1,-1,0
2015-03-02 06:17:53,0,0,1.70766,0,11.1421,1,-1,0
2015-03-02 06:22:53,0,0,1.83837,0,10.6113,1,-1,0
2015-03-02 06:27:53,1,0,1.85447,0,10.07,1,-1,0
2015-03-02 06:32:53,0,0,1.7585,0,8.65421,1,-1,0
2015-03-02 06:37:53,0,0,1.80233,0,7.98257,1,-1,0
2015-03-02 06:42:53,0,0,1.8575,0,10.8828,1,-1,0
2015-03-02 06:47:53,0,0,1.78392,0,10.7377,1,-1,0
2015-03-02 06:52:53,0,0,1.92337,0,10.9059,1,-1,0
2015-03-02 06:57:53,0,0,1.71373,0,11.0637,1,-1,0
2015-03-02 07:02:53,0,0,1.89425,0,10.9122,1,-1,0
2015-03-02 07:07:53,1,0,1.80857,0,10.0918,1,-1,0
2015-03-02 07:12:53,0,0,1.7467,0,8.73826,1,-1,0
2015-03-02 07:17:53,0,0,1.93861,0,8.04659,1,-1,0
2015-03-02 07:22:53,0,0,1.64994,0,10.8577,1,-1,0
2015-03-02 07:27:53,0,0,1.86371,0,10.7673,1,-1,0
2015-03-02 07:32:53,0,0,1.89664,0,10.9794,1,-1,0
2015-03-02 07:37:53,0,0,1.68403,0,10.5739,1,-1,0
2015-03-02 07:42:53,0,0,1.91152,0,11.0684,1,-1,0
2015-03-02 07:47:53,1,0,1.75333,0,9.96951,1,-1,0
2015-03-02 07:52:53,0,0,1.80833,0,8.62845,1,-1,0
2015-03-02 07:57:53,0,0,1.90712,0,8.04954,1,-1,0
2015-03-02 08:02:53,0,0,1.66963,0,10.7838,1,-1,0
2015-03-02 08:07:53,0,0,1.9399,0,10.9089,1,-1,0
2015-03-02 08:12:53,0,0,1.91186,0,11.0005,1,-1,0
2015-03-02 08:17:53,1,0,1.59651,0,9.80056,1,-1,0
2015-03-02 08:22:53,0,0,1.97155,0,9.23994,1,-1,0
2015-03-02 08:27:53,0,0,1.83335,0,7.90016,1,-1,0
2015-03-02 08:32:53,0,0,1.72355,0,10.566,1,-1,0
2015-03-02 08:37:53,0,0,1.87063,0,11.3049,1,-1,0
2015-03-02 08:42:53,0,0,1.78524,0,10.8178,1,-1,0
2015-03-02 08:47:53,0,0,1.85784,0,10.6972,1,-1,0
2015-03-02 08:52:53,0,0,1.91664,0,11.0402,1,-1,0
2015-03-02 08:57:53,0,0,1.72266,0,10.9881,1,-1,0
2015-03-02 09:02:53,0,0,1.89103,0,11.1295,1,-1,0
2015-03-02 09:07:53,0,0,1.77203,0,11.0863,1,-1,0
2015-03-02 09:12:53,0,0,1.74418,0,10.7221,1,-1,0
2015-03-02 09:17:53,0,0,1.8207,0,10.9613,1,-1,0
2015-03-02 09:22:53,1,0,1.81529,0,9.62516,1,-1,0
2015-03-02 09:27:53,0,0,1.77274,0,8.68924,1,-1,0
2015-03-02 09:32:53,0,0,1.97189,0,7.86542,1,-1,0
2015-03-02 09:37:53,0,0,1.68936,0,10.9633,1,-1,0
2015-03-02 09:42:53,0,0,1.879,0,10.9514,1,-1,0
2015-03-02 09:47:53,0,0,1.88383,0,11.1734,1,-1,0
2015-03-02 09:52:53,0,0,1.74298,0,10.7099,1,-1,0
2015-03-02 09:57:53,0,0,1.89946,0,11.1476,1,-1,0
2015-03-02 10:02:53,0,0,1.74277,0,11.0369,1,-1,0
2015-03-02 10:07:53,0,0,1.84729,0,10.7706,1,-1,0
2015-03-02 10:12:53,0,0,1.84664,0,11.0312,1,-1,0
2015-03-02 10:17:53,0,0,1.77542,0,10.7695,1,-1,0
2015-03-02 10:22:53,0,0,1.82453,0,11.0106,1,-1,0
2015-03-02 10:27:53,0,0,1.85103,0,10.9153,1,-1,0
2015-03-02 10:32:53,0,0,1.7379,0,10.8264,1,-1,0
2015-03-02 10:37:53,0,0,1.87507,0,10.9136,1,-1,0
2015-03-02 10:42:53,0,0,1.70787,0,10.904,1,-1,0
2015-03-02 10:47:53,1,0,1.89584,0,9.67171,1,-1,0
2015-03-02 10:52:53,0,0,1.74269,0,8.9368,1,-1,0
2015-03-02 10:57:53,0,0,1.88612,0,7.65798,1,-1,0
2015-03-02 11:02:53,0,0,1.87949,0,11.059,1,-1,0
2015-03-02 11:07:53,0,0,1.72334,0,10.8798,1,-1,0
2015-03-02 11:12:53,0,0,1.88986,0,11.1407,1,-1,0
2015-03-02 11:17:53,0,0,1.73885,0,10.975,1,-1,0
2015-03-02 11:22:53,0,0,1.83808,0,10.6886,1,-1,0
2015-03-02 11:27:53,0,0,1.82444,0,10.9854,1,-1,0
2015-03-02 11:32:53,0,0,1.86974,0,10.7171,1,-1,0
2015-03-02 11:37:53,1,0,1.75535,0,10.0329,1,-1,0
2015-03-02 11:42:53,0,0,1.82115,0,8.96815,1,-1,0
2015-03-02 11:47:53,0,0,1.82485,0,7.94108,1,-1,0
2015-03-02 11:52:53,0,0,1.86462,0,10.7332,1,-1,0
2015-03-02 11:57:53,0,0,1.75084,0,10.9778,1,-1,0
2015-03-02 12:02:53,0,0,1.84413,0,10.9546,1,-1,0
2015-03-02 12:07:53,0,0,1.79009,0,10.9397,1,-1,0
2015-03-02 12:12:53,0,0,1.83637,0,10.7309,1,-1,0
2015-03-02 12:17:53,0,0,1.82084,0,10.9489,1,-1,0
2015-03-02 12:22:53,0,0,1.79271,0,10.8639,1,-1,0
2015-03-02 12:27:53,0,0,1.85784,0,10.9435,1,-1,0
2015-03-02 12:32:53,0,0,1.71652,0,10.9058,1,-1,0
2015-03-02 12:37:53,0,0,1.88736,0,10.8103,1,-1,0
2015-03-02 12:42:53,0,0,1.7815,0,10.8939,1,-1,0
2015-03-02 12:47:53,0,0,1.84494,0,10.7058,1,-1,0
2015-03-02 12:52:53,0,0,1.8035,0,11.07,1,-1,0
2015-03-02 12:57:53,0,0,1.75835,0,10.8379,1,-1,0
2015-03-02 13:02:53,0,0,1.82018,0,10.9001,1,-1,0
2015-03-02 13:07:53,0,0,1.88082,0,10.7474,1,-1,0
2015-03-02 13:12:53,0,0,1.73065,0,10.7962,1,-1,0
2015-03-02 13:17:53,1,0,1.98879,0,9.95282,1,-1,0
2015-03-02 13:22:53,0,0,1.69256,0,9.09255,1,-1,0
2015-03-02 13:27:53,0,0,1.89906,0,7.8621,1,-1,0
2015-03-02 13:32:53,0,0,1.82093,0,11.2505,1,-1,0
2015-03-02 13:37:53,1,0,1.73643,0,9.69671,1,-1,0
2015-03-02 13:42:53,0,0,1.83974,0,9.07545,1,-1,0
2015-03-02 13:47:53,1,0,1.79627,0,6.77538,1,-1,0
2015-03-02 13:52:53,2,0,1.82018,0,7.0925,1,-1,0
2015-03-02 13:57:53,0,0,1.81229,0,4.74688,1,-1,0
2015-03-02 14:02:53,0,0,1.95336,0,6.06385,1,-1,0
2015-03-02 14:07:53,0,0,1.73766,0,11.0385,1,-1,0
2015-03-02 14:12:53,0,0,1.88444,0,11.0812,1,-1,0
2015-03-02 14:17:53,0,0,1.78799,0,11.2198,1,-1,0
2015-03-02 14:22:53,1,0,1.84587,0,9.76985,1,-1,0
2015-03-02 14:27:53,0,0,1.81126,0,9.07517,1,-1,0
2015-03-02 14:32:53,0,0,1.86766,0,7.86698,1,-1,0
2015-03-02 14:37:53,0,0,1.72714,0,11.0278,1,-1,0
2015-03-02 14:42:53,0,0,1.84545,0,10.8963,1,-1,0
2015-03-02 14:47:53,0,0,1.725,0,10.9027,1,-1,0
2015-03-02 14:52:53,0,0,1.89502,0,10.5973,1,-1,0
2015-03-02 14:57:53,2,0,1.85596,0,9.09133,1,-1,0
2015-03-02 15:02:53,0,0,1.68476,0,7.2409,1,-1,0
2015-03-02 15:07:53,0,0,1.97611,0,5.9063,1,-1,0
2015-03-02 15:12:53,2,0,1.68852,0,9.02384,1,-1,0
2015-03-02 15:17:53,0,0,1.82927,0,6.79059,1,-1,0
2015-03-02 15:22:53,0,0,1.94926,0,5.27798,1,-1,0
2015-03-02 15:27:53,0,0,1.711,0,10.6734,1,-1,0
2015-03-02 15:32:53,0,0,1.94772,0,11.0973,1,-1,0
2015-03-02 15:37:53,1,0,1.87389,0,10.2175,1,-1,0
2015-03-02 15:42:53,0,0,1.64933,0,8.90233,1,-1,0
2015-03-02 15:47:53,0,0,2.04023,0,8.24028,1,-1,0
2015-03-02 15:52:53,0,0,1.64981,0,10.9606,1,-1,0
2015-03-02 15:57:53,0,0,1.8853,0,10.6783,1,-1,0
2015-03-02 16:02:53,0,0,1.87411,0,11.3056,1,-1,0
2015-03-02 16:07:53,0,0,1.66339,0,10.5942,1,-1,0
2015-03-02 16:12:53,0,0,1.9495,0,11.0675,1,-1,0
2015-03-02 16:17:53,0,0,1.78557,0,10.8986,1,-1,0
2015-03-02 16:22:53,0,0,1.81465,0,10.6747,1,-1,0
2015-03-02 16:27:53,0,0,1.78801,0,11.2343,1,-1,0
2015-03-02 16:32:53,1,0,1.79958,0,9.77404,1,-1,0
2015-03-02 16:37:53,0,0,1.80698,0,8.81956,1,-1,0
2015-03-02 16:42:53,0,0,1.8982,0,7.77016,1,-1,0
2015-03-02 16:47:53,0,0,1.67961,0,10.9109,1,-1,0
2015-03-02 16:52:53,0,0,1.97377,0,10.8969,1,-1,0
2015-03-02 16:57:53,0,0,1.81244,0,11.0276,1,-1,0
2015-03-02 17:02:53,0,0,1.70709,0,10.7988,1,-1,0
2015-03-02 17:07:53,0,0,1.97553,0,11.2533,1,-1,0
2015-03-02 17:12:53,1,0,1.73996,0,9.82702,1,-1,0
2015-03-02 17:17:53,1,0,1.85514,0,7.81229,1,-1,0
2015-03-02 17:22:53,0,0,1.80557,0,6.26166,1,-1,0
2015-03-02 17:27:53,0,0,1.81949,0,7.73572,1,-1,0
2015-03-02 17:32:53,0,0,1.82935,0,10.996,1,-1,0
2015-03-02 17:37:53,0,0,1.89194,0,10.885,1,-1,0
2015-03-02 17:42:53,0,0,1.78683,0,11.0091,1,-1,0
2015-03-02 17:47:53,0,0,1.82211,0,11.0588,1,-1,0
2015-03-02 17:52:53,0,0,1.76567,0,11.0716,1,-1,0
2015-03-02 17:57:53,0,0,1.83894,0,10.7704,1,-1,0
2015-03-02 18:02:53,1,0,1.79159,0,9.83661,0,22.4161,0
2015-03-02 18:07:53,1,0,1.75545,0,7.7665,0,22.4161,0
2015-03-02 18:12:53,0,0,1.84028,0,5.85547,0,22.4161,0
2015-03-02 18:17:53,0,0,1.872,0,7.72595,0,22.4161,0
2015-03-02 18:22:53,0,0,1.77592,0,10.8189,0,22.4161,0
2015-03-02 18:27:53,0,0,1.84966,0,11.0407,0,22.4161,0
2015-03-02 18:32:53,0,0,1.7725,0,11.0175,0,22.4161,0
2015-03-02 18:37:53,1,0,1.83148,0,9.79957,0,22.4161,0
2015-03-02 18:42:53,0,0,1.82631,0,8.92546,0,22.4161,0
2015-03-02 18:47:53,0,0,1.76016,0,7.80677,0,22.4161,0
2015-03-02 18:52:53,0,0,1.98101,0,10.9072,0,22.4161,0
2015-03-02 18:57:53,0,0,1.76207,0,10.9803,0,22.4161,0
2015-03-02 19:02:53,0,0,1.82074,0,11.0046,0,22.4161,0
2015-03-02 19:07:53,0,0,1.81983,0,11.2879,0,22.4161,0
2015-03-02 19:12:53,0,0,1.79385,0,10.7475,0,22.4161,0
2015-03-02 19:17:53,0,0,1.83437,0,10.8957,0,22.4161,0
2015-03-02 19:22:53,0,0,1.79118,0,10.8816,0,22.4161,0
2015-03-02 19:27:53,0,0,1.75132,0,10.8415,0,22.4161,0
2015-03-02 19:32:53,0,0,1.84253,0,10.8368,0,22.4161,0
2015-03-02 19:37:53,1,0,1.7922,0,9.71871,0,22.4161,0
2015-03-02 19:42:53,0,0,1.89671,0,8.73121,0,22.4161,0
2015-03-02 19:47:53,0,0,1.86019,0,8.0087,0,22.4161,0
2015-03-02 19:52:53,0,0,1.67469,0,11.0302,0,22.4161,0
2015-03-02 19:57:53,0,0,1.93529,0,11.0852,0,22.4161,0
2015-03-02 20:02:53,0,0,1.80842,0,10.8652,0,22.4161,0
2015-03-02 20:07:53,0,0,1.69328,0,10.7031,0,22.4161,0
2015-03-02 20:12:53,2,0,1.92264,0,15.9562,0,22.4161,0
2015-03-02 20:17:53,1,0,1.74251,0,6.96134,0,22.4161,0
2015-03-02 20:22:53,0,0,1.91126,0,4.6865,0,22.4161,0
2015-03-02 20:27:53,0,0,1.82773,0,7.93325,0,22.4161,0
2015-03-02 20:32:53,0,0,1.80437,0,10.8778,0,22.4161,0
2015-03-02 20:37:53,0,0,1.93444,0,11.1936,0,22.4161,0
2015-03-02 20:42:53,0,0,1.7393,0,11.0264,0,22.4161,0
2015-03-02 20:47:53,1,0,1.82656,0,10.0213,0,22.4161,0
2015-03-02 20:52:53,0,0,1.83952,0,9.10849,0,22.4161,0
2015-03-02 20:57:53,1,0,1.83766,0,6.71055,0,22.4161,0
2015-03-02 21:02:53,0,0,1.73715,0,8.99638,0,22.4161,0
2015-03-02 21:07:53,1,0,1.86166,0,6.93103,0,22.4161,0
2015-03-02 21:12:53,0,0,1.74396,0,8.84895,0,22.4161,0
2015-03-02 21:17:53,0,0,1.92707,0,7.67873,0,22.4161,0
2015-03-02 21:22:53,0,0,1.83519,0,11,0,22.4161,0
2015-03-02 21:27:53,0,0,1.71184,0,10.9212,0,22.4161,0
2015-03-02 21:32:53,0,0,1.93264,0,11.1634,0,22.4161,0
2015-03-02 21:37:53,0,0,1.69893,0,10.8619,0,22.4161,0
2015-03-02 21:42:53,0,0,1.87092,0,10.6997,0,22.4161,0
2015-03-02 21:47:53,0,0,1.82878,0,11.0667,0,22.4161,0
2015-03-02 21:52:53,0,0,1.84267,0,10.6674,0,22.4161,0
2015-03-02 21:57:53,0,0,1.82503,0,11.113,0,22.4161,0
2015-03-02 22:02:53,0,0,1.82767,0,10.9967,0,22.4161,0
2015-03-02 22:07:53,0,0,1.75113,0,11.0057,0,22.4161,0
2015-03-02 22:12:53,0,0,1.88436,0,10.8816,0,22.4161,0
2015-03-02 22:17:53,0,0,1.73982,0,10.8696,0,22.4161,0
2015-03-02 22:22:53,0,0,1.87881,0,10.7619,0,22.4161,0
2015-03-02 22:27:53,0,0,1.74753,0,11.0115,0,22.4161,0
2015-03-02 22:32:53,0,0,1.87938,0,10.7246,0,22.4161,0
2015-03-02 22:37:53,1,0,1.82493,0,10.0109,0,22.4161,0
2015-03-02 22:42:53,0,0,1.85696,0,8.82626,0,22.4161,0
2015-03-02 22:47:53,1,0,1.83969,0,7.14495,0,22.4161,0
2015-03-02 22:52:53,1,0,1.76907,0,8.0284,0,22.4161,0
2015-03-02 22:57:53,2,0,1.86633,0,4.4812,0,22.4161,0
2015-03-02 23:02:53,0,0,1.74352,0,4.84727,0,22.4161,0
2015-03-02 23:07:53,0,0,1.9178,0,6.16897,0,22.4161,0
2015-03-02 23:12:53,1,0,1.75151,0,10.0039,0,22.4161,0
2015-03-02 23:17:53,0,0,1.87456,0,8.81769,0,22.4161,0
2015-03-02 23:22:53,0,0,1.86045,0,8.131,0,22.4161,0
2015-03-02 23:27:53,0,0,1.83074,0,10.8641,0,22.4161,0
2015-03-02 23:32:53,1,0,1.8622,0,10.1753,0,22.4161,0
2015-03-02 23:37:53,0,0,1.82669,0,9.10505,0,22.4161,0
2015-03-02 23:42:53,0,0,1.81039,0,8.04333,0,22.4161,0
2015-03-02 23:47:53,0,0,1.72624,0,11.0504,0,22.4161,0
2015-03-02 23:52:53,0,0,1.85625,0,10.8271,0,22.4161,0
2015-03-02 23:57:53,0,0,1.78073,0,10.7399,0,22.4161,0
2015-03-03 00:02:53,0,0,1.8172,0,10.6719,0,22.4161,0
2015-03-03 00:07:53,0,0,1.77179,0,10.9474,0,22.4161,0
2015-03-03 00:12:53,0,0,1.88944,0,10.7484,0,22.4161,0
2015-03-03 00:17:53,1,0,1.75766,0,9.88462,0,22.4161,0
2015-03-03 00:22:53,0,0,1.82139,0,8.85192,0,22.4161,0
2015-03-03 00:27:53,0,0,1.84641,0,8.00504,0,22.4161,0
2015-03-03 00:32:53,0,0,1.81451,0,10.7622,0,22.4161,0
2015-03-03 00:37:53,0,0,1.87261,0,10.9715,0,22.4161,0
2015-03-03 00:42:53,0,0,1.81151,0,11.0409,0,22.4161,0
2015-03-03 00:47:53,0,0,1.81853,0,11.0003,0,22.4161,0
2015-03-03 00:52:53,0,0,1.83481,0,11.0594,0,22.4161,0
2015-03-03 00:57:53,0,0,1.83553,0,10.9064,0,22.4161,0
2015-03-03 01:02:53,0,0,1.75836,0,10.9607,0,22.4161,0
2015-03-03 01:07:53,1,0,1.86062,0,9.93383,0,22.4161,0
2015-03-03 01:12:53,0,0,1.74384,0,8.88393,0,22.4161,0
2015-03-03 01:17:53,1,0,2.01164,0,6.74015,0,22.4161,0
2015-03-03 01:22:53,1,0,1.71748,0,8.08118,0,22.4161,0
2015-03-03 01:27:53,0,0,1.84321,0,5.97228,0,22.4161,0
2015-03-03 01:32:53,0,0,1.90157,0,8.31309,0,22.4161,0
2015-03-03 01:37:53,0,0,1.68033,0,10.7404,0,22.4161,0
2015-03-03 01:42:53,0,0,1.93663,0,11.0131,0,22.4161,0
2015-03-03 01:47:53,0,0,1.67469,0,11.002,0,22.4161,0
2015-03-03 01:52:53,0,0,1.91101,0,10.589,0,22.4161,0
2015-03-03 01:57:53,0,0,1.8394,0,11.0703,0,22.4161,0
2015-03-03 02:02:53,0,0,1.80944,0,10.6855,0,22.4161,0
2015-03-03 02:07:53,0,0,1.77705,0,11.2213,0,22.4161,0
2015-03-03 02:12:53,0,0,1.88526,0,10.9141,0,22.4161,0
2015-03-03 02:17:53,0,0,1.77936,0,10.8677,0,22.4161,0
2015-03-03 02:22:53,0,0,1.80316,0,10.881,0,22.4161,0
2015-03-03 02:27:53,0,0,1.79786,0,11.0177,0,22.4161,0
2015-03-03 02:32:53,0,0,1.7745,0,10.7423,0,22.4161,0
2015-03-03 02:37:53,1,0,1.90389,0,9.77969,0,22.4161,0
2015-03-03 02:42:53,1,0,1.71956,0,7.84648,0,22.4161,0
2015-03-03 02:47:53,0,0,1.91753,0,5.85085,0,22.4161,0
2015-03-03 02:52:53,0,0,1.82002,0,8.06833,0,22.4161,0
2015-03-03 02:57:53,0,0,1.83031,0,10.8138,0,22.4161,0
2015-03-03 03:02:53,0,0,1.85053,0,11.2229,0,22.4161,0
2015-03-03 03:07:53,0,0,1.79934,0,10.9712,0,22.4161,0
2015-03-03 03:12:53,0,0,1.76042,0,10.9913,0,22.4161,0
2015-03-03 03:17:53,0,0,1.90859,0,10.9107,0,22.4161,0
2015-03-03 03:22:53,0,0,1.76169,0,10.8274,0,22.4161,0
2015-03-03 03:27:53,0,0,1.81879,0,10.8601,0,22.4161,0
2015-03-03 03:32:53,0,0,1.77743,0,11.0679,0,22.4161,0
2015-03-03 03:37:53,2,0,1.81984,0,9.14523,0,22.4161,0
2015-03-03 03:42:53,0,0,1.82402,0,7.72136,0,22.4161,0
2015-03-03 03:47:53,0,0,1.86078,0,6.13141,0,22.4161,0
2015-03-03 03:52:53,0,0,1.75167,0,10.9683,0,22.4161,0
2015-03-03 03:57:53,0,0,1.86294,0,10.9453,0,22.4161,0
2015-03-03 04:02:53,0,0,1.88385,0,10.9486,0,22.4161,0
2015-03-03 04:07:53,0,0,1.64696,0,10.8647,0,22.4161,0
2015-03-03 04:12:53,1,0,1.96136,0,10.0035,0,22.4161,0
2015-03-03 04:17:53,0,0,1.75059,0,8.90685,0,22.4161,0
2015-03-03 04:22:53,0,0,1.94515,0,7.6142,0,22.4161,0
2015-03-03 04:27:53,0,0,1.70481,0,11.3304,0,22.4161,0
2015-03-03 04:32:53,0,0,1.80607,0,10.8469,0,22.4161,0
2015-03-03 04:37:53,0,0,1.93331,0,11.0511,0,22.4161,0
2015-03-03 04:42:53,0,0,1.76168,0,10.6599,0,22.4161,0
2015-03-03 04:47:53,0,0,1.80541,0,11.0465,0,22.4161,0
2015-03-03 04:52:53,0,0,1.84293,0,11.1287,0,22.4161,0
2015-03-03 04:57:53,0,0,1.75145,0,10.7388,0,22.4161,0
2015-03-03 05:02:53,0,0,1.88083,0,10.8535,0,22.4161,0
2015-03-03 05:07:53,0,0,1.79708,0,10.9125,0,22.4161,0
2015-03-03 05:12:53,0,0,1.81025,0,10.8131,0,22.4161,0
2015-03-03 05:17:53,0,0,1.91222,0,11.0469,0,22.4161,0
2015-03-03 05:22:53,0,0,1.73793,0,10.924,0,22.4161,0
2015-03-03 05:27:53,0,0,1.83553,0,10.9931,0,22.4161,0
2015-03-03 05:32:53,0,0,1.75271,0,11.0481,0,22.4161,0
2015-03-03 05:37:53,0,0,1.83104,0,10.6376,0,22.4161,0
2015-03-03 05:42:53,0,0,1.76878,0,10.8431,0,22.4161,0
2015-03-03 05:47:53,1,0,1.83207,0,9.68898,0,22.4161,0
2015-03-03 05:52:53,0,0,1.79536,0,8.86275,0,22.4161,0
2015-03-03 05:57:53,0,0,1.94381,0,7.76584,0,22.4161,0
2015-03-03 06:02:53,0,0,1.70739,0,11.0307,0,22.4161,0
2015-03-03 06:07:53,0,0,1.95413,0,10.9811,0,22.4161,0
2015-03-03 06:12:53,0,0,1.7415,0,11.2003,0,22.4161,0
2015-03-03 06:17:53,0,0,1.77332,0,10.7719,0,22.4161,0
2015-03-03 06:22:53,0,0,1.9687,0,11.1187,0,22.4161,0
2015-03-03 06:27:53,1,0,1.66409,0,9.73984,0,22.4161,0
2015-03-03 06:32:53,0,0,1.85655,0,8.92144,0,22.4161,0
2015-03-03 06:37:53,0,0,1.81634,0,8.09082,0,22.4161,0
2015-03-03 06:42:53,0,0,1.81801,0,10.5217,0,22.4161,0
2015-03-03 06:47:53,0,0,1.75362,0,11.0203,0,22.4161,0
2015-03-03 06:52:53,0,0,1.94229,0,10.8387,0,22.4161,0
2015-03-03 06:57:53,2,0,1.6955,0,9.019,0,22.4161,0
2015-03-03 07:02:53,1,0,1.85105,0,6.07179,0,22.4161,0
2015-03-03 07:07:53,0,0,1.82482,0,3.41519,0,22.4161,0
2015-03-03 07:12:53,0,0,1.79561,0,7.61343,0,22.4161,0
2015-03-03 07:17:53,0,0,1.83064,0,10.9984,0,22.4161,0
2015-03-03 07:22:53,0,0,1.83742,0,10.8963,0,22.4161,0
2015-03-03 07:27:53,1,0,1.8214,0,9.88553,0,22.4161,0
2015-03-03 07:32:53,0,0,1.85102,0,8.98818,0,22.4161,0
2015-03-03 07:37:53,0,0,1.81142,0,8.0061,0,22.4161,0
2015-03-03 07:42:53,0,0,1.86505,0,10.9777,0,22.4161,0
2015-03-03 07:47:53,0,0,1.79938,0,11.041,0,22.4161,0
2015-03-03 07:52:53,0,0,1.72937,0,10.9637,0,22.4161,0
2015-03-03 07:57:53,1,0,1.84061,0,9.9233,0,22.4161,0
2015-03-03 08:02:53,0,0,1.80766,0,8.69752,0,22.4161,0
2015-03-03 08:07:53,0,0,1.89416,0,7.67701,0,22.4161,0
2015-03-03 08:12:53,0,0,1.78436,0,11.0313,0,22.4161,0
2015-03-03 08:17:53,0,0,1.78221,0,10.9956,0,22.4161,0
2015-03-03 08:22:53,0,0,1.82738,0,11.0334,0,22.4161,0
2015-03-03 08:27:53,0,0,1.77524,0,10.7449,0,22.4161,0
2015-03-03 08:32:53,0,0,1.85597,0,10.7766,0,22.4161,0
2015-03-03 08:37:53,0,0,1.83385,0,10.8886,0,22.4161,0
2015-03-03 08:42:53,0,0,1.88657,0,10.8715,0,22.4161,0
2015-03-03 08:47:53,0,0,1.73765,0,11.1222,0,22.4161,0
2015-03-03 08:52:53,0,0,1.80881,0,11.0123,0,22.4161,0
2015-03-03 08:57:53,0,0,1.89207,0,10.9438,0,22.4161,0
2015-03-03 09:02:53,1,0,1.79741,0,9.72265,0,22.4161,0
2015-03-03 09:07:53,0,0,1.74966,0,9.00798,0,22.4161,0
2015-03-03 09:12:53,0,0,1.92667,0,8.02069,0,22.4161,0
2015-03-03 09:17:53,0,0,1.72492,0,10.8182,0,22.4161,0
2015-03-03 09:22:53,0,0,1.87024,0,10.8272,0,22.4161,0
2015-03-03 09:27:53,0,0,1.91406,0,11.1001,0,22.4161,0
2015-03-03 09:32:53,0,0,1.73332,0,10.8293,0,22.4161,0
2015-03-03 09:37:53,0,0,1.87573,0,11.1722,0,22.4161,0
2015-03-03 09:42:53,0,0,1.84862,0,11.0846,0,22.4161,0
2015-03-03 09:47:53,0,0,1.75735,0,10.8,0,22.4161,0
2015-03-03 09:52:53,0,0,1.81769,0,11.0818,0,22.4161,0
2015-03-03 09:57:53,0,0,1.78243,0,10.8782,0,22.4161,0
2015-03-03 10:02:53,0,0,1.75198,0,10.6899,0,22.4161,0
2015-03-03 10:07:53,0,0,1.88176,0,10.7699,0,22.4161,0
2015-03-03 10:12:53,0,0,1.76644,0,10.733,0,22.4161,0
2015-03-03 10:17:53,0,0,1.89193,0,10.7859,0,22.4161,0
2015-03-03 10:22:53,0,0,1.79341,0,11.0701,0,22.4161,0
2015-03-03 10:27:53,0,0,1.77414,0,10.8766,0,22.4161,0
2015-03-03 10:32:53,1,0,1.81996,0,10.0367,0,22.4161,0
2015-03-03 10:37:53,0,0,1.80251,0,8.74846,0,22.4161,0
2015-03-03 10:42:53,0,0,1.89531,0,7.76484,0,22.4161,0
2015-03-03 10:47:53,0,0,1.77009,0,10.9602,0,22.4161,0
2015-03-03 10:52:53,0,0,1.82226,0,10.9682,0,22.4161,0
2015-03-03 10:57:53,0,0,1.84861,0,11.0484,0,22.4161,0
2015-03-03 11:02:53,0,0,1.77446,0,10.8034,0,22.4161,0
2015-03-03 11:07:53,0,0,1.83373,0,10.9385,0,22.4161,0
2015-03-03 11:12:53,0,0,1.81464,0,10.9285,0,22.4161,0
2015-03-03 11:17:53,0,0,1.79414,0,10.8055,0,22.4161,0
2015-03-03 11:22:53,0,0,1.82648,0,10.9246,0,22.4161,0
2015-03-03 11:27:53,0,0,1.79665,0,10.8587,0,22.4161,0
2015-03-03 11:32:53,1,0,1.85668,0,9.83204,0,22.4161,0
2015-03-03 11:37:53,0,0,1.75482,0,8.92941,0,22.4161,0
2015-03-03 11:42:53,0,0,1.82287,0,7.85812,0,22.4161,0
2015-03-03 11:47:53,0,0,1.86537,0,10.9025,0,22.4161,0
2015-03-03 11:52:53,0,0,1.67992,0,10.7756,0,22.4161,0
2015-03-03 11:57:53,0,0,1.89643,0,10.8793,0,22.4161,0
2015-03-03 12:02:53,0,0,1.77513,0,10.8524,0,22.4161,0
2015-03-03 12:07:53,0,0,1.91544,0,10.6077,0,22.4161,0
2015-03-03 12:12:53,0,0,1.77163,0,11.155,0,22.4161,0
2015-03-03 12:17:53,0,0,1.91409,0,10.9279,0,22.4161,0
2015-03-03 12:22:53,0,0,1.67458,0,11.2037,0,22.4161,0
2015-03-03 12:27:53,1,0,1.90616,0,9.81765,0,22.4161,0
2015-03-03 12:32:53,1,0,1.7545,0,7.9976,0,22.4161,0
2015-03-03 12:37:53,0,0,1.82072,0,5.59057,0,22.4161,0
2015-03-03 12:42:53,0,0,1.85837,0,8.04818,0,22.4161,0
2015-03-03 12:47:53,0,0,1.7893,0,10.7633,0,22.4161,0
2015-03-03 12:52:53,1,0,1.82824,0,9.96819,0,22.4161,0
2015-03-03 12:57:53,0,0,1.80872,0,8.98194,0,22.4161,0
2015-03-03 13:02:53,0,0,1.94203,0,7.83308,0,22.4161,0
2015-03-03 13:07:53,0,0,1.79243,0,11.0442,0,22.4161,0
2015-03-03 13:12:53,0,0,1.87162,0,11.1026,0,22.4161,0
2015-03-03 13:17:53,0,0,1.82945,0,11.2826,0,22.4161,0
2015-03-03 13:22:53,0,0,1.67867,0,10.95,0,22.4161,0
2015-03-03 13:27:53,0,0,1.87624,0,10.9524,0,22.4161,0
2015-03-03 13:32:53,2,0,1.83318,0,8.96945,0,22.4161,0
2015-03-03 13:37:53,0,0,1.72115,0,7.11672,0,22.4161,0
2015-03-03 13:42:53,0,0,1.90097,0,5.75879,0,22.4161,0
2015-03-03 13:47:53,0,0,1.75627,0,10.8428,0,22.4161,0
2015-03-03 13:52:53,0,0,1.83251,0,10.7217,0,22.4161,0
2015-03-03 13:57:53,0,0,1.88439,0,11.048,0,22.4161,0
2015-03-03 14:02:53,0,0,1.73329,0,10.8182,0,22.4161,0
2015-03-03 14:07:53,0,0,1.98497,0,10.9996,0,22.4161,0
2015-03-03 14:12:53,0,0,1.79315,0,11.1047,0,22.4161,0
2015-03-03 14:17:53,1,0,1.80905,0,9.96298,0,22.4161,0
2015-03-03 14:22:53,0,0,1.74097,0,9.35027,0,22.4161,0
2015-03-03 14:27:53,0,0,1.88297,0,7.73853,0,22.4161,0
2015-03-03 14:32:53,0,0,1.76403,0,10.7921,0,22.4161,0
2015-03-03 14:37:53,0,0,1.88752,0,10.7529,0,22.4161,0
2015-03-03 14:42:53,0,0,1.69814,0,11.0645,0,22.4161,0
2015-03-03 14:47:53,0,0,1.9008,0,10.7653,0,22.4161,0
2015-03-03 14:52:53,2,0,1.85831,0,9.15803,0,22.4161,0
2015-03-03 14:57:53,2,0,1.72997,0,5.4345,0,22.4161,0
2015-03-03 15:02:53,0,0,1.90554,0,2.31094,0,22.4161,0
2015-03-03 15:07:53,0,0,1.80417,0,5.79053,0,22.4161,0
2015-03-03 15:12:53,1,0,1.84822,0,9.80514,0,22.4161,0
2015-03-03 15:17:53,1,0,1.84834,0,8.17317,0,22.4161,0
2015-03-03 15:22:53,5,0,1.79846,0,7.26061,0,22.4161,0
2015-03-03 15:27:53,1,0,1.7413,0,9.64643,0,22.4161,0
2015-03-03 15:32:53,2,0,2.00785,0,11.3106,0,22.4161,0
2015-03-03 15:37:53,1,0,1.71024,0,3.92065,0,22.4161,0
2015-03-03 15:42:53,0,0,1.87244,0,4.18907,0,22.4161,0
2015-03-03 15:47:53,4,0,1.84999,0,7.71015,0,22.4161,0
2015-03-03 15:52:53,5,0,1.72342,0,12.5358,0,22.4161,0
2015-03-03 15:57:53,3,0,1.97127,0,13.9593,0,22.4161,0
2015-03-03 16:02:53,3,0,1.80253,0,13.0319,0,22.4161,0
2015-03-03 16:07:53,2,0,1.80891,0,6.08468,0,22.4161,0
2015-03-03 16:12:53,1,0,1.88889,0,4.29006,0,22.4161,0
2015-03-03 16:17:53,0,0,1.77758,0,4.09913,0,22.4161,0
2015-03-03 16:22:53,1,0,1.82046,0,6.98211,0,22.4161,0
2015-03-03 16:27:53,0,0,1.88387,0,9.0423,0,22.4161,0
2015-03-03 16:32:53,2,0,1.79421,0,6.08979,0,22.4161,0
2015-03-03 16:37:53,0,0,1.90762,0,7.48784,0,22.4161,0
2015-03-03 16:42:53,0,0,1.72575,0,5.84443,0,22.4161,0
2015-03-03 16:47:53,0,0,1.829,0,10.9236,0,22.4161,0
2015-03-03 16:52:53,0,0,1.83392,0,11.0034,0,22.4161,0
2015-03-03 16:57:53,0,0,1.81472,0,10.6692,0,22.4161,0
2015-03-03 17:02:53,1,0,1.81157,0,9.96957,0,22.4161,0
2015-03-03 17:07:53,1,0,1.8202,0,7.94277,0,22.4161,0
2015-03-03 17:12:53,0,0,1.79741,0,5.88751,0,22.4161,0
2015-03-03 17:17:53,0,0,1.85689,0,7.87252,0,22.4161,0
2015-03-03 17:22:53,0,0,1.81699,0,10.9123,0,22.4161,0
2015-03-03 17:27:53,0,0,1.83293,0,10.923,0,22.4161,0
2015-03-03 17:32:53,0,0,1.87703,0,11.0376,0,22.4161,0
2015-03-03 17:37:53,0,0,1.82368,0,10.9938,0,22.4161,0
2015-03-03 17:42:53,1,0,1.86994,0,10.0765,0,22.4161,0
2015-03-03 17:47:53,0,0,1.80765,0,9.14838,0,22.4161,0
2015-03-03 17:52:53,0,0,1.87697,0,8.01857,0,22.4161,0
2015-03-03 17:57:53,0,0,1.76597,0,11.1021,0,22.4161,0
2015-03-03 18:02:53,0,0,1.83633,0,10.9429,0,22.4161,0
2015-03-03 18:07:53,0,0,1.84652,0,10.9992,0,22.4161,0
2015-03-03 18:12:53,0,0,1.78716,0,10.8171,0,22.4161,0
2015-03-03 18:17:53,1,0,1.88929,0,9.9892,0,22.4161,0
2015-03-03 18:22:53,0,0,1.77254,0,9.00318,0,22.4161,0
2015-03-03 18:27:53,1,0,1.83087,0,6.91262,0,22.4161,0
2015-03-03 18:32:53,0,0,1.82456,0,9.04383,0,22.4161,0
2015-03-03 18:37:53,0,0,1.85779,0,7.80391,0,22.4161,0
2015-03-03 18:42:53,1,0,1.789,0,9.99953,0,22.4161,0
2015-03-03 18:47:53,0,0,1.78649,0,8.97825,0,22.4161,0
2015-03-03 18:52:53,0,0,1.84466,0,7.93785,0,22.4161,0
2015-03-03 18:57:53,2,0,1.74289,0,9.0953,0,22.4161,0
2015-03-03 19:02:53,0,0,1.87049,0,7.41303,0,22.4161,0
2015-03-03 19:07:53,0,0,1.84103,0,5.82228,0,22.4161,0
2015-03-03 19:12:53,1,0,1.77152,0,9.81068,0,22.4161,0
2015-03-03 19:17:53,0,0,1.88775,0,9.06506,0,22.4161,0
2015-03-03 19:22:53,1,0,1.80111,0,6.95391,0,22.4161,0
2015-03-03 19:27:53,0,0,1.80373,0,8.89119,0,22.4161,0
2015-03-03 19:32:53,0,0,1.86664,0,8.06922,0,22.4161,0
2015-03-03 19:37:53,0,0,1.75414,0,10.8774,0,22.4161,0
2015-03-03 19:42:53,1,0,1.86,0,9.8986,0,22.4161,0
2015-03-03 19:47:53,0,0,1.79954,0,8.96819,0,22.4161,0
2015-03-03 19:52:53,0,0,1.79344,0,7.78196,0,22.4161,0
2015-03-03 19:57:53,0,0,1.85949,0,10.9725,0,22.4161,0
2015-03-03 20:02:53,0,0,1.77053,0,10.845,0,22.4161,0
2015-03-03 20:07:53,0,0,1.79942,0,10.8698,0,22.4161,0
2015-03-03 20:12:53,1,0,1.83302,0,9.91895,0,22.4161,0
2015-03-03 20:17:53,2,0,1.75848,0,7.07741,0,22.4161,0
2015-03-03 20:22:53,0,0,1.85816,0,4.4907,0,22.4161,0
2015-03-03 20:27:53,0,0,1.8566,0,5.87607,0,22.4161,0
2015-03-03 20:32:53,1,0,1.73746,0,9.84837,0,22.4161,0
2015-03-03 20:37:53,0,0,1.8882,0,9.02515,0,22.4161,0
2015-03-03 20:42:53,1,0,1.78798,0,6.93291,0,22.4161,0
2015-03-03 20:47:53,0,0,1.76549,0,8.77676,0,22.4161,0
2015-03-03 20:52:53,1,0,1.93264,0,7.00603,0,22.4161,0
2015-03-03 20:57:53,1,0,1.82201,0,7.82754,0,22.4161,0
2015-03-03 21:02:53,0,0,1.81327,0,5.98375,0,22.4161,0
2015-03-03 21:07:53,1,0,1.8994,0,7.25522,0,22.4161,0
2015-03-03 21:12:53,0,0,1.70456,0,8.99198,0,22.4161,0
2015-03-03 21:17:53,0,0,1.93101,0,7.94318,0,22.4161,0
2015-03-03 21:22:53,0,0,1.83724,0,11.0383,0,22.4161,0
2015-03-03 21:27:53,0,0,1.72893,0,10.8129,0,22.4161,0
2015-03-03 21:32:53,0,0,1.93603,0,11.1964,0,22.4161,0
2015-03-03 21:37:53,0,0,1.72764,0,10.9056,0,22.4161,0
2015-03-03 21:42:53,2,0,1.89269,0,12.5028,0,22.4161,0
2015-03-03 21:47:53,2,0,1.72547,0,7.75966,0,22.4161,0
2015-03-03 21:52:53,1,0,1.86557,0,1.75715,0,22.4161,0
2015-03-03 21:57:53,6,0,1.83109,0,5.90728,0,22.4161,0
2015-03-03 22:02:53,3,0,1.74233,0,11.6142,0,22.4161,0
2015-03-03 22:07:53,6,0,1.92534,0,18.9988,0,22.4161,0
2015-03-03 22:12:53,6,0,1.81115,0,16.0967,0,22.4161,0
2015-03-03 22:17:53,2,0,1.82799,0,21.1112,0,22.4161,0
2015-03-03 22:22:53,7,0,1.92188,0,17.7737,0,22.4161,0
2015-03-03 22:27:53,6,0,1.7468,0,14.9887,0,22.4161,0
2015-03-03 22:32:53,3,0,1.92461,0,24.9255,0,22.4161,1
2015-03-03 22:37:53,2,0,1.85763,0,14.8161,0,22.4161,0
2015-03-03 22:42:53,0,0,1.81545,0,5.76801,0,22.4161,0
2015-03-03 22:47:53,0,0,1.93064,0,5.75688,0,22.4161,0
2015-03-03 22:52:53,1,0,1.75508,0,10.1344,0,22.4161,0
2015-03-03 22:57:53,2,0,1.83541,0,10.0918,0,22.4161,0
2015-03-03 23:02:53,0,0,1.8619,0,5.79514,0,22.4161,0
2015-03-03 23:07:53,0,0,1.74002,0,6.26749,0,22.4161,0
2015-03-03 23:12:53,1,0,1.84857,0,9.97006,0,22.4161,0
2015-03-03 23:17:53,0,0,1.76152,0,8.91431,0,22.4161,0
2015-03-03 23:22:53,1,0,1.7881,0,6.67874,0,22.4161,0
2015-03-03 23:27:53,0,0,1.85672,0,8.85686,0,22.4161,0
2015-03-03 23:32:53,0,0,1.78307,1,7.71748,0,22.4161,0
2015-03-03 23:37:53,0,0,1.86045,1,10.8608,0,22.4161,0
2015-03-03 23:42:53,0,0,1.84005,1,10.9968,0,22.4161,0
2015-03-03 23:47:53,0,0,1.80093,1,10.9102,0,22.4161,0
2015-03-03 23:52:53,0,0,1.83759,1,11.0624,0,22.4161,0
2015-03-03 23:57:53,0,0,1.85518,1,10.9596,0,22.4161,0
2015-03-04 00:02:53,0,0,1.83822,1,10.9331,0,22.4161,0
2015-03-04 00:07:53,0,0,1.87556,1,11.0613,0,22.4161,0
2015-03-04 00:12:53,0,0,1.81448,1,11.1175,0,22.4161,0
2015-03-04 00:17:53,0,0,1.82727,1,11.0803,0,22.4161,0
2015-03-04 00:22:53,0,0,1.83628,1,11.0829,0,22.4161,0
2015-03-04 00:27:53,0,0,1.86252,1,10.9343,0,22.4161,0
2015-03-04 00:32:53,0,0,1.81097,1,11.0169,0,22.4161,0
2015-03-04 00:37:53,0,0,1.83691,1,11.0449,0,22.4161,0
2015-03-04 00:42:53,0,0,1.82963,1,11.0464,0,22.4161,0
2015-03-04 00:47:53,1,0,1.79911,1,9.93636,0,22.4161,0
2015-03-04 00:52:53,1,0,1.86777,1,7.9691,0,22.4161,0
2015-03-04 00:57:53,0,0,1.77294,1,5.95488,0,22.4161,0
2015-03-04 01:02:53,0,0,1.82515,1,7.9058,0,22.4161,0
2015-03-04 01:07:53,0,0,1.77479,1,10.9744,0,22.4161,0
2015-03-04 01:12:53,0,0,1.80528,1,10.7439,0,22.4161,0
2015-03-04 01:17:53,0,0,1.81415,1,10.8303,0,22.4161,0
2015-03-04 01:22:53,0,0,1.8097,1,10.7491,0,22.4161,0
2015-03-04 01:27:53,0,0,1.8384,1,10.8538,0,22.4161,0
2015-03-04 01:32:53,0,0,1.78879,1,10.9002,0,22.4161,0
2015-03-04 01:37:53,1,0,1.85145,1,9.89469,0,22.4161,0
2015-03-04 01:42:53,0,0,1.83358,1,8.94422,0,22.4161,0
2015-03-04 01:47:53,0,0,1.8021,1,7.90285,0,22.4161,0
2015-03-04 01:52:53,2,0,1.85891,1,9.41942,0,22.4161,0
2015-03-04 01:57:53,0,0,1.75069,1,7.75546,0,22.4161,0
2015-03-04 02:02:53,0,0,1.85959,1,6.06221,0,22.4161,0
2015-03-04 02:07:53,0,0,1.813,1,10.9377,0,22.4161,0
2015-03-04 02:12:53,0,0,1.78185,1,10.7842,0,22.4161,0
2015-03-04 02:17:53,0,0,1.87358,1,10.9866,0,22.4161,0
2015-03-04 02:22:53,0,0,1.73732,1,10.8763,0,22.4161,0
2015-03-04 02:27:53,0,0,1.85825,1,10.83,0,22.4161,0
2015-03-04 02:32:53,0,0,1.81305,1,10.9536,0,22.4161,0
2015-03-04 02:37:53,0,0,1.76062,1,10.7415,0,22.4161,0
2015-03-04 02:42:53,0,0,1.83766,1,10.9615,0,22.4161,0
2015-03-04 02:47:53,0,0,1.77718,1,10.7981,0,22.4161,0
2015-03-04 02:52:53,3,0,1.79679,1,10.18,0,22.4161,0
2015-03-04 02:57:53,0,0,1.83425,1,9.75542,0,22.4161,0
2015-03-04 03:02:53,0,0,1.78139,1,9.09631,0,22.4161,0
2015-03-04 03:07:53,0,0,1.82481,1,10.8403,0,22.4161,0
2015-03-04 03:12:53,0,0,1.83864,1,10.8904,0,22.4161,0
2015-03-04 03:17:53,0,0,1.82964,1,10.8324,0,22.4161,0
2015-03-04 03:22:53,0,0,1.78694,1,10.9814,0,22.4161,0
2015-03-04 03:27:53,0,0,1.90524,1,10.9621,0,22.4161,0
2015-03-04 03:32:53,0,0,1.85853,1,10.968,0,22.4161,0
2015-03-04 03:37:53,0,0,1.81124,1,11.0298,0,22.4161,0
2015-03-04 03:42:53,0,0,1.79507,1,11.244,0,22.4161,0
2015-03-04 03:47:53,0,0,1.75214,1,10.9931,0,22.4161,0
2015-03-04 03:52:53,0,0,1.79646,1,10.776,0,22.4161,0
2015-03-04 03:57:53,0,0,1.89812,1,10.6859,0,22.4161,0
2015-03-04 04:02:53,0,0,1.71891,1,10.7475,0,22.4161,0
2015-03-04 04:07:53,0,0,1.90436,1,10.9045,0,22.4161,0
2015-03-04 04:12:53,0,0,1.79756,1,11.0365,0,22.4161,0
2015-03-04 04:17:53,0,0,1.77226,1,10.763,0,22.4161,0
2015-03-04 04:22:53,0,0,1.90617,1,11.0805,0,22.4161,0
2015-03-04 04:27:53,0,0,1.75861,1,10.8434,0,22.4161,0
2015-03-04 04:32:53,0,0,1.91331,1,10.8877,0,22.4161,0
2015-03-04 04:37:53,0,0,1.79293,1,11.1491,0,22.4161,0
2015-03-04 04:42:53,0,0,1.73094,1,10.8954,0,22.4161,0
2015-03-04 04:47:53,0,0,1.86487,1,11.0567,0,22.4161,0
2015-03-04 04:52:53,1,0,1.81697,1,9.70553,0,22.4161,0
2015-03-04 04:57:53,0,0,1.76038,1,8.73952,0,22.4161,0
2015-03-04 05:02:53,0,0,1.85524,1,7.98894,0,22.4161,0
2015-03-04 05:07:53,0,0,1.76334,1,10.8269,0,22.4161,0
2015-03-04 05:12:53,0,0,1.90011,1,10.755,0,22.4161,0
2015-03-04 05:17:53,0,0,1.84044,1,10.9925,0,22.4161,0
2015-03-04 05:22:53,0,0,1.83194,1,10.9307,0,22.4161,0
2015-03-04 05:27:53,0,0,1.75641,1,11.2132,0,22.4161,0
2015-03-04 05:32:53,0,0,1.86332,1,10.9416,0,22.4161,0
2015-03-04 05:37:53,0,0,1.83698,1,10.872,0,22.4161,0
2015-03-04 05:42:53,0,0,1.68822,1,10.8329,0,22.4161,0
2015-03-04 05:47:53,0,0,1.84203,1,10.9522,0,22.4161,0
2015-03-04 05:52:53,2,0,1.74742,1,9.04537,0,22.4161,0
2015-03-04 05:57:53,0,0,1.86333,1,7.12803,0,22.4161,0
2015-03-04 06:02:53,0,0,1.79426,1,5.83209,0,22.4161,0
2015-03-04 06:07:53,2,0,1.85003,1,9.17467,0,22.4161,0
2015-03-04 06:12:53,1,0,1.77798,1,6.85149,0,22.4161,0
2015-03-04 06:17:53,0,0,1.89802,1,4.09525,0,22.4161,0
2015-03-04 06:22:53,0,0,1.76181,1,8.00408,0,22.4161,0
2015-03-04 06:27:53,0,0,1.86125,1,10.8918,0,22.4161,0
2015-03-04 06:32:53,0,0,1.85135,1,11.0789,0,22.4161,0
2015-03-04 06:37:53,0,0,1.82148,1,10.8593,0,22.4161,0
2015-03-04 06:42:53,0,0,1.80864,1,11.108,0,22.4161,0
2015-03-04 06:47:53,0,0,1.8018,1,11.0057,0,22.4161,0
2015-03-04 06:52:53,1,0,1.83912,1,9.88352,0,22.4161,0
2015-03-04 06:57:53,1,0,1.81037,1,7.86864,0,22.4161,0
2015-03-04 07:02:53,0,0,1.75364,1,5.89402,0,22.4161,0
2015-03-04 07:07:53,0,0,1.79876,1,7.89173,0,22.4161,0
2015-03-04 07:12:53,0,0,1.87815,1,10.7372,0,22.4161,0
2015-03-04 07:17:53,0,0,1.73228,1,10.7366,0,22.4161,0
2015-03-04 07:22:53,0,0,1.91328,1,10.8849,0,22.4161,0
2015-03-04 07:27:53,0,0,1.76961,1,11.0123,0,22.4161,0
2015-03-04 07:32:53,0,0,1.82672,1,10.793,0,22.4161,0
2015-03-04 07:37:53,0,0,1.86413,1,11.1058,0,22.4161,0
2015-03-04 07:42:53,0,0,1.76415,1,10.8264,0,22.4161,0
2015-03-04 07:47:53,1,0,1.80678,1,9.97256,0,22.4161,0
2015-03-04 07:52:53,1,0,1.85787,1,7.92746,0,22.4161,0
2015-03-04 07:57:53,1,0,1.79964,1,4.76389,0,22.4161,0
2015-03-04 08:02:53,0,0,1.82542,1,5.93572,0,22.4161,0
2015-03-04 08:07:53,1,0,1.85327,1,6.99831,0,22.4161,0
2015-03-04 08:12:53,0,0,1.82752,1,8.90302,0,22.4161,0
2015-03-04 08:17:53,0,0,1.83699,1,8.01033,0,22.4161,0
2015-03-04 08:22:53,0,0,1.8377,1,11.0519,0,22.4161,0
2015-03-04 08:27:53,0,0,1.82062,1,10.9942,0,22.4161,0
2015-03-04 08:32:53,0,0,1.94946,1,11.007,0,22.4161,0
2015-03-04 08:37:53,0,0,1.83661,1,11.1038,0,22.4161,0
2015-03-04 08:42:53,0,0,1.73998,1,11.1974,0,22.4161,0
2015-03-04 08:47:53,0,0,1.8013,1,11.2616,0,22.4161,0
2015-03-04 08:52:53,0,0,1.82821,1,10.7911,0,22.4161,0
2015-03-04 08:57:53,1,0,1.76921,1,9.65076,0,22.4161,0
2015-03-04 09:02:53,0,0,1.72975,1,8.82954,0,22.4161,0
2015-03-04 09:07:53,0,0,1.84178,1,7.7528,0,22.4161,0
2015-03-04 09:12:53,0,0,1.84261,1,10.6089,0,22.4161,0
2015-03-04 09:17:53,0,0,1.76283,1,10.7154,0,22.4161,0
2015-03-04 09:22:53,0,0,1.93588,1,10.9734,0,22.4161,0
2015-03-04 09:27:53,0,0,1.78578,1,10.9894,0,22.4161,0
2015-03-04 09:32:53,0,0,1.88902,1,10.946,0,22.4161,0
2015-03-04 09:37:53,0,0,1.82363,1,11.2682,0,22.4161,0
2015-03-04 09:42:53,0,0,1.76952,1,10.959,0,22.4161,0
2015-03-04 09:47:53,0,0,1.84454,1,11.0838,0,22.4161,0
2015-03-04 09:52:53,0,0,1.79637,1,10.8545,0,22.4161,0
2015-03-04 09:57:53,1,0,1.79173,1,9.79402,0,22.4161,0
2015-03-04 10:02:53,0,0,1.82293,1,8.91811,0,22.4161,0
2015-03-04 10:07:53,0,0,1.80493,1,7.79551,0,22.4161,0
2015-03-04 10:12:53,0,0,1.86676,1,10.826,0,22.4161,0
2015-03-04 10:17:53,0,0,1.83477,1,10.9454,0,22.4161,0
2015-03-04 10:22:53,0,0,1.79613,1,10.9831,0,22.4161,0
2015-03-04 10:27:53,0,0,1.82318,1,11.066,0,22.4161,0
2015-03-04 10:32:53,0,0,1.81673,1,10.9198,0,22.4161,0
2015-03-04 10:37:53,0,0,1.89044,1,10.8515,0,22.4161,0
2015-03-04 10:42:53,0,0,1.7661,1,10.9934,0,22.4161,0
2015-03-04 10:47:53,0,0,1.68602,1,10.9972,0,22.4161,0
2015-03-04 10:52:53,0,0,1.90055,1,10.8895,0,22.4161,0
2015-03-04 10:57:53,2,0,1.7734,1,8.7698,0,22.4161,0
2015-03-04 11:02:53,1,0,1.75265,1,6.03036,0,22.4161,0
2015-03-04 11:07:53,0,0,1.85462,1,3.5978,0,22.4161,0
2015-03-04 11:12:53,0,0,1.89831,1,7.68013,0,22.4161,0
2015-03-04 11:17:53,0,0,1.77772,1,10.8655,0,22.4161,0
2015-03-04 11:22:53,0,0,1.90168,1,11.1382,0,22.4161,0
2015-03-04 11:27:53,0,0,1.79657,1,11.152,0,22.4161,0
2015-03-04 11:32:53,0,0,1.84837,1,10.9331,0,22.4161,0
2015-03-04 11:37:53,0,0,1.85917,1,11.1466,0,22.4161,0
2015-03-04 11:42:53,0,0,1.83046,1,10.9456,0,22.4161,0
2015-03-04 11:47:53,0,0,1.73665,1,11.0939,0,22.4161,0
2015-03-04 11:52:53,0,0,1.79692,1,10.9751,0,22.4161,0
2015-03-04 11:57:53,0,0,1.80686,1,10.7616,0,22.4161,0
2015-03-04 12:02:53,0,0,1.85427,1,10.6107,0,22.4161,0
2015-03-04 12:07:53,0,0,1.72691,1,10.8588,0,22.4161,0
2015-03-04 12:12:53,0,0,1.84403,1,10.856,0,22.4161,0
2015-03-04 12:17:53,0,0,1.85114,1,10.8607,0,22.4161,0
2015-03-04 12:22:53,0,0,1.73553,1,10.7199,0,22.4161,0
2015-03-04 12:27:53,1,0,1.8737,1,9.96991,0,22.4161,0
2015-03-04 12:32:53,0,0,1.74506,1,8.89818,0,22.4161,0
2015-03-04 12:37:53,0,0,1.96764,1,7.69905,0,22.4161,0
2015-03-04 12:42:53,0,0,1.78359,1,11.0788,0,22.4161,0
2015-03-04 12:47:53,0,0,1.72368,1,10.954,0,22.4161,0
2015-03-04 12:52:53,0,0,1.92076,1,11.1938,0,22.4161,0
2015-03-04 12:57:53,0,0,1.79561,1,10.7189,0,22.4161,0
2015-03-04 13:02:53,1,0,1.81914,1,9.80818,0,22.4161,0
2015-03-04 13:07:53,1,0,1.79251,1,8.17263,0,22.4161,0
2015-03-04 13:12:53,0,0,1.82069,1,5.81762,0,22.4161,0
2015-03-04 13:17:53,1,0,1.90228,1,6.86312,0,22.4161,0
2015-03-04 13:22:53,0,0,1.74247,1,8.92119,0,22.4161,0
2015-03-04 13:27:53,0,0,1.97822,1,8.00909,0,22.4161,0
2015-03-04 13:32:53,0,0,1.75095,1,11.17,0,22.4161,0
2015-03-04 13:37:53,0,0,1.78011,1,10.9348,0,22.4161,0
2015-03-04 13:42:53,0,0,1.97425,1,11.2167,0,22.4161,0
2015-03-04 13:47:53,0,0,1.65524,1,10.7873,0,22.4161,0
2015-03-04 13:52:53,0,0,1.83759,1,10.9441,0,22.4161,0
2015-03-04 13:57:53,0,0,1.76115,1,11.0708,0,22.4161,0
2015-03-04 14:02:53,1,0,1.83384,1,9.40207,0,22.4161,0
2015-03-04 14:07:53,1,0,1.8071,1,7.86891,0,22.4161,0
2015-03-04 14:12:53,2,0,1.81123,1,4.14403,0,22.4161,0
2015-03-04 14:17:53,0,0,1.81128,1,4.69856,0,22.4161,0
2015-03-04 14:22:53,11,0,1.92734,1,13.3899,0,22.4161,0
2015-03-04 14:27:53,12,0,1.69866,1,33.8838,0,22.4161,1
2015-03-04 14:32:53,0,0,1.87386,1,49.4101,0,22.4161,1
2015-03-04 14:37:53,0,0,1.89416,1,35.4892,0,22.4161,1
2015-03-04 14:42:53,0,0,1.75014,1,10.7379,0,22.4161,0
2015-03-04 14:47:53,0,0,1.9421,1,11.16,0,22.4161,0
2015-03-04 14:52:53,0,0,1.77858,1,11.1249,0,22.4161,0
2015-03-04 14:57:53,1,0,1.83917,1,9.91321,0,22.4161,0
2015-03-04 15:02:53,3,0,1.8945,1,8.54429,0,22.4161,0
2015-03-04 15:07:53,0,0,1.77442,1,6.55191,0,22.4161,0
2015-03-04 15:12:53,1,0,1.83564,1,8.04591,0,22.4161,0
2015-03-04 15:17:53,0,0,1.72845,1,9.06797,0,22.4161,0
2015-03-04 15:22:53,0,0,1.77351,1,7.72299,0,22.4161,0
2015-03-04 15:27:53,0,0,1.89635,1,10.7373,0,22.4161,0
2015-03-04 15:32:53,1,0,1.73951,1,9.62873,0,22.4161,0
2015-03-04 15:37:53,1,0,1.82512,1,7.85273,0,22.4161,0
2015-03-04 15:42:53,0,0,1.84855,1,5.99318,0,22.4161,0
2015-03-04 15:47:53,2,0,1.76899,1,6.02021,0,22.4161,0
2015-03-04 15:52:53,0,0,1.79177,1,7.54723,0,22.4161,0
2015-03-04 15:57:53,5,0,1.86449,1,7.20055,0,22.4161,0
2015-03-04 16:02:53,20,0,1.84615,1,29.8589,0,22.4161,1
2015-03-04 16:07:53,4,0,1.82193,1,48.0496,0,22.4161,1
2015-03-04 16:12:53,0,1,1.89183,1,60.5362,0,22.4161,1
2015-03-04 16:17:53,0,1,1.76019,1,11.9973,0,22.4161,0
2015-03-04 16:22:53,1,1,1.89778,1,10.0097,0,22.4161,0
2015-03-04 16:27:53,0,1,1.83397,1,9.09367,0,22.4161,0
2015-03-04 16:32:53,0,1,1.76584,1,7.91011,0,22.4161,0
2015-03-04 16:37:53,0,1,1.90503,1,11.1271,0,22.4161,0
2015-03-04 16:42:53,1,1,1.81906,1,9.93861,0,22.4161,0
2015-03-04 16:47:53,2,1,1.85906,1,9.73173,0,22.4161,0
2015-03-04 16:52:53,0,1,1.8051,1,5.5692,0,22.4161,0
2015-03-04 16:57:53,1,1,1.77791,1,5.06605,0,22.4161,0
2015-03-04 17:02:53,1,1,1.78798,1,7.9653,0,22.4161,0
2015-03-04 17:07:53,1,1,1.86618,1,4.75911,0,22.4161,0
2015-03-04 17:12:53,2,1,1.71791,1,4.04351,0,22.4161,0
2015-03-04 17:17:53,1,1,1.82774,1,3.34949,0,22.4161,0
2015-03-04 17:22:53,1,1,1.77074,1,2.66503,0,22.4161,0
2015-03-04 17:27:53,0,1,1.81286,1,5.57996,0,22.4161,0
2015-03-04 17:32:53,0,1,1.84988,1,7.83755,0,22.4161,0
2015-03-04 17:37:53,1,1,1.8497,1,9.78781,0,22.4161,0
2015-03-04 17:42:53,0,1,1.9146,1,8.98803,0,22.4161,0
2015-03-04 17:47:53,0,1,1.82727,1,8.16363,0,22.4161,0
2015-03-04 17:52:53,0,1,1.75521,1,11.2056,0,22.4161,0
2015-03-04 17:57:53,0,1,1.8442,1,11.1536,0,22.4161,0
2015-03-04 18:02:53,0,1,1.83883,1,10.8364,0,22.4161,0
2015-03-04 18:07:53,0,1,1.7849,1,10.7929,0,22.4161,0
2015-03-04 18:12:53,1,1,1.80098,1,9.99516,0,22.4161,0
2015-03-04 18:17:53,0,1,1.80887,1,8.88726,0,22.4161,0
2015-03-04 18:22:53,0,1,1.88596,1,7.76553,0,22.4161,0
2015-03-04 18:27:53,1,1,1.8129,1,9.90664,0,22.4161,0
2015-03-04 18:32:53,0,1,1.86835,1,9.01143,0,22.4161,0
2015-03-04 18:37:53,0,1,1.7377,1,8.15202,0,22.4161,0
2015-03-04 18:42:53,0,1,1.83931,1,10.9131,0,22.4161,0
2015-03-04 18:47:53,1,1,1.82896,1,9.91976,0,22.4161,0
2015-03-04 18:52:53,4,1,1.75542,1,9.06276,0,22.4161,0
2015-03-04 18:57:53,0,1,1.80534,1,8.61544,0,22.4161,0
2015-03-04 19:02:53,0,1,1.77686,1,11.8293,0,22.4161,0
2015-03-04 19:07:53,0,1,1.82935,1,10.6538,0,22.4161,0
2015-03-04 19:12:53,1,1,1.81986,1,9.79907,0,22.4161,0
2015-03-04 19:17:53,0,1,1.84934,1,8.80913,0,22.4161,0
2015-03-04 19:22:53,0,1,1.79212,1,7.97712,0,22.4161,0
2015-03-04 19:27:53,0,1,1.90546,1,10.9504,0,22.4161,0
2015-03-04 19:32:53,0,1,1.78403,1,11.0377,0,22.4161,0
2015-03-04 19:37:53,0,1,1.79157,1,10.9713,0,22.4161,0
2015-03-04 19:42:53,0,1,1.8614,1,11.076,0,22.4161,0
2015-03-04 19:47:53,0,1,1.78767,1,10.7966,0,22.4161,0
2015-03-04 19:52:53,1,1,1.79036,1,9.88518,0,22.4161,0
2015-03-04 19:57:53,0,1,1.84329,1,8.94989,0,22.4161,0
2015-03-04 20:02:53,1,1,1.77885,1,6.78701,0,22.4161,0
2015-03-04 20:07:53,1,1,1.84266,1,7.83651,0,22.4161,0
2015-03-04 20:12:53,0,1,1.78172,1,5.93024,0,22.4161,0
2015-03-04 20:17:53,1,1,1.76479,1,6.80359,0,22.4161,0
2015-03-04 20:22:53,0,1,1.85815,1,8.8562,0,22.4161,0
2015-03-04 20:27:53,0,1,1.80653,1,7.73289,0,22.4161,0
2015-03-04 20:32:53,0,1,1.85757,1,10.8172,0,22.4161,0
2015-03-04 20:37:53,2,1,1.78808,1,9.32994,0,22.4161,0
2015-03-04 20:42:53,0,1,1.76535,1,7.49253,0,22.4161,0
2015-03-04 20:47:53,0,1,1.8784,1,5.7688,0,22.4161,0
2015-03-04 20:52:53,0,1,1.80462,1,10.7733,0,22.4161,0
2015-03-04 20:57:53,0,1,1.72782,1,10.8575,0,22.4161,0
2015-03-04 21:02:53,0,1,1.88471,1,10.9723,0,22.4161,0
2015-03-04 21:07:53,0,1,1.8672,1,10.7542,0,22.4161,0
2015-03-04 21:12:53,2,1,1.86414,1,12.4581,0,22.4161,0
2015-03-04 21:17:53,1,1,1.76471,1,8.3869,0,22.4161,0
2015-03-04 21:22:53,0,1,1.91715,1,3.8914,0,22.4161,0
2015-03-04 21:27:53,0,1,1.69154,1,8.039,0,22.4161,0
2015-03-04 21:32:53,0,1,1.9074,1,10.82,0,22.4161,0
2015-03-04 21:37:53,0,1,1.79016,1,11.0419,0,22.4161,0
2015-03-04 21:42:53,2,1,1.7883,1,12.2358,0,22.4161,0
2015-03-04 21:47:53,0,1,1.81115,1,9.25194,0,22.4161,0
2015-03-04 21:52:53,1,1,1.87411,1,5.01726,0,22.4161,0
2015-03-04 21:57:53,0,1,1.78278,1,8.86131,0,22.4161,0
2015-03-04 22:02:53,0,1,1.80486,1,7.96447,0,22.4161,0
2015-03-04 22:07:53,0,1,1.87296,1,10.9928,0,22.4161,0
2015-03-04 22:12:53,0,1,1.77622,1,10.831,0,22.4161,0
2015-03-04 22:17:53,0,1,1.95349,1,10.9367,0,22.4161,0
2015-03-04 22:22:53,2,1,1.73191,1,9.21782,0,22.4161,0
2015-03-04 22:27:53,0,1,1.83021,1,7.15359,0,22.4161,0
2015-03-04 22:32:53,0,1,1.89881,1,5.43355,0,22.4161,0
2015-03-04 22:37:53,0,1,1.77367,1,10.755,0,22.4161,0
2015-03-04 22:42:53,0,1,1.75742,1,11.0619,0,22.4161,0
2015-03-04 22:47:53,0,1,1.95428,1,11.0012,0,22.4161,0
2015-03-04 22:52:53,0,1,1.65014,1,10.7901,0,22.4161,0
2015-03-04 22:57:53,0,1,2.01213,1,10.831,0,22.4161,0
2015-03-04 23:02:53,0,1,1.67362,1,11.1752,0,22.4161,0
2015-03-04 23:07:53,0,1,1.83178,1,10.6483,0,22.4161,0
2015-03-04 23:12:53,0,1,1.85515,1,11.2154,0,22.4161,0
2015-03-04 23:17:53,1,1,1.74205,1,9.53957,0,22.4161,0
2015-03-04 23:22:53,1,1,1.89881,1,7.94771,0,22.4161,0
2015-03-04 23:27:53,0,1,1.75658,1,5.94837,0,22.4161,0
2015-03-04 23:32:53,0,1,1.82348,1,7.78035,0,22.4161,0
2015-03-04 23:37:53,0,1,1.8675,1,11.0331,0,22.4161,0
2015-03-04 23:42:53,0,1,1.83937,1,10.7842,0,22.4161,0
2015-03-04 23:47:53,0,1,1.71045,1,11.0448,0,22.4161,0
2015-03-04 23:52:53,0,1,1.93127,1,10.9917,0,22.4161,0
2015-03-04 23:57:53,0,1,1.82407,1,10.8703,0,22.4161,0
2015-03-05 00:02:53,0,1,1.88951,1,10.818,0,22.4161,0
2015-03-05 00:07:53,0,1,1.69295,1,11.3315,0,22.4161,0
2015-03-05 00:12:53,0,1,1.86747,1,10.9442,0,22.4161,0
2015-03-05 00:17:53,0,1,1.78528,1,10.9219,0,22.4161,0
2015-03-05 00:22:53,0,1,1.86391,1,10.5991,0,22.4161,0
2015-03-05 00:27:53,0,1,1.77895,1,11.0369,0,22.4161,0
2015-03-05 00:32:53,1,1,1.8015,1,9.86261,0,22.4161,0
2015-03-05 00:37:53,0,1,1.8094,1,8.95113,0,22.4161,0
2015-03-05 00:42:53,0,1,1.79537,1,7.74925,0,22.4161,0
2015-03-05 00:47:53,0,1,1.80296,1,10.8187,0,22.4161,0
2015-03-05 00:52:53,0,1,1.82854,1,10.8219,0,22.4161,0
2015-03-05 00:57:53,0,1,1.89876,1,10.8206,0,22.4161,0
2015-03-05 01:02:53,1,1,1.74483,1,9.96473,0,22.4161,0
2015-03-05 01:07:53,0,1,1.93377,1,9.02797,0,22.4161,0
2015-03-05 01:12:53,0,1,1.73128,1,8.1197,0,22.4161,0
2015-03-05 01:17:53,0,1,1.82567,1,10.8333,0,22.4161,0
2015-03-05 01:22:53,1,1,1.82648,1,10.0895,0,22.4161,0
2015-03-05 01:27:53,0,1,1.77568,1,8.67166,0,22.4161,0
2015-03-05 01:32:53,0,1,1.75965,1,7.90566,0,22.4161,0
2015-03-05 01:37:53,0,1,1.95665,1,10.7904,0,22.4161,0
2015-03-05 01:42:53,0,1,1.76038,1,10.803,0,22.4161,0
2015-03-05 01:47:53,0,1,1.93153,1,10.9526,0,22.4161,0
2015-03-05 01:52:53,0,1,1.69504,1,11.3222,0,22.4161,0
2015-03-05 01:57:53,0,1,1.79365,1,10.8392,0,22.4161,0
2015-03-05 02:02:53,0,1,1.91102,1,10.9783,0,22.4161,0
2015-03-05 02:07:53,0,1,1.70623,1,10.5834,0,22.4161,0
2015-03-05 02:12:53,0,1,1.83824,1,10.9092,0,22.4161,0
2015-03-05 02:17:53,0,1,1.83668,1,10.9837,0,22.4161,0
2015-03-05 02:22:53,0,1,1.73714,1,10.6318,0,22.4161,0
2015-03-05 02:27:53,0,1,1.88207,1,10.9252,0,22.4161,0
2015-03-05 02:32:53,0,1,1.78321,1,10.8664,0,22.4161,0
2015-03-05 02:37:53,0,1,1.76532,1,10.7587,0,22.4161,0
2015-03-05 02:42:53,0,1,1.93313,1,10.9779,0,22.4161,0
2015-03-05 02:47:53,0,1,1.693,1,10.8134,0,22.4161,0
2015-03-05 02:52:53,0,1,1.90068,1,10.8552,0,22.4161,0
2015-03-05 02:57:53,0,1,1.8246,1,11.0861,0,22.4161,0
2015-03-05 03:02:53,0,1,1.86024,1,10.705,0,22.4161,0
2015-03-05 03:07:53,0,1,1.77745,1,11.2115,0,22.4161,0
2015-03-05 03:12:53,1,1,1.82139,1,9.97173,0,22.4161,0
2015-03-05 03:17:53,0,1,1.7271,1,8.95701,0,22.4161,0
2015-03-05 03:22:53,0,1,1.94474,1,7.70223,0,22.4161,0
2015-03-05 03:27:53,1,1,1.7394,1,9.86311,0,22.4161,0
2015-03-05 03:32:53,0,1,1.80095,1,8.81018,0,22.4161,0
2015-03-05 03:37:53,0,1,1.88357,1,8.11398,0,22.4161,0
2015-03-05 03:42:53,1,1,1.74909,1,9.70367,0,22.4161,0
2015-03-05 03:47:53,0,1,1.89858,1,8.91907,0,22.4161,0
2015-03-05 03:52:53,0,1,1.8977,1,8.04746,0,22.4161,0
2015-03-05 03:57:53,0,1,1.68714,1,10.9421,0,22.4161,0
2015-03-05 04:02:53,0,1,1.86017,1,11.1783,0,22.4161,0
2015-03-05 04:07:53,0,1,1.85393,1,10.9276,0,22.4161,0
2015-03-05 04:12:53,1,1,1.6849,1,9.63571,0,22.4161,0
2015-03-05 04:17:53,0,1,1.9088,1,8.97327,0,22.4161,0
2015-03-05 04:22:53,0,1,1.76644,1,7.84039,0,22.4161,0
2015-03-05 04:27:53,0,1,1.90356,1,10.6387,0,22.4161,0
2015-03-05 04:32:53,0,1,1.73613,1,11.1628,0,22.4161,0
2015-03-05 04:37:53,0,1,1.81576,1,10.8426,0,22.4161,0
2015-03-05 04:42:53,0,1,1.84394,1,10.9987,0,22.4161,0
2015-03-05 04:47:53,0,1,1.84583,1,10.6838,0,22.4161,0
2015-03-05 04:52:53,0,1,1.77348,1,10.981,0,22.4161,0
2015-03-05 04:57:53,0,1,1.87331,1,10.997,0,22.4161,0
2015-03-05 05:02:53,0,1,1.77142,1,10.9578,0,22.4161,0
2015-03-05 05:07:53,0,1,1.83638,1,10.8385,0,22.4161,0
2015-03-05 05:12:53,0,1,1.81064,1,10.9992,0,22.4161,0
2015-03-05 05:17:53,0,1,1.79425,1,10.7977,0,22.4161,0
2015-03-05 05:22:53,0,1,1.86126,1,10.9247,0,22.4161,0
2015-03-05 05:27:53,1,1,1.77153,1,9.88167,0,22.4161,0
2015-03-05 05:32:53,0,1,1.80257,1,8.87679,0,22.4161,0
2015-03-05 05:37:53,0,1,1.87762,1,7.92942,0,22.4161,0
2015-03-05 05:42:53,0,1,1.80855,1,10.7973,0,22.4161,0
2015-03-05 05:47:53,0,1,1.80896,1,10.9715,0,22.4161,0
2015-03-05 05:52:53,0,1,1.93375,1,11.0589,0,22.4161,0
2015-03-05 05:57:53,0,1,1.71529,1,10.9773,0,22.4161,0
2015-03-05 06:02:53,0,1,1.85265,1,11.0097,0,22.4161,0
2015-03-05 06:07:53,0,1,1.855,1,11.0845,0,22.4161,0
2015-03-05 06:12:53,0,1,1.85263,1,10.7062,0,22.4161,0
2015-03-05 06:17:53,0,1,1.67456,1,11.1206,0,22.4161,0
2015-03-05 06:22:53,0,1,1.83812,1,10.9448,0,22.4161,0
2015-03-05 06:27:53,0,1,1.82029,1,10.7451,0,22.4161,0
2015-03-05 06:32:53,0,1,1.86797,1,10.5202,0,22.4161,0
2015-03-05 06:37:53,0,1,1.71417,1,11.0229,0,22.4161,0
2015-03-05 06:42:53,0,1,1.92904,1,10.911,0,22.4161,0
2015-03-05 06:47:53,0,1,1.73112,1,10.9613,0,22.4161,0
2015-03-05 06:52:53,0,1,1.82701,1,10.7317,0,22.4161,0
2015-03-05 06:57:53,0,1,1.87266,1,11.0763,0,22.4161,0
2015-03-05 07:02:53,0,1,1.73209,1,10.72,0,22.4161,0
2015-03-05 07:07:53,0,1,1.92994,1,10.9584,0,22.4161,0
2015-03-05 07:12:53,0,1,1.7318,1,11.0121,0,22.4161,0
2015-03-05 07:17:53,0,1,1.80023,1,10.7879,0,22.4161,0
2015-03-05 07:22:53,0,1,1.86606,1,11.0536,0,22.4161,0
2015-03-05 07:27:53,0,1,1.8066,1,10.6619,0,22.4161,0
2015-03-05 07:32:53,0,1,1.79396,1,10.9394,0,22.4161,0
2015-03-05 07:37:53,0,1,1.85717,1,11.0053,0,22.4161,0
2015-03-05 07:42:53,0,1,1.71226,1,10.8649,0,22.4161,0
2015-03-05 07:47:53,0,1,1.904,1,10.8085,0,22.4161,0
2015-03-05 07:52:53,0,1,1.76752,1,10.9,0,22.4161,0
2015-03-05 07:57:53,0,1,1.86557,1,10.7123,0,22.4161,0
2015-03-05 08:02:53,0,1,1.78084,1,11.1126,0,22.4161,0
2015-03-05 08:07:53,0,1,1.74584,1,10.8145,0,22.4161,0
2015-03-05 08:12:53,0,1,1.91209,1,10.9042,0,22.4161,0
2015-03-05 08:17:53,0,1,1.74358,1,10.7463,0,22.4161,0
2015-03-05 08:22:53,0,1,1.75375,1,10.8053,0,22.4161,0
2015-03-05 08:27:53,0,1,1.81466,1,10.9772,0,22.4161,0
2015-03-05 08:32:53,1,1,1.90049,1,9.55289,0,22.4161,0
2015-03-05 08:37:53,0,1,1.63163,1,8.79106,0,22.4161,0
2015-03-05 08:42:53,0,1,2.05579,1,7.87658,0,22.4161,0
2015-03-05 08:47:53,0,1,1.70548,1,11.0205,0,22.4161,0
2015-03-05 08:52:53,0,1,1.82263,1,10.7119,0,22.4161,0
2015-03-05 08:57:53,0,1,1.8873,1,11.401,0,22.4161,0
2015-03-05 09:02:53,0,1,1.70816,1,10.649,0,22.4161,0
2015-03-05 09:07:53,0,1,1.89215,1,10.9506,0,22.4161,0
2015-03-05 09:12:53,1,1,1.8306,1,9.97034,0,22.4161,0
2015-03-05 09:17:53,0,1,1.75298,1,8.73936,0,22.4161,0
2015-03-05 09:22:53,0,1,1.94155,1,8.09063,0,22.4161,0
2015-03-05 09:27:53,0,1,1.67326,1,10.9393,0,22.4161,0
2015-03-05 09:32:53,0,1,1.85443,1,10.8153,0,22.4161,0
2015-03-05 09:37:53,1,1,1.92785,1,10.0256,0,22.4161,0
2015-03-05 09:42:53,0,1,1.56417,1,8.65647,0,22.4161,0
2015-03-05 09:47:53,0,1,2.11996,1,7.98316,0,22.4161,0
2015-03-05 09:52:53,0,1,1.632,1,11.0318,0,22.4161,0
2015-03-05 09:57:53,0,1,1.87347,1,10.5644,0,22.4161,0
2015-03-05 10:02:53,0,1,1.85981,1,11.4973,0,22.4161,0
2015-03-05 10:07:53,0,1,1.67342,1,10.5027,0,22.4161,0
2015-03-05 10:12:53,1,1,1.99379,1,10.0134,0,22.4161,0
2015-03-05 10:17:53,0,1,1.76477,1,8.92006,0,22.4161,0
2015-03-05 10:22:53,0,1,1.76522,1,7.77261,0,22.4161,0
2015-03-05 10:27:53,0,1,1.90019,1,11.2761,0,22.4161,0
2015-03-05 10:32:53,0,1,1.74515,1,10.7249,0,22.4161,0
2015-03-05 10:37:53,0,1,1.83578,1,10.8412,0,22.4161,0
2015-03-05 10:42:53,0,1,1.82169,1,11.0267,0,22.4161,0
2015-03-05 10:47:53,0,1,1.78514,1,10.7287,0,22.4161,0
2015-03-05 10:52:53,0,1,1.96521,1,10.9359,0,22.4161,0
2015-03-05 10:57:53,0,1,1.746,1,11.0006,0,22.4161,0
2015-03-05 11:02:53,0,1,1.81671,1,11.0318,0,22.4161,0
2015-03-05 11:07:53,0,1,1.78352,1,11.2043,0,22.4161,0
2015-03-05 11:12:53,0,1,1.8537,1,10.6549,0,22.4161,0
2015-03-05 11:17:53,0,1,1.86738,1,10.8709,0,22.4161,0
2015-03-05 11:22:53,0,1,1.71016,1,10.9253,0,22.4161,0
2015-03-05 11:27:53,0,1,1.8137,1,11.006,0,22.4161,0
2015-03-05 11:32:53,0,1,1.83102,1,10.8362,0,22.4161,0
2015-03-05 11:37:53,0,1,1.83444,1,10.5889,0,22.4161,0
2015-03-05 11:42:53,0,1,1.79376,1,10.9376,0,22.4161,0
2015-03-05 11:47:53,0,1,1.86925,1,10.9557,0,22.4161,0
2015-03-05 11:52:53,0,1,1.80566,1,10.9601,0,22.4161,0
2015-03-05 11:57:53,0,1,1.90769,1,10.9255,0,22.4161,0
2015-03-05 12:02:53,0,1,1.68261,1,11.1268,0,22.4161,0
2015-03-05 12:07:53,0,1,1.90935,1,10.915,0,22.4161,0
2015-03-05 12:12:53,0,1,1.76946,1,10.9976,0,22.4161,0
2015-03-05 12:17:53,0,1,1.81382,1,10.636,0,22.4161,0
2015-03-05 12:22:53,0,1,1.80138,1,11.0808,0,22.4161,0
2015-03-05 12:27:53,0,1,1.79999,1,10.7374,0,22.4161,0
2015-03-05 12:32:53,0,1,1.84726,1,10.8442,0,22.4161,0
2015-03-05 12:37:53,0,1,1.78679,1,10.8514,0,22.4161,0
2015-03-05 12:42:53,0,1,1.88282,1,10.8813,0,22.4161,0
2015-03-05 12:47:53,0,1,1.66646,1,10.9982,0,22.4161,0
2015-03-05 12:52:53,0,1,1.96852,1,10.7925,0,22.4161,0
2015-03-05 12:57:53,0,1,1.76305,1,10.9499,0,22.4161,0
2015-03-05 13:02:53,0,1,1.79316,1,10.6995,0,22.4161,0
2015-03-05 13:07:53,0,1,1.81269,1,11.2248,0,22.4161,0
2015-03-05 13:12:53,0,1,1.72326,1,10.6882,0,22.4161,0
2015-03-05 13:17:53,0,1,1.91357,1,10.7281,0,22.4161,0
2015-03-05 13:22:53,1,1,1.76258,1,9.79816,0,22.4161,0
2015-03-05 13:27:53,1,1,1.7226,1,7.7595,0,22.4161,0
2015-03-05 13:32:53,0,1,1.94435,1,5.98848,0,22.4161,0
2015-03-05 13:37:53,0,1,1.80936,1,7.6773,0,22.4161,0
2015-03-05 13:42:53,1,1,1.79377,1,9.86586,0,22.4161,0
2015-03-05 13:47:53,0,1,1.82676,1,9.24553,0,22.4161,0
2015-03-05 13:52:53,0,1,1.8348,1,7.84236,0,22.4161,0
2015-03-05 13:57:53,0,1,1.84229,1,10.8696,0,22.4161,0
2015-03-05 14:02:53,0,1,1.82842,1,10.9922,0,22.4161,0
2015-03-05 14:07:53,0,1,1.85258,1,11.0174,0,22.4161,0
2015-03-05 14:12:53,0,1,1.76389,1,11.0363,0,22.4161,0
2015-03-05 14:17:53,0,1,1.83299,1,10.9543,0,22.4161,0
2015-03-05 14:22:53,2,1,1.79594,1,9.25254,0,22.4161,0
2015-03-05 14:27:53,0,1,1.75198,1,7.42164,0,22.4161,0
2015-03-05 14:32:53,0,1,1.90477,1,5.84488,0,22.4161,0
2015-03-05 14:37:53,0,1,1.71605,1,10.7966,0,22.4161,0
2015-03-05 14:42:53,0,1,1.88182,1,10.7815,0,22.4161,0
2015-03-05 14:47:53,0,1,1.86706,1,11.0282,0,22.4161,0
2015-03-05 14:52:53,0,1,1.64173,1,10.7788,0,22.4161,0
2015-03-05 14:57:53,0,1,2.03292,1,11.0213,0,22.4161,0
2015-03-05 15:02:53,0,1,1.76333,1,10.9176,0,22.4161,0
2015-03-05 15:07:53,0,1,1.82142,1,10.7544,0,22.4161,0
2015-03-05 15:12:53,0,1,1.81934,1,11.4468,0,22.4161,0
2015-03-05 15:17:53,0,1,1.76052,1,10.7522,0,22.4161,0
2015-03-05 15:22:53,0,1,1.90023,1,10.8635,0,22.4161,0
2015-03-05 15:27:53,1,1,1.83568,1,9.87928,0,22.4161,0
2015-03-05 15:32:53,0,1,1.64134,1,8.9177,0,22.4161,0
2015-03-05 15:37:53,1,1,1.99986,1,7.01338,0,22.4161,0
2015-03-05 15:42:53,1,1,1.68881,1,7.78958,0,22.4161,0
2015-03-05 15:47:53,0,1,1.85676,1,5.61255,0,22.4161,0
2015-03-05 15:52:53,0,1,1.93722,1,8.23396,0,22.4161,0
2015-03-05 15:57:53,0,1,1.71991,1,10.7172,0,22.4161,0
2015-03-05 16:02:53,0,1,1.99956,1,11.1646,0,22.4161,0
2015-03-05 16:07:53,0,1,1.78419,1,11.251,0,22.4161,0
2015-03-05 16:12:53,0,1,1.79852,1,10.943,0,22.4161,0
2015-03-05 16:17:53,0,1,1.84234,1,11.3656,0,22.4161,0
2015-03-05 16:22:53,0,1,1.78511,1,10.7919,0,22.4161,0
2015-03-05 16:27:53,0,1,1.77883,1,10.8653,0,22.4161,0
2015-03-05 16:32:53,0,1,1.8058,1,10.8761,0,22.4161,0
2015-03-05 16:37:53,0,1,1.70267,1,10.7188,0,22.4161,0
2015-03-05 16:42:53,0,1,1.97728,1,10.6508,0,22.4161,0
2015-03-05 16:47:53,0,1,1.7491,1,10.8,0,22.4161,0
2015-03-05 16:52:53,0,1,1.8424,1,10.8117,0,22.4161,0
2015-03-05 16:57:53,1,1,1.79908,1,10.2724,0,22.4161,0
2015-03-05 17:02:53,0,1,1.77621,1,8.73119,0,22.4161,0
2015-03-05 17:07:53,1,1,1.95165,1,6.90158,0,22.4161,0
2015-03-05 17:12:53,5,1,1.67637,1,9.99801,0,22.4161,0
2015-03-05 17:17:53,1,1,1.79037,1,9.10171,0,22.4161,0
2015-03-05 17:22:53,3,1,1.96951,1,11.7074,0,22.4161,0
2015-03-05 17:27:53,0,1,1.7071,1,6.41788,0,22.4161,0
2015-03-05 17:32:53,0,1,1.91593,1,9.275,0,22.4161,0
2015-03-05 17:37:53,0,1,1.87889,1,11.2387,0,22.4161,0
2015-03-05 17:42:53,0,1,1.72404,1,10.832,0,22.4161,0
2015-03-05 17:47:53,1,1,1.99825,1,10.2296,0,22.4161,0
2015-03-05 17:52:53,0,1,1.68771,1,9.08298,0,22.4161,0
2015-03-05 17:57:53,0,1,1.93838,1,7.85632,0,22.4161,0
2015-03-05 18:02:53,0,1,1.77558,1,11.3085,0,22.4161,0
2015-03-05 18:07:53,1,1,1.74947,1,9.71546,0,22.4161,0
2015-03-05 18:12:53,0,1,1.85513,1,9.11577,0,22.4161,0
2015-03-05 18:17:53,0,1,1.77135,1,7.6808,0,22.4161,0
2015-03-05 18:22:53,1,1,1.74633,1,9.73,0,22.4161,0
2015-03-05 18:27:53,1,1,1.90697,1,7.85441,0,22.4161,0
2015-03-05 18:32:53,0,1,1.72739,1,5.71369,0,22.4161,0
2015-03-05 18:37:53,2,1,1.801,1,8.68298,0,22.4161,0
2015-03-05 18:42:53,0,1,1.83201,1,9.61061,0,22.4161,0
2015-03-05 18:47:53,0,1,1.86807,1,6.25182,0,22.4161,0
2015-03-05 18:52:53,1,1,1.90851,1,9.93508,0,22.4161,0
2015-03-05 18:57:53,1,1,1.79359,1,8.14069,0,22.4161,0
2015-03-05 19:02:53,1,1,1.8591,1,5.21482,0,22.4161,0
2015-03-05 19:07:53,0,1,1.83194,1,6.1718,0,22.4161,0
2015-03-05 19:12:53,1,1,1.84829,1,6.93091,0,22.4161,0
2015-03-05 19:17:53,0,1,1.74092,1,9.08948,0,22.4161,0
2015-03-05 19:22:53,1,1,1.9244,1,6.93332,0,22.4161,0
2015-03-05 19:27:53,1,1,1.73751,1,7.9511,0,22.4161,0
2015-03-05 19:32:53,1,1,1.88594,1,4.80907,0,22.4161,0
2015-03-05 19:37:53,0,1,1.82362,1,6.13416,0,22.4161,0
2015-03-05 19:42:53,0,1,1.92971,1,7.80801,0,22.4161,0
2015-03-05 19:47:53,0,1,1.7377,1,11.2348,0,22.4161,0
2015-03-05 19:52:53,0,1,1.86314,1,11.068,0,22.4161,0
2015-03-05 19:57:53,50,1,1.79261,1,57.4014,0,22.4161,1
2015-03-05 20:02:53,5,1,1.71292,1,104.694,0,22.4161,1
2015-03-05 20:07:53,2,1,1.99703,1,151.112,0,22.4161,1
2015-03-05 20:12:53,2,1,1.70177,1,10.1993,0,22.4161,0
2015-03-05 20:17:53,1,1,1.85045,1,1.56895,0,22.4161,0
2015-03-05 20:22:53,0,1,1.91,1,3.26289,0,22.4161,0
2015-03-05 20:27:53,0,1,1.69244,1,7.71621,0,22.4161,0
2015-03-05 20:32:53,0,1,1.97751,1,11.0638,0,22.4161,0
2015-03-05 20:37:53,0,1,1.78389,1,11.0924,0,22.4161,0
2015-03-05 20:42:53,0,1,1.82345,1,10.8162,0,22.4161,0
2015-03-05 20:47:53,0,1,1.79941,1,11.3238,0,22.4161,0
2015-03-05 20:52:53,1,1,1.73567,1,9.79798,0,22.4161,0
2015-03-05 20:57:53,1,1,1.82183,1,7.80484,0,22.4161,0
2015-03-05 21:02:53,0,1,1.88335,1,5.69142,0,22.4161,0
2015-03-05 21:07:53,0,1,1.67309,1,7.73405,0,22.4161,0
2015-03-05 21:12:53,0,1,1.93107,1,10.9053,0,22.4161,0
2015-03-05 21:17:53,1,1,1.72043,1,9.92731,0,22.4161,0
2015-03-05 21:22:53,0,1,1.80002,1,8.60185,0,22.4161,0
2015-03-05 21:27:53,1,1,1.83652,1,7.0341,0,22.4161,0
2015-03-05 21:32:53,0,1,1.83424,1,8.59785,0,22.4161,0
2015-03-05 21:37:53,0,1,1.88756,1,7.90735,0,22.4161,0
2015-03-05 21:42:53,0,1,1.8325,1,11.0656,0,22.4161,0
2015-03-05 21:47:53,0,1,1.73152,1,11.1103,0,22.4161,0
2015-03-05 21:52:53,0,1,1.89613,1,11.0592,0,22.4161,0
2015-03-05 21:57:53,0,1,1.83623,1,10.8567,0,22.4161,0
2015-03-05 22:02:53,0,1,1.72581,1,10.8231,0,22.4161,0
2015-03-05 22:07:53,0,1,1.86856,1,11.0867,0,22.4161,0
2015-03-05 22:12:53,0,1,1.7225,1,10.8289,0,22.4161,0
2015-03-05 22:17:53,0,1,1.93118,1,10.637,0,22.4161,0
2015-03-05 22:22:53,0,1,1.7815,1,10.9819,0,22.4161,0
2015-03-05 22:27:53,0,1,1.9102,1,10.8113,0,22.4161,0
2015-03-05 22:32:53,0,1,1.73808,1,11.2667,0,22.4161,0
2015-03-05 22:37:53,0,1,1.83658,1,10.903,0,22.4161,0
2015-03-05 22:42:53,1,1,1.845,1,10.0434,0,22.4161,0
2015-03-05 22:47:53,0,1,1.70938,1,8.73241,0,22.4161,0
2015-03-05 22:52:53,0,1,1.82731,1,7.90912,0,22.4161,0
2015-03-05 22:57:53,0,1,1.74943,1,10.7811,0,22.4161,0
2015-03-05 23:02:53,1,1,1.86257,1,9.53219,0,22.4161,0
2015-03-05 23:07:53,0,1,1.73197,1,8.84335,0,22.4161,0
2015-03-05 23:12:53,0,1,1.93075,1,7.70541,0,22.4161,0
2015-03-05 23:17:53,0,1,1.77967,1,10.9824,0,22.4161,0
2015-03-05 23:22:53,0,1,1.85219,1,10.8371,0,22.4161,0
2015-03-05 23:27:53,0,1,1.77409,1,11.2038,0,22.4161,0
2015-03-05 23:32:53,1,1,1.78641,1,9.81747,0,22.4161,0
2015-03-05 23:37:53,0,1,1.86903,1,8.89117,0,22.4161,0
2015-03-05 23:42:53,0,1,1.80208,1,7.76412,0,22.4161,0
2015-03-05 23:47:53,0,1,1.77624,1,10.8994,0,22.4161,0
2015-03-05 23:52:53,0,1,1.85764,1,10.9875,0,22.4161,0
2015-03-05 23:57:53,0,1,1.77729,1,10.8163,0,22.4161,0
2015-03-06 00:02:53,1,1,1.81761,1,9.82127,0,22.4161,0
2015-03-06 00:07:53,0,1,1.82954,1,8.9451,0,22.4161,0
2015-03-06 00:12:53,0,1,1.71905,1,7.7966,0,22.4161,0
2015-03-06 00:17:53,0,1,1.8973,1,10.8309,0,22.4161,0
2015-03-06 00:22:53,0,1,1.74118,1,10.824,0,22.4161,0
2015-03-06 00:27:53,0,1,1.86446,1,10.6929,0,22.4161,0
2015-03-06 00:32:53,0,1,1.78922,1,11.0387,0,22.4161,0
2015-03-06 00:37:53,1,1,1.75937,1,9.74167,0,22.4161,0
2015-03-06 00:42:53,0,1,1.8669,1,8.9312,0,22.4161,0
2015-03-06 00:47:53,0,1,1.80461,1,7.75331,0,22.4161,0
2015-03-06 00:52:53,0,1,1.70351,1,10.8165,0,22.4161,0
2015-03-06 00:57:53,0,1,1.90484,1,10.9134,0,22.4161,0
2015-03-06 01:02:53,2,1,1.91885,1,8.91602,0,22.4161,0
2015-03-06 01:07:53,0,0,14.8733,1,7.21969,0,22.4161,0
2015-03-06 01:12:53,2,0,15.2622,1,16.9965,0,22.4161,0
2015-03-06 01:17:53,1,0,15.1077,1,45.7652,0,22.4161,1
2015-03-06 01:22:53,0,0,15.1483,1,82.2519,0,22.4161,1
2015-03-06 01:27:53,0,0,15.3376,1,88.1502,0,22.4161,1
2015-03-06 01:32:53,0,0,14.9675,1,90.9574,0,22.4161,1
2015-03-06 01:37:53,0,0,15.4254,1,91.0876,0,22.4161,1
2015-03-06 01:42:53,1,0,15.0107,1,90.3733,0,22.4161,1
2015-03-06 01:47:53,0,0,15.3823,1,88.764,0,22.4161,1
2015-03-06 01:52:53,0,0,14.7815,1,88.6799,0,22.4161,1
2015-03-06 01:57:53,1,0,15.4547,1,89.578,0,22.4161,1
2015-03-06 02:02:53,0,0,14.8277,1,89.1645,0,22.4161,1
2015-03-06 02:07:53,0,0,15.4624,1,87.0817,0,22.4161,1
2015-03-06 02:12:53,0,0,14.9132,1,91.4818,0,22.4161,1
2015-03-06 02:17:53,0,0,15.5154,1,90.321,0,22.4161,1
2015-03-06 02:22:53,0,0,14.8642,1,91.7289,0,22.4161,1
2015-03-06 02:27:53,0,0,15.0669,1,90.6346,0,22.4161,1
2015-03-06 02:32:53,0,0,15.5098,1,91.3415,0,22.4161,1
2015-03-06 02:37:53,0,0,14.9167,1,90.2362,0,22.4161,1
2015-03-06 02:42:53,1,0,15.1997,1,90.137,0,22.4161,1
2015-03-06 02:47:53,0,0,15.3764,1,89.5625,0,22.4161,1
2015-03-06 02:52:53,0,0,14.843,1,87.5259,0,22.4161,1
2015-03-06 02:57:53,0,0,15.1586,1,91.1949,0,22.4161,1
2015-03-06 03:02:53,1,0,15.2851,1,89.9739,0,22.4161,1
2015-03-06 03:07:53,1,0,14.7447,1,87.1315,0,22.4161,1
2015-03-06 03:12:53,0,0,15.5009,1,85.7908,0,22.4161,1
2015-03-06 03:17:53,0,0,14.8969,1,87.8456,0,22.4161,1
2015-03-06 03:22:53,0,0,15.3115,1,90.1329,0,22.4161,1
2015-03-06 03:27:53,0,0,14.9005,1,91.6081,0,22.4161,1
2015-03-06 03:32:53,0,0,15.1422,1,90.2143,0,22.4161,1
2015-03-06 03:37:53,0,0,15.2705,1,90.8777,0,22.4161,1
2015-03-06 03:42:53,0,0,14.8993,1,90.2564,0,22.4161,1
2015-03-06 03:47:53,0,0,15.9726,1,90.8668,0,22.4161,1
2015-03-06 03:52:53,0,0,14.6376,1,91.5828,0,22.4161,1
2015-03-06 03:57:53,0,0,15.6467,1,91.2808,0,22.4161,1
2015-03-06 04:02:53,0,0,15.4014,1,92.8397,0,22.4161,1
2015-03-06 04:07:53,0,0,14.6778,1,90.6074,0,22.4161,1
2015-03-06 04:12:53,0,0,15.4055,1,92.4206,0,22.4161,1
2015-03-06 04:17:53,0,0,14.9979,1,90.9653,0,22.4161,1
2015-03-06 04:22:53,0,0,14.8994,1,89.8424,0,22.4161,1
2015-03-06 04:27:53,0,0,15.3656,1,91.1118,0,22.4161,1
2015-03-06 04:32:53,0,0,14.9991,1,90.158,0,22.4161,1
2015-03-06 04:37:53,0,0,14.9932,1,90.4284,0,22.4161,1
2015-03-06 04:42:53,0,0,15.4319,1,91.0881,0,22.4161,1
2015-03-06 04:47:53,0,0,14.7905,1,90.4157,0,22.4161,1
2015-03-06 04:52:53,0,0,15.0958,1,90.6341,0,22.4161,1
2015-03-06 04:57:53,0,0,15.0704,1,90.9725,0,22.4161,1
2015-03-06 05:02:53,1,0,14.8222,1,88.6334,0,22.4161,1
2015-03-06 05:07:53,0,0,15.0046,1,88.2504,0,22.4161,1
2015-03-06 05:12:53,0,0,15.1151,1,86.8604,0,22.4161,1
2015-03-06 05:17:53,0,0,15.1181,1,89.591,0,22.4161,1
2015-03-06 05:22:53,0,0,15.0085,1,90.3621,0,22.4161,1
2015-03-06 05:27:53,0,0,15.4124,1,90.5901,0,22.4161,1
2015-03-06 05:32:53,0,0,14.8675,1,90.7838,0,22.4161,1
2015-03-06 05:37:53,0,0,15.1701,1,90.7178,0,22.4161,1
2015-03-06 05:42:53,0,1,15.2538,1,91.1422,0,22.4161,1
2015-03-06 05:47:53,0,1,15.0696,1,90.1966,0,22.4161,1
2015-03-06 05:52:53,0,1,15.1912,1,91.0875,0,22.4161,1
2015-03-06 05:57:53,0,1,14.908,1,91.0918,0,22.4161,1
2015-03-06 06:02:53,0,1,15.1756,1,90.4992,0,22.4161,1
2015-03-06 06:07:53,0,1,15.0006,1,90.5652,0,22.4161,1
2015-03-06 06:12:53,0,1,14.9791,1,90.0756,0,22.4161,1
2015-03-06 06:17:53,0,1,15.1484,1,90.5071,0,22.4161,1
2015-03-06 06:22:53,0,1,15.0427,1,90.1086,0,22.4161,1
2015-03-06 06:27:53,0,1,14.8622,1,90.2769,0,22.4161,1
2015-03-06 06:32:53,0,1,15.1187,1,90.3928,0,22.4161,1
2015-03-06 06:37:53,0,1,14.9301,1,89.971,0,22.4161,1
2015-03-06 06:42:53,0,1,15.0624,1,89.754,0,22.4161,1
2015-03-06 06:47:53,0,1,14.9683,1,90.2786,0,22.4161,1
2015-03-06 06:52:53,0,1,15.0675,1,89.8833,0,22.4161,1
2015-03-06 06:57:53,0,1,14.9482,1,90.1913,0,22.4161,1
2015-03-06 07:02:53,0,1,15.1559,1,89.9883,0,22.4161,1
2015-03-06 07:07:53,1,1,14.8661,1,89.2549,0,22.4161,1
2015-03-06 07:12:53,0,1,15.2385,1,88.0225,0,22.4161,1
2015-03-06 07:17:53,0,1,14.9102,1,87.4384,0,22.4161,1
2015-03-06 07:22:53,0,1,15.2359,1,89.9854,0,22.4161,1
2015-03-06 07:27:53,0,1,14.8354,1,90.7717,0,22.4161,1
2015-03-06 07:32:53,0,1,15.2015,1,90.0377,0,22.4161,1
2015-03-06 07:37:53,0,1,15.1289,1,90.5799,0,22.4161,1
2015-03-06 07:42:53,0,1,14.9941,1,90.038,0,22.4161,1
2015-03-06 07:47:53,0,1,15.6147,1,90.8564,0,22.4161,1
2015-03-06 07:52:53,0,1,14.7095,1,90.9896,0,22.4161,1
2015-03-06 07:57:53,1,1,14.9953,1,89.9212,0,22.4161,1
2015-03-06 08:02:53,0,1,15.2829,1,89.2584,0,22.4161,1
2015-03-06 08:07:53,0,1,14.9841,1,86.4019,0,22.4161,1
2015-03-06 08:12:53,0,1,15.1575,1,90.5358,0,22.4161,1
2015-03-06 08:17:53,0,1,14.8685,1,90.9746,0,22.4161,1
2015-03-06 08:22:53,0,1,15.1038,1,90.1359,0,22.4161,1
2015-03-06 08:27:53,0,1,15.2666,1,90.3132,0,22.4161,1
2015-03-06 08:32:53,0,1,14.9197,1,90.0795,0,22.4161,1
2015-03-06 08:37:53,0,1,15.2323,1,90.7642,0,22.4161,1
2015-03-06 08:42:53,0,1,14.9608,1,90.8715,0,22.4161,1
2015-03-06 08:47:53,0,1,15.0003,1,90.1846,0,22.4161,1
2015-03-06 08:52:53,0,1,15.093,1,90.6189,0,22.4161,1
2015-03-06 08:57:53,0,1,15.1578,1,89.976,0,22.4161,1
2015-03-06 09:02:53,0,1,14.9605,1,90.3447,0,22.4161,1
2015-03-06 09:07:53,0,1,14.9501,1,90.5551,0,22.4161,1
2015-03-06 09:12:53,0,1,15.1264,1,90.3446,0,22.4161,1
2015-03-06 09:17:53,0,1,15.3611,1,89.9082,0,22.4161,1
2015-03-06 09:22:53,0,1,14.7367,1,90.4642,0,22.4161,1
2015-03-06 09:27:53,0,1,15.3324,1,90.8381,0,22.4161,1
2015-03-06 09:32:53,0,1,14.8572,1,90.8891,0,22.4161,1
2015-03-06 09:37:53,0,1,14.9563,1,89.7321,0,22.4161,1
2015-03-06 09:42:53,0,1,15.3854,1,90.6678,0,22.4161,1
2015-03-06 09:47:53,0,1,14.8861,1,89.8696,0,22.4161,1
2015-03-06 09:52:53,0,1,15.6988,1,90.5258,0,22.4161,1
2015-03-06 09:57:53,0,1,14.5686,1,91.6273,0,22.4161,1
2015-03-06 10:02:53,0,1,15.2003,1,90.6246,0,22.4161,1
2015-03-06 10:07:53,1,1,15.3865,1,90.4339,0,22.4161,1
2015-03-06 10:12:53,0,1,14.6574,1,87.4928,0,22.4161,1
2015-03-06 10:17:53,0,1,15.1837,1,88.0313,0,22.4161,1
2015-03-06 10:22:53,0,1,14.9879,1,90.658,0,22.4161,1
2015-03-06 10:27:53,0,1,14.7987,1,89.3274,0,22.4161,1
2015-03-06 10:32:53,0,1,15.5786,1,90.3254,0,22.4161,1
2015-03-06 10:37:53,0,1,14.7896,1,90.1396,0,22.4161,1
2015-03-06 10:42:53,0,1,15.9479,1,90.3427,0,22.4161,1
2015-03-06 10:47:53,0,1,14.4224,1,92.2627,0,22.4161,1
2015-03-06 10:52:53,0,1,15.3654,1,90.6869,0,22.4161,1
2015-03-06 10:57:53,0,1,14.9773,1,92.054,0,22.4161,1
2015-03-06 11:02:53,0,1,15.0154,1,88.9753,0,22.4161,1
2015-03-06 11:07:53,0,1,15.0738,1,91.0663,0,22.4161,1
2015-03-06 11:12:53,0,1,15.0661,1,90.0366,0,22.4161,1
2015-03-06 11:17:53,1,1,14.8343,1,89.26,0,22.4161,1
2015-03-06 11:22:53,0,1,15.1546,1,88.188,0,22.4161,1
2015-03-06 11:27:53,0,1,15.3036,1,87.0215,0,22.4161,1
2015-03-06 11:32:53,0,1,14.8357,1,90.1158,0,22.4161,1
2015-03-06 11:37:53,0,1,15.2668,1,90.9067,0,22.4161,1
2015-03-06 11:42:53,0,1,14.934,1,90.8489,0,22.4161,1
2015-03-06 11:47:53,1,1,15.0224,1,88.9747,0,22.4161,1
2015-03-06 11:52:53,1,1,15.0563,1,87.691,0,22.4161,1
2015-03-06 11:57:53,1,1,15.0364,1,83.9033,0,22.4161,1
2015-03-06 12:02:53,0,1,15.028,1,85.2164,0,22.4161,1
2015-03-06 12:07:53,0,1,15.131,1,87.2698,0,22.4161,1
2015-03-06 12:12:53,0,1,15.2,1,90.2963,0,22.4161,1
2015-03-06 12:17:53,0,1,15.2202,1,90.5461,0,22.4161,1
2015-03-06 12:22:53,0,1,15.0928,1,91.0133,0,22.4161,1
2015-03-06 12:27:53,0,1,15.0554,1,91.1332,0,22.4161,1
2015-03-06 12:32:53,0,1,15.0088,0,90.9016,0,22.4161,1
2015-03-06 12:37:53,0,1,15.1808,0,90.3979,0,22.4161,1
2015-03-06 12:42:53,0,1,15.194,0,90.3646,0,22.4161,1
2015-03-06 12:47:53,0,1,15.1772,0,90.5819,0,22.4161,1
2015-03-06 12:52:53,0,1,15.594,0,91.1077,0,22.4161,1
2015-03-06 12:57:53,0,1,14.7914,0,91.5304,0,22.4161,1
2015-03-06 13:02:53,0,1,15.1633,0,91.5112,0,22.4161,1
2015-03-06 13:07:53,0,1,15.3779,0,91.5283,0,22.4161,1
2015-03-06 13:12:53,0,1,14.8423,0,90.0789,0,22.4161,1
2015-03-06 13:17:53,0,1,15.3301,0,91.0882,0,22.4161,1
2015-03-06 13:22:53,1,1,14.9368,0,90.1485,0,22.4161,1
2015-03-06 13:27:53,0,1,15.1366,0,88.1238,0,22.4161,1
2015-03-06 13:32:53,2,1,14.9453,0,86.0004,0,22.4161,1
2015-03-06 13:37:53,0,1,15.1435,0,86.0288,0,22.4161,1
2015-03-06 13:42:53,1,1,14.9758,0,83.444,0,22.4161,1
2015-03-06 13:47:53,0,1,15.1813,0,88.0988,0,22.4161,1
2015-03-06 13:52:53,0,1,15.0734,0,87.5635,0,22.4161,1
2015-03-06 13:57:53,0,1,15.22,0,90.3636,0,22.4161,1
2015-03-06 14:02:53,1,1,15.2574,0,89.9108,0,22.4161,1
2015-03-06 14:07:53,0,1,15.1134,0,88.9175,0,22.4161,1
2015-03-06 14:12:53,0,1,14.8381,0,88.288,0,22.4161,1
2015-03-06 14:17:53,4,1,15.4717,0,86.8369,0,22.4161,1
2015-03-06 14:22:53,1,1,14.8731,0,81.4879,0,22.4161,1
2015-03-06 14:27:53,1,1,15.4101,0,75.3306,0,22.4161,1
2015-03-06 14:32:53,1,1,15.3115,0,85.5712,0,22.4161,1
2015-03-06 14:37:53,5,1,15.145,0,80.7508,0,22.4161,1
2015-03-06 14:42:53,0,1,15.244,0,78.9982,0,22.4161,1
2015-03-06 14:47:53,0,1,15.1064,0,76.4684,0,22.4161,1
2015-03-06 14:52:53,1,1,15.3532,0,90.0294,0,22.4161,1
2015-03-06 14:57:53,2,1,14.8026,0,87.2981,0,22.4161,1
2015-03-06 15:02:53,1,1,15.4913,0,82.8282,0,22.4161,1
2015-03-06 15:07:53,1,1,14.8115,0,82.156,0,22.4161,1
2015-03-06 15:12:53,0,1,15.4129,0,85.2017,0,22.4161,1
2015-03-06 15:17:53,0,1,14.9259,0,88.5096,0,22.4161,1
2015-03-06 15:22:53,0,1,15.4338,0,90.1862,0,22.4161,1
2015-03-06 15:27:53,2,1,14.7891,0,89.5244,0,22.4161,1
2015-03-06 15:32:53,0,1,15.493,0,86.4344,0,22.4161,1
2015-03-06 15:37:53,0,1,15.1336,0,85.3725,0,22.4161,1
2015-03-06 15:42:53,1,1,15.0708,0,89.4868,0,22.4161,1
2015-03-06 15:47:53,2,1,15.0524,0,87.8169,0,22.4161,1
2015-03-06 15:52:53,0,1,15.2654,0,83.5947,0,22.4161,1
2015-03-06 15:57:53,0,1,15.3183,0,84.5825,0,22.4161,1
2015-03-06 16:02:53,0,1,14.9332,0,91.0062,0,22.4161,1
2015-03-06 16:07:53,0,1,15.634,0,91.366,0,22.4161,1
2015-03-06 16:12:53,0,1,14.8595,0,91.4555,0,22.4161,1
2015-03-06 16:17:53,0,1,15.5752,0,90.9271,0,22.4161,1
2015-03-06 16:22:53,1,1,14.9061,0,91.1961,0,22.4161,1
2015-03-06 16:27:53,1,1,15.4739,0,87.6349,0,22.4161,1
2015-03-06 16:32:53,0,1,14.8296,0,87.0115,0,22.4161,1
2015-03-06 16:37:53,0,1,15.19,0,87.4955,0,22.4161,1
2015-03-06 16:42:53,1,1,14.9256,0,90.2708,0,22.4161,1
2015-03-06 16:47:53,0,1,15.4478,0,87.7944,0,22.4161,1
2015-03-06 16:52:53,0,1,14.92,0,87.8689,0,22.4161,1
2015-03-06 16:57:53,0,1,15.2446,0,90.5923,0,22.4161,1
2015-03-06 17:02:53,2,1,15.5718,0,89.428,0,22.4161,1
2015-03-06 17:07:53,0,1,15.0009,0,86.8209,0,22.4161,1
2015-03-06 17:12:53,0,1,15.433,0,85.8784,0,22.4161,1
2015-03-06 17:17:53,0,1,15.317,0,92.1503,0,22.4161,1
2015-03-06 17:22:53,3,1,15.3969,0,88.1857,0,22.4161,1
2015-03-06 17:27:53,1,1,14.8865,0,85.3298,0,22.4161,1
2015-03-06 17:32:53,0,1,15.2404,0,80.6313,0,22.4161,1
2015-03-06 17:37:53,0,1,15.362,0,88.2041,0,22.4161,1
2015-03-06 17:42:53,1,1,15.066,0,89.5025,0,22.4161,1
2015-03-06 17:47:53,0,1,15.1905,0,89.5114,0,22.4161,1
2015-03-06 17:52:53,0,1,15.1884,0,88.4086,0,22.4161,1
2015-03-06 17:57:53,0,1,15,0,90.7675,0,22.4161,1
2015-03-06 18:02:53,0,1,15.2441,0,90.9483,0,22.4161,1
2015-03-06 18:07:53,0,1,14.8917,0,90.8092,0,22.4161,1
2015-03-06 18:12:53,0,1,15.2967,0,90.3797,0,22.4161,1
2015-03-06 18:17:53,1,1,14.89,0,89.8123,0,22.4161,1
2015-03-06 18:22:53,1,1,15.3207,0,87.1585,0,22.4161,1
2015-03-06 18:27:53,1,1,15.0574,0,84.9908,0,22.4161,1
2015-03-06 18:32:53,4,1,15.3403,0,81.3689,0,22.4161,1
2015-03-06 18:37:53,0,1,14.9129,0,80.4172,0,22.4161,1
2015-03-06 18:42:53,1,1,15.3137,0,77.7656,0,22.4161,1
2015-03-06 18:47:53,0,1,15.0472,0,89.1604,0,22.4161,1
2015-03-06 18:52:53,3,1,15.051,0,84.4132,0,22.4161,1
2015-03-06 18:57:53,1,1,15.2034,0,84.0865,0,22.4161,1
2015-03-06 19:02:53,0,1,15.0571,0,79.4469,0,22.4161,1
2015-03-06 19:07:53,0,1,15.2132,0,87.6168,0,22.4161,1
2015-03-06 19:12:53,1,1,15.0439,0,89.9376,0,22.4161,1
2015-03-06 19:17:53,0,1,15.227,0,88.6416,0,22.4161,1
2015-03-06 19:22:53,1,1,15.0337,0,86.9545,0,22.4161,1
2015-03-06 19:27:53,1,1,15.3114,0,87.6194,0,22.4161,1
2015-03-06 19:32:53,2,1,14.8589,0,84.0599,0,22.4161,1
2015-03-06 19:37:53,0,1,15.4003,0,83.5827,0,22.4161,1
2015-03-06 19:42:53,0,1,14.8584,0,85.0522,0,22.4161,1
2015-03-06 19:47:53,0,1,15.5326,0,90.2356,0,22.4161,1
2015-03-06 19:52:53,0,1,15.0033,0,91.4502,0,22.4161,1
2015-03-06 19:57:53,0,1,15.412,0,90.6437,0,22.4161,1
2015-03-06 20:02:53,0,1,15.164,0,92.0165,0,22.4161,1
2015-03-06 20:07:53,0,1,15.4635,0,90.9978,0,22.4161,1
2015-03-06 20:12:53,1,1,15.1208,0,91.0274,0,22.4161,1
2015-03-06 20:17:53,5,1,15.0734,0,84.5398,0,22.4161,1
2015-03-06 20:22:53,0,1,15.1394,0,78.7055,0,22.4161,1
2015-03-06 20:27:53,0,1,15.2453,0,75.6487,0,22.4161,1
2015-03-06 20:32:53,0,1,15.0311,0,90.7443,0,22.4161,1
2015-03-06 20:37:53,0,1,14.9667,0,90.94,0,22.4161,1
2015-03-06 20:42:53,1,1,15.3064,0,89.7647,0,22.4161,1
2015-03-06 20:47:53,0,1,14.8741,0,88.333,0,22.4161,1
2015-03-06 20:52:53,0,1,15.4014,0,87.3869,0,22.4161,1
2015-03-06 20:57:53,0,1,14.7966,0,91.0689,0,22.4161,1
2015-03-06 21:02:53,0,1,15.4622,0,90.2218,0,22.4161,1
2015-03-06 21:07:53,0,1,15.1177,0,91.2595,0,22.4161,1
2015-03-06 21:12:53,1,1,15.2356,0,89.4318,0,22.4161,1
2015-03-06 21:17:53,0,1,15.5885,0,89.8576,0,22.4161,1
2015-03-06 21:22:53,3,1,14.7912,0,85.4128,0,22.4161,1
2015-03-06 21:27:53,0,1,15.32,0,85.6751,0,22.4161,1
2015-03-06 21:32:53,0,1,15.2349,0,82.668,0,22.4161,1
2015-03-06 21:37:53,2,1,15.4298,0,88.2484,0,22.4161,1
2015-03-06 21:42:53,4,1,14.9111,0,83.8596,0,22.4161,1
2015-03-06 21:47:53,2,1,15.3122,0,75.4753,0,22.4161,1
2015-03-06 21:52:53,0,1,14.96,0,75.4238,0,22.4161,1
2015-03-06 21:57:53,0,1,15.2465,0,84.3176,0,22.4161,1
2015-03-06 22:02:53,1,1,14.9761,0,90.103,0,22.4161,1
2015-03-06 22:07:53,0,1,15.4637,0,88.3489,0,22.4161,1
2015-03-06 22:12:53,0,1,14.9427,0,88.1553,0,22.4161,1
2015-03-06 22:17:53,0,1,15.3359,0,90.7983,0,22.4161,1
2015-03-06 22:22:53,0,1,14.8906,0,91.6125,0,22.4161,1
2015-03-06 22:27:53,0,1,15.3027,0,90.3905,0,22.4161,1
2015-03-06 22:32:53,0,1,14.9152,0,91.0916,0,22.4161,1
2015-03-06 22:37:53,0,1,15.142,0,90.1924,0,22.4161,1
2015-03-06 22:42:53,0,1,15.2083,0,90.8803,0,22.4161,1
2015-03-06 22:47:53,0,1,14.9859,0,90.2378,0,22.4161,1
2015-03-06 22:52:53,1,1,15.4114,0,89.8285,0,22.4161,1
2015-03-06 22:57:53,0,1,15.0117,0,89.0082,0,22.4161,1
2015-03-06 23:02:53,0,1,15.8778,0,87.7922,0,22.4161,1
2015-03-06 23:07:53,2,1,14.5829,0,90.1354,0,22.4161,1
2015-03-06 23:12:53,1,1,15.3723,0,86.3737,0,22.4161,1
2015-03-06 23:17:53,0,1,15.111,0,84.1716,0,22.4161,1
2015-03-06 23:22:53,0,1,14.9698,0,86.6043,0,22.4161,1
2015-03-06 23:27:53,0,1,15.0339,0,91.3087,0,22.4161,1
2015-03-06 23:32:53,0,1,15.2348,0,90.3066,0,22.4161,1
2015-03-06 23:37:53,0,1,14.7753,0,90.2119,0,22.4161,1
2015-03-06 23:42:53,0,1,15.27,0,90.3466,0,22.4161,1
2015-03-06 23:47:53,0,1,14.9377,0,90.5249,0,22.4161,1
2015-03-06 23:52:53,0,1,15.1881,0,89.8036,0,22.4161,1
2015-03-06 23:57:53,2,1,15.2484,0,88.8734,0,22.4161,1
2015-03-07 00:02:53,0,1,14.8405,0,86.4377,0,22.4161,1
2015-03-07 00:07:53,0,1,15.3946,0,84.9015,0,22.4161,1
2015-03-07 00:12:53,0,1,15.0585,0,90.8207,0,22.4161,1
2015-03-07 00:17:53,0,1,15.0957,0,90.3691,0,22.4161,1
2015-03-07 00:22:53,0,1,15.5517,0,91.3964,0,22.4161,1
2015-03-07 00:27:53,1,1,15.4031,0,89.9185,0,22.4161,1
2015-03-07 00:32:53,0,1,15.0953,0,89.7935,0,22.4161,1
2015-03-07 00:37:53,0,1,15.259,0,89.5565,0,22.4161,1
2015-03-07 00:42:53,1,1,15.0474,0,90.6588,0,22.4161,1
2015-03-07 00:47:53,0,1,15.1316,0,88.8511,0,22.4161,1
2015-03-07 00:52:53,0,1,14.9013,0,88.0033,0,22.4161,1
2015-03-07 00:57:53,0,1,15.1483,0,90.3067,0,22.4161,1
2015-03-07 01:02:53,0,1,14.9123,0,90.3456,0,22.4161,1
2015-03-07 01:07:53,0,1,14.921,0,89.9128,0,22.4161,1
2015-03-07 01:12:53,0,1,15.0222,0,90.1905,0,22.4161,1
2015-03-07 01:17:53,0,1,15.1875,0,89.6011,0,22.4161,1
2015-03-07 01:22:53,0,1,14.8824,0,89.9948,0,22.4161,1
2015-03-07 01:27:53,1,1,15.2452,0,89.324,0,22.4161,1
2015-03-07 01:32:53,0,1,14.8668,0,88.5724,0,22.4161,1
2015-03-07 01:37:53,0,1,15.2048,0,87.0044,0,22.4161,1
2015-03-07 01:42:53,0,1,15.1881,0,90.6739,0,22.4161,1
2015-03-07 01:47:53,0,1,15.0873,0,90.1979,0,22.4161,1
2015-03-07 01:52:53,0,1,15.4731,0,91.0777,0,22.4161,1
2015-03-07 01:57:53,0,1,15.0339,0,91.2119,0,22.4161,1
2015-03-07 02:02:53,0,1,15.1178,0,91.242,0,22.4161,1
2015-03-07 02:07:53,0,1,15.11,0,91.605,0,22.4161,1
2015-03-07 02:12:53,1,1,14.9986,0,89.4474,0,22.4161,1
2015-03-07 02:17:53,0,1,14.8821,0,88.572,0,22.4161,1
2015-03-07 02:22:53,0,1,15.0957,0,87.2093,0,22.4161,1
2015-03-07 02:27:53,0,1,14.9518,0,89.8555,0,22.4161,1
2015-03-07 02:32:53,0,1,15.1317,0,89.7893,0,22.4161,1
2015-03-07 02:37:53,0,1,14.895,0,90.3223,0,22.4161,1
2015-03-07 02:42:53,0,1,15.5369,0,90.0139,0,22.4161,1
2015-03-07 02:47:53,0,1,14.8302,0,90.7221,0,22.4161,1
2015-03-07 02:52:53,0,1,15.0449,0,90.589,0,22.4161,1
2015-03-07 02:57:53,0,1,15.2054,0,91.3159,0,22.4161,1
2015-03-07 03:02:53,0,1,14.9478,0,89.7857,0,22.4161,1
2015-03-07 03:07:53,0,1,15.0394,0,90.4934,0,22.4161,1
2015-03-07 03:12:53,0,1,15.4326,0,90.5515,0,22.4161,1
2015-03-07 03:17:53,0,1,14.9164,0,90.355,0,22.4161,1
2015-03-07 03:22:53,0,1,15.0923,0,90.8999,0,22.4161,1
2015-03-07 03:27:53,0,1,15.5288,0,91.2228,0,22.4161,1
2015-03-07 03:32:53,0,1,14.8156,0,90.4625,0,22.4161,1
2015-03-07 03:37:53,0,1,15.0739,0,91.1501,0,22.4161,1
2015-03-07 03:42:53,0,1,15.1326,0,91.2916,0,22.4161,1
2015-03-07 03:47:53,0,1,14.6921,0,89.7272,0,22.4161,1
2015-03-07 03:52:53,0,1,15.0884,0,90.1791,0,22.4161,1
2015-03-07 03:57:53,0,1,15.0044,0,89.8706,0,22.4161,1
2015-03-07 04:02:53,0,1,15.0371,0,89.2576,0,22.4161,1
2015-03-07 04:07:53,1,1,15.0388,0,89.311,0,22.4161,1
2015-03-07 04:12:53,0,1,15.5426,0,88.1262,0,22.4161,1
2015-03-07 04:17:53,0,1,14.8018,0,87.7316,0,22.4161,1
2015-03-07 04:22:53,0,1,15.1337,0,91.0035,0,22.4161,1
2015-03-07 04:27:53,0,1,15.1325,0,91.3652,0,22.4161,1
2015-03-07 04:32:53,0,1,14.7949,0,89.8053,0,22.4161,1
2015-03-07 04:37:53,0,1,15.1021,0,90.4609,0,22.4161,1
2015-03-07 04:42:53,0,1,15.0624,0,90.0892,0,22.4161,1
2015-03-07 04:47:53,0,1,15.0597,0,89.6511,0,22.4161,1
2015-03-07 04:52:53,0,1,14.9704,0,90.4907,0,22.4161,1
2015-03-07 04:57:53,0,1,15.5644,0,90.2771,0,22.4161,1
2015-03-07 05:02:53,0,1,14.7818,0,90.6843,0,22.4161,1
2015-03-07 05:07:53,0,1,15.1398,0,90.8219,0,22.4161,1
2015-03-07 05:12:53,0,1,15.2493,0,91.3969,0,22.4161,1
2015-03-07 05:17:53,0,1,14.5922,0,89.8745,0,22.4161,1
2015-03-07 05:22:53,1,1,15.1273,0,89.5103,0,22.4161,1
2015-03-07 05:27:53,0,1,15.1948,0,88.0595,0,22.4161,1
2015-03-07 05:32:53,1,1,14.7312,0,85.226,0,22.4161,1
2015-03-07 05:37:53,0,1,15.3293,0,88.5026,0,22.4161,1
2015-03-07 05:42:53,0,1,14.9551,0,87.3762,0,22.4161,1
2015-03-07 05:47:53,0,1,15.3113,0,89.8073,0,22.4161,1
2015-03-07 05:52:53,1,1,14.8251,0,90.2095,0,22.4161,1
2015-03-07 05:57:53,0,1,15.391,0,88.3129,0,22.4161,1
2015-03-07 06:02:53,0,1,14.7054,0,87.9751,0,22.4161,1
2015-03-07 06:07:53,0,1,15.3638,0,89.9628,0,22.4161,1
2015-03-07 06:12:53,0,1,14.7091,0,90.9476,0,22.4161,1
2015-03-07 06:17:53,0,1,15.4423,0,89.553,0,22.4161,1
2015-03-07 06:22:53,0,1,14.8357,0,90.952,0,22.4161,1
2015-03-07 06:27:53,0,1,15.394,0,89.8476,0,22.4161,1
2015-03-07 06:32:53,1,1,14.8377,0,90.3923,0,22.4161,1
2015-03-07 06:37:53,1,1,15.1803,0,87.1329,0,22.4161,1
2015-03-07 06:42:53,0,1,15.3081,0,86.0379,0,22.4161,1
2015-03-07 06:47:53,0,1,14.9132,0,87.1819,0,22.4161,1
2015-03-07 06:52:53,0,1,15.9118,0,91.0703,0,22.4161,1
2015-03-07 06:57:53,0,1,14.5469,0,91.6624,0,22.4161,1
2015-03-07 07:02:53,0,1,15.3852,0,91.11,0,22.4161,1
2015-03-07 07:07:53,0,1,15.0832,0,92.2143,0,22.4161,1
2015-03-07 07:12:53,0,1,15.2016,0,89.4943,0,22.4161,1
2015-03-07 07:17:53,0,1,14.8236,0,91.5235,0,22.4161,1
2015-03-07 07:22:53,0,1,15.4022,0,90.4763,0,22.4161,1
2015-03-07 07:27:53,0,1,14.7164,0,90.6543,0,22.4161,1
2015-03-07 07:32:53,2,1,15.4164,0,87.9918,0,22.4161,1
2015-03-07 07:37:53,2,1,14.9052,0,85.0559,0,22.4161,1
2015-03-07 07:42:53,0,1,15.1827,0,79.887,0,22.4161,1
2015-03-07 07:47:53,0,1,14.9271,0,85.2421,0,22.4161,1
2015-03-07 07:52:53,0,1,15.2349,0,90.008,0,22.4161,1
2015-03-07 07:57:53,0,1,15.1124,0,90.6371,0,22.4161,1
2015-03-07 08:02:53,0,1,15.1783,0,90.3635,0,22.4161,1
2015-03-07 08:07:53,0,1,15.6186,0,91.1078,0,22.4161,1
2015-03-07 08:12:53,0,1,14.7317,0,91.3125,0,22.4161,1
2015-03-07 08:17:53,0,1,15.4983,0,91.5038,0,22.4161,1
2015-03-07 08:22:53,0,1,14.9714,0,91.8176,0,22.4161,1
2015-03-07 08:27:53,0,1,15.2537,0,90.1632,0,22.4161,1
2015-03-07 08:32:53,2,1,15.1808,0,89.6916,0,22.4161,1
2015-03-07 08:37:53,3,1,15.3546,0,83.6025,0,22.4161,1
2015-03-07 08:42:53,0,1,14.7807,0,79.4775,0,22.4161,1
2015-03-07 08:47:53,0,1,15.224,0,82.0324,0,22.4161,1
2015-03-07 08:52:53,0,1,15.1772,0,90.8491,0,22.4161,1
2015-03-07 08:57:53,0,1,15.0008,0,89.9674,0,22.4161,1
2015-03-07 09:02:53,0,1,15.156,0,91.0273,0,22.4161,1
2015-03-07 09:07:53,0,1,15.3455,0,90.6892,0,22.4161,1
2015-03-07 09:12:53,0,1,14.9588,0,90.6599,0,22.4161,1
2015-03-07 09:17:53,0,1,15.2831,0,91.1178,0,22.4161,1
2015-03-07 09:22:53,1,1,15.2276,0,90.2372,0,22.4161,1
2015-03-07 09:27:53,0,1,14.9371,0,88.6703,0,22.4161,1
2015-03-07 09:32:53,0,1,15.3459,0,88.2417,0,22.4161,1
2015-03-07 09:37:53,1,1,15.078,0,89.9028,0,22.4161,1
2015-03-07 09:42:53,0,1,14.9822,0,88.5811,0,22.4161,1
2015-03-07 09:47:53,0,1,15.0582,0,88.1758,0,22.4161,1
2015-03-07 09:52:53,0,1,15.2222,0,90.2565,0,22.4161,1
2015-03-07 09:57:53,0,1,14.9624,0,90.285,0,22.4161,1
2015-03-07 10:02:53,0,1,15.0835,0,90.5813,0,22.4161,1
2015-03-07 10:07:53,0,1,15.4169,0,90.6749,0,22.4161,1
2015-03-07 10:12:53,0,1,15.0502,0,90.4713,0,22.4161,1
2015-03-07 10:17:53,0,1,15.4206,0,91.1346,0,22.4161,1
2015-03-07 10:22:53,1,1,15.3961,0,90.7717,0,22.4161,1
2015-03-07 10:27:53,0,1,14.753,0,89.3879,0,22.4161,1
2015-03-07 10:32:53,0,1,15.2901,0,88.8072,0,22.4161,1
2015-03-07 10:37:53,0,1,15.04,0,90.9845,0,22.4161,1
2015-03-07 10:42:53,0,1,15.0067,0,89.8792,0,22.4161,1
2015-03-07 10:47:53,0,1,15.0657,0,90.957,0,22.4161,1
2015-03-07 10:52:53,0,1,15.0142,0,90.1991,0,22.4161,1
2015-03-07 10:57:53,0,1,15.0274,0,90.1656,0,22.4161,1
2015-03-07 11:02:53,0,1,14.8976,0,90.2528,0,22.4161,1
2015-03-07 11:07:53,0,1,15.4009,0,89.9949,0,22.4161,1
2015-03-07 11:12:53,0,1,15.1206,0,90.2784,0,22.4161,1
2015-03-07 11:17:53,0,1,15.4219,0,90.6153,0,22.4161,1
2015-03-07 11:22:53,0,1,15.4903,0,91.8658,0,22.4161,1
2015-03-07 11:27:53,0,1,14.6379,0,91.696,0,22.4161,1
2015-03-07 11:32:53,0,1,15.2941,0,91.8842,0,22.4161,1
2015-03-07 11:37:53,0,1,15.0663,0,91.0407,0,22.4161,1
2015-03-07 11:42:53,0,1,14.9465,0,89.5682,0,22.4161,1
2015-03-07 11:47:53,0,1,15.0794,0,90.9614,0,22.4161,1
2015-03-07 11:52:53,0,1,15.0577,0,90.1713,0,22.4161,1
2015-03-07 11:57:53,0,1,14.9903,0,90.0561,0,22.4161,1
2015-03-07 12:02:53,1,1,15.0508,0,89.3439,0,22.4161,1
2015-03-07 12:07:53,0,1,15.2626,0,88.2043,0,22.4161,1
2015-03-07 12:12:53,0,1,14.9683,0,87.3351,0,22.4161,1
2015-03-07 12:17:53,0,1,14.9895,0,90.6459,0,22.4161,1
2015-03-07 12:22:53,0,1,15.2819,0,90.7141,0,22.4161,1
2015-03-07 12:27:53,0,1,14.6879,0,90.166,0,22.4161,1
2015-03-07 12:32:53,0,1,15.1439,0,90.2203,0,22.4161,1
2015-03-07 12:37:53,0,1,15.1312,0,90.3654,0,22.4161,1
2015-03-07 12:42:53,2,1,14.8827,0,87.4826,0,22.4161,1
2015-03-07 12:47:53,0,1,15.1678,0,86.5768,0,22.4161,1
2015-03-07 12:52:53,0,1,15.0957,0,84.3269,0,22.4161,1
2015-03-07 12:57:53,0,1,15.2287,0,90.0795,0,22.4161,1
2015-03-07 13:02:53,0,1,14.9231,0,90.9236,0,22.4161,1
2015-03-07 13:07:53,0,1,15.4755,0,90.6677,0,22.4161,1
2015-03-07 13:12:53,0,1,14.6442,0,91.008,0,22.4161,1
2015-03-07 13:17:53,0,1,15.2479,0,90.3647,0,22.4161,1
2015-03-07 13:22:53,1,1,15.0216,0,89.9629,0,22.4161,1
2015-03-07 13:27:53,0,1,14.8529,0,87.4501,0,22.4161,1
2015-03-07 13:32:53,0,1,15.0978,0,87.64,0,22.4161,1
2015-03-07 13:37:53,0,1,15.2537,0,89.8686,0,22.4161,1
2015-03-07 13:42:53,0,1,14.9613,0,90.008,0,22.4161,1
2015-03-07 13:47:53,0,1,15.226,0,90.7621,0,22.4161,1
2015-03-07 13:52:53,0,1,14.9898,0,90.9096,0,22.4161,1
2015-03-07 13:57:53,3,1,15.1096,0,87.3256,0,22.4161,1
2015-03-07 14:02:53,0,1,15.1332,0,84.7673,0,22.4161,1
2015-03-07 14:07:53,0,1,14.9665,0,81.3218,0,22.4161,1
2015-03-07 14:12:53,2,1,15.2445,0,88.5617,0,22.4161,1
2015-03-07 14:17:53,0,1,14.8329,0,86.5772,0,22.4161,1
2015-03-07 14:22:53,0,1,15.3351,0,84.2216,0,22.4161,1
2015-03-07 14:27:53,0,1,14.9592,0,90.7345,0,22.4161,1
2015-03-07 14:32:53,0,1,15.1664,0,90.1282,0,22.4161,1
2015-03-07 14:37:53,0,0,1.40874,0,91.0901,0,22.4161,1
2015-03-07 14:42:53,1,0,1.55742,0,75.6193,0,22.4161,1
2015-03-07 14:47:53,0,0,1.57623,0,47.8741,0,22.4161,1
2015-03-07 14:52:53,0,0,1.49792,0,5.91728,0,22.4161,0
2015-03-07 14:57:53,0,0,1.56632,0,9.32263,0,22.4161,0
2015-03-07 15:02:53,0,0,1.5396,0,9.29086,0,22.4161,0
2015-03-07 15:07:53,0,0,1.50071,0,9.16602,0,22.4161,0
2015-03-07 15:12:53,0,0,1.52355,0,9.27889,0,22.4161,0
2015-03-07 15:17:53,0,0,1.44646,0,9.14379,0,22.4161,0
2015-03-07 15:22:53,0,0,1.55507,0,8.99569,0,22.4161,0
2015-03-07 15:27:53,0,0,1.56928,0,9.01864,0,22.4161,0
2015-03-07 15:32:53,0,0,1.43206,0,9.01878,0,22.4161,0
2015-03-07 15:37:53,0,0,1.51944,0,9.23583,0,22.4161,0
2015-03-07 15:42:53,0,0,1.64451,0,9.0914,0,22.4161,0
2015-03-07 15:47:53,0,0,1.43134,0,8.97957,0,22.4161,0
2015-03-07 15:52:53,1,0,1.47005,0,8.2787,0,22.4161,0
2015-03-07 15:57:53,2,0,1.56983,0,6.32616,0,22.4161,0
2015-03-07 16:02:53,1,0,1.46998,0,2.92374,0,22.4161,0
2015-03-07 16:07:53,2,0,1.5389,0,3.25953,0,22.4161,0
2015-03-07 16:12:53,0,0,1.5731,0,4.30842,0,22.4161,0
2015-03-07 16:17:53,1,0,1.44876,0,5.24096,0,22.4161,0
2015-03-07 16:22:53,0,0,1.53421,0,7.21165,0,22.4161,0
2015-03-07 16:27:53,0,0,1.5471,0,6.15103,0,22.4161,0
2015-03-07 16:32:53,0,0,1.37668,0,8.96181,0,22.4161,0
2015-03-07 16:37:53,0,0,1.62688,0,9.07351,0,22.4161,0
2015-03-07 16:42:53,0,0,1.47589,0,9.02152,0,22.4161,0
2015-03-07 16:47:53,1,0,1.52095,0,7.85967,0,22.4161,0
2015-03-07 16:52:53,2,0,1.52724,0,6.31146,0,22.4161,0
2015-03-07 16:57:53,0,0,1.58931,0,3.913,0,22.4161,0
2015-03-07 17:02:53,0,0,1.56923,0,6.08095,0,22.4161,0
2015-03-07 17:07:53,1,0,1.52438,0,8.32958,0,22.4161,0
2015-03-07 17:12:53,0,0,1.51764,0,7.43078,0,22.4161,0
2015-03-07 17:17:53,0,0,1.48299,0,6.2741,0,22.4161,0
2015-03-07 17:22:53,0,0,1.54229,0,9.09142,0,22.4161,0
2015-03-07 17:27:53,0,0,1.48368,0,9.06119,0,22.4161,0
2015-03-07 17:32:53,0,0,1.51301,0,9.01722,0,22.4161,0
2015-03-07 17:37:53,0,0,1.50203,0,9.10724,0,22.4161,0
2015-03-07 17:42:53,0,0,1.48897,0,8.97911,0,22.4161,0
2015-03-07 17:47:53,0,0,1.54005,0,9.03207,0,22.4161,0
2015-03-07 17:52:53,0,0,1.58017,0,9.02409,0,22.4161,0
2015-03-07 17:57:53,0,0,1.41619,0,9.12717,0,22.4161,0
2015-03-07 18:02:53,0,0,1.5478,0,9.19668,0,22.4161,0
2015-03-07 18:07:53,0,0,1.50356,0,9.12068,0,22.4161,0
2015-03-07 18:12:53,0,0,1.4683,0,8.84773,0,22.4161,0
2015-03-07 18:17:53,0,0,1.50909,0,9.11881,0,22.4161,0
2015-03-07 18:22:53,1,0,1.57269,0,7.95637,0,22.4161,0
2015-03-07 18:27:53,0,0,1.38855,0,6.99576,0,22.4161,0
2015-03-07 18:32:53,0,0,1.54875,0,6.0612,0,22.4161,0
2015-03-07 18:37:53,0,0,1.54844,0,9.04393,0,22.4161,0
2015-03-07 18:42:53,0,0,1.48301,0,8.8116,0,22.4161,0
2015-03-07 18:47:53,0,0,1.4942,0,9.22614,0,22.4161,0
2015-03-07 18:52:53,0,0,1.52983,0,9.10556,0,22.4161,0
2015-03-07 18:57:53,0,0,1.4586,0,8.96727,0,22.4161,0
2015-03-07 19:02:53,0,0,1.5611,0,9.00086,0,22.4161,0
2015-03-07 19:07:53,1,0,1.48001,0,8.06778,0,22.4161,0
2015-03-07 19:12:53,0,0,1.52264,0,6.97802,0,22.4161,0
2015-03-07 19:17:53,0,0,1.49335,0,6.16597,0,22.4161,0
2015-03-07 19:22:53,2,0,1.5171,0,7.99197,0,22.4161,0
2015-03-07 19:27:53,0,0,1.49002,0,7.09831,0,22.4161,0
2015-03-07 19:32:53,0,0,1.47717,0,6.04416,0,22.4161,0
2015-03-07 19:37:53,0,0,1.58639,0,9.00851,0,22.4161,0
2015-03-07 19:42:53,0,0,1.45522,0,9.01079,0,22.4161,0
2015-03-07 19:47:53,0,0,1.43507,0,9.05949,0,22.4161,0
2015-03-07 19:52:53,0,0,1.59716,0,9.10468,0,22.4161,0
2015-03-07 19:57:53,0,0,1.49942,0,8.83296,0,22.4161,0
2015-03-07 20:02:53,0,0,1.45747,0,8.99895,0,22.4161,0
2015-03-07 20:07:53,0,0,1.56068,0,9.24779,0,22.4161,0
2015-03-07 20:12:53,0,0,1.51893,0,8.97389,0,22.4161,0
2015-03-07 20:17:53,0,0,1.4882,0,9.0127,0,22.4161,0
2015-03-07 20:22:53,0,0,1.50269,0,9.20811,0,22.4161,0
2015-03-07 20:27:53,0,0,1.54543,0,9.03589,0,22.4161,0
2015-03-07 20:32:53,0,0,1.47116,0,9.01542,0,22.4161,0
2015-03-07 20:37:53,0,0,1.46985,0,9.07009,0,22.4161,0
2015-03-07 20:42:53,0,0,1.46904,0,9.04845,0,22.4161,0
2015-03-07 20:47:53,0,0,1.52324,0,8.82222,0,22.4161,0
2015-03-07 20:52:53,0,0,1.44996,0,8.87087,0,22.4161,0
2015-03-07 20:57:53,0,0,1.44131,0,8.90356,0,22.4161,0
2015-03-07 21:02:53,0,0,1.46805,0,8.91093,0,22.4161,0
2015-03-07 21:07:53,0,0,1.55777,0,8.70054,0,22.4161,0
2015-03-07 21:12:53,0,0,1.42876,0,8.8178,0,22.4161,0
2015-03-07 21:17:53,0,0,1.53482,0,8.94845,0,22.4161,0
2015-03-07 21:22:53,0,0,1.48347,0,9.06563,0,22.4161,0
2015-03-07 21:27:53,0,0,1.50936,0,8.83939,0,22.4161,0
2015-03-07 21:32:53,0,0,1.45243,0,9.08077,0,22.4161,0
2015-03-07 21:37:53,0,0,1.5172,0,8.92157,0,22.4161,0
2015-03-07 21:42:53,0,0,1.4669,0,8.95013,0,22.4161,0
2015-03-07 21:47:53,0,0,1.46697,0,8.8586,0,22.4161,0
2015-03-07 21:52:53,0,0,1.4732,0,8.95239,0,22.4161,0
2015-03-07 21:57:53,0,0,1.46829,0,8.80786,0,22.4161,0
2015-03-07 22:02:53,0,0,1.49751,0,8.81562,0,22.4161,0
2015-03-07 22:07:53,0,0,1.562,0,8.8537,0,22.4161,0
2015-03-07 22:12:53,0,0,1.52774,0,8.96188,0,22.4161,0
2015-03-07 22:17:53,0,0,1.44783,0,9.14426,0,22.4161,0
2015-03-07 22:22:53,0,0,1.52159,0,9.1893,0,22.4161,0
2015-03-07 22:27:53,0,0,1.5768,0,9.00046,0,22.4161,0
2015-03-07 22:32:53,0,0,1.43538,0,8.96347,0,22.4161,0
2015-03-07 22:37:53,0,0,1.4685,0,9.15375,0,22.4161,0
2015-03-07 22:42:53,0,0,1.5473,0,9.06965,0,22.4161,0
2015-03-07 22:47:53,0,0,1.50345,0,8.79043,0,22.4161,0
2015-03-07 22:52:53,1,0,1.42497,0,8.00355,0,22.4161,0
2015-03-07 22:57:53,0,0,1.51619,0,7.07377,0,22.4161,0
2015-03-07 23:02:53,0,0,1.52,0,5.8765,0,22.4161,0
2015-03-07 23:07:53,0,0,1.44485,0,8.8273,0,22.4161,0
2015-03-07 23:12:53,0,0,1.56273,0,9.03344,0,22.4161,0
2015-03-07 23:17:53,0,0,1.41513,0,9.01244,0,22.4161,0
2015-03-07 23:22:53,0,0,1.49358,0,8.87515,0,22.4161,0
2015-03-07 23:27:53,0,0,1.48942,0,9.01203,0,22.4161,0
2015-03-07 23:32:53,0,0,1.56032,0,8.72198,0,22.4161,0
2015-03-07 23:37:53,0,0,1.43197,0,9.01991,0,22.4161,0
2015-03-07 23:42:53,0,0,1.53641,0,9.02087,0,22.4161,0
2015-03-07 23:47:53,0,0,1.52719,0,9.08131,0,22.4161,0
2015-03-07 23:52:53,0,0,1.50273,0,8.89591,0,22.4161,0
2015-03-07 23:57:53,0,0,1.52345,0,9.16634,0,22.4161,0
2015-03-08 00:02:53,0,0,1.4185,0,9.11048,0,22.4161,0
2015-03-08 00:07:53,0,0,1.48704,0,8.97359,0,22.4161,0
2015-03-08 00:12:53,0,0,1.5005,0,8.8944,0,22.4161,0
2015-03-08 00:17:53,0,0,1.46429,0,8.73009,0,22.4161,0
2015-03-08 00:22:53,0,0,1.48733,0,8.92642,0,22.4161,0
2015-03-08 00:27:53,0,0,1.46165,0,8.9174,0,22.4161,0
2015-03-08 00:32:53,0,0,1.46479,0,8.82916,0,22.4161,0
2015-03-08 00:37:53,0,0,1.65609,0,8.85006,0,22.4161,0
2015-03-08 00:42:53,1,0,1.36918,0,7.97061,0,22.4161,0
2015-03-08 00:47:53,0,0,1.56184,0,7.07574,0,22.4161,0
2015-03-08 00:52:53,0,0,1.46927,0,6.26848,0,22.4161,0
2015-03-08 00:57:53,0,0,1.57234,0,8.70049,0,22.4161,0
2015-03-08 01:02:53,0,0,1.52589,0,9.19641,0,22.4161,0
2015-03-08 01:07:53,1,0,1.3759,0,8.07839,0,22.4161,0
2015-03-08 01:12:53,0,0,1.58793,0,7.14472,0,22.4161,0
2015-03-08 01:17:53,0,0,1.4942,0,5.91741,0,22.4161,0
2015-03-08 01:22:53,0,0,1.53048,0,8.79777,0,22.4161,0
2015-03-08 01:27:53,0,0,1.5127,0,9.28266,0,22.4161,0
2015-03-08 01:32:53,0,0,1.40996,0,9.05626,0,22.4161,0
2015-03-08 01:37:53,0,0,1.67659,0,9.02681,0,22.4161,0
2015-03-08 01:42:53,0,0,1.5014,0,9.03462,0,22.4161,0
2015-03-08 01:47:53,0,0,1.51388,0,9.08447,0,22.4161,0
2015-03-08 01:52:53,0,0,1.49206,0,9.54646,0,22.4161,0
2015-03-08 01:57:53,0,0,1.58658,0,9.02403,0,22.4161,0
2015-03-08 02:02:53,1,0,1.43102,0,8.11236,0,22.4161,0
2015-03-08 02:07:53,0,0,1.59921,0,7.08037,0,22.4161,0
2015-03-08 02:12:53,0,0,1.54288,0,6.221,0,22.4161,0
2015-03-08 02:17:53,0,0,1.48469,0,9.03436,0,22.4161,0
2015-03-08 02:22:53,1,0,1.51753,0,8.36809,0,22.4161,0
2015-03-08 02:27:53,0,0,1.44989,0,7.11554,0,22.4161,0
2015-03-08 02:32:53,0,0,1.56481,0,5.939,0,22.4161,0
2015-03-08 02:37:53,0,0,1.51472,0,9.01717,0,22.4161,0
2015-03-08 02:42:53,0,0,1.52795,0,8.99401,0,22.4161,0
2015-03-08 02:47:53,0,0,1.39253,0,9.25182,0,22.4161,0
2015-03-08 02:52:53,0,0,1.6263,0,8.99259,0,22.4161,0
2015-03-08 02:57:53,0,0,1.4592,0,8.9952,0,22.4161,0
2015-03-08 03:02:53,0,0,1.56199,0,8.88939,0,22.4161,0
2015-03-08 03:07:53,0,0,1.49842,0,9.35928,0,22.4161,0
2015-03-08 03:12:53,0,0,1.49659,0,9,0,22.4161,0
2015-03-08 03:17:53,0,0,1.50425,0,9.17939,0,22.4161,0
2015-03-08 03:22:53,0,0,1.53439,0,8.99268,0,22.4161,0
2015-03-08 03:27:53,0,0,1.58517,0,9.03265,0,22.4161,0
2015-03-08 03:32:53,0,0,1.48809,0,9.16669,0,22.4161,0
2015-03-08 03:37:53,0,0,1.45185,0,9.26158,0,22.4161,0
2015-03-08 03:42:53,0,0,1.46899,0,9.18353,0,22.4161,0
2015-03-08 03:47:53,0,0,1.61904,0,8.83697,0,22.4161,0
2015-03-08 03:52:53,0,0,1.45241,0,8.91256,0,22.4161,0
2015-03-08 03:57:53,0,0,1.50963,0,9.09745,0,22.4161,0
2015-03-08 04:02:53,0,0,1.47931,0,9.27156,0,22.4161,0
2015-03-08 04:07:53,0,0,1.58844,0,8.85578,0,22.4161,0
2015-03-08 04:12:53,1,0,1.43016,0,8.07593,0,22.4161,0
2015-03-08 04:17:53,0,0,1.52591,0,7.04496,0,22.4161,0
2015-03-08 04:22:53,0,0,1.48781,0,6.15155,0,22.4161,0
2015-03-08 04:27:53,0,0,1.55458,0,8.83011,0,22.4161,0
2015-03-08 04:32:53,0,0,1.49197,0,9.10791,0,22.4161,0
2015-03-08 04:37:53,0,0,1.39271,0,9.06454,0,22.4161,0
2015-03-08 04:42:53,0,0,1.54631,0,9.04037,0,22.4161,0
2015-03-08 04:47:53,0,0,1.57364,0,8.80763,0,22.4161,0
2015-03-08 04:52:53,0,0,1.46088,0,8.84439,0,22.4161,0
2015-03-08 04:57:53,0,0,1.44297,0,9.24708,0,22.4161,0
2015-03-08 05:02:53,0,0,1.57528,0,9.08564,0,22.4161,0
2015-03-08 05:07:53,0,0,1.59205,0,8.84386,0,22.4161,0
2015-03-08 05:12:53,0,0,1.47378,0,9.07153,0,22.4161,0
2015-03-08 05:17:53,0,0,1.5302,0,9.38372,0,22.4161,0
2015-03-08 05:22:53,0,0,1.47275,0,9.2539,0,22.4161,0
2015-03-08 05:27:53,0,0,1.53316,0,8.95448,0,22.4161,0
2015-03-08 05:32:53,0,0,1.44756,0,9.06925,0,22.4161,0
2015-03-08 05:37:53,0,0,1.49915,0,8.93212,0,22.4161,0
2015-03-08 05:42:53,0,0,1.5347,0,8.99374,0,22.4161,0
2015-03-08 05:47:53,0,0,1.40363,0,8.87569,0,22.4161,0
2015-03-08 05:52:53,0,0,1.46685,0,8.97047,0,22.4161,0
2015-03-08 05:57:53,0,0,1.60338,0,8.8782,0,22.4161,0
2015-03-08 06:02:53,0,0,1.39242,0,8.74797,0,22.4161,0
2015-03-08 06:07:53,0,0,1.47382,0,8.99974,0,22.4161,0
2015-03-08 06:12:53,0,0,1.53163,0,9.0688,0,22.4161,0
2015-03-08 06:17:53,0,0,1.48099,0,8.65653,0,22.4161,0
2015-03-08 06:22:53,0,0,1.46486,0,8.96571,0,22.4161,0
2015-03-08 06:27:53,0,0,1.55379,0,9.02174,0,22.4161,0
2015-03-08 06:32:53,0,0,1.49137,0,8.92647,0,22.4161,0
2015-03-08 06:37:53,0,0,1.48658,0,8.99353,0,22.4161,0
2015-03-08 06:42:53,0,0,1.46588,0,9.13069,0,22.4161,0
2015-03-08 06:47:53,0,0,1.4826,0,8.91316,0,22.4161,0
2015-03-08 06:52:53,0,0,1.52683,0,8.87411,0,22.4161,0
2015-03-08 06:57:53,0,0,1.51336,0,8.88967,0,22.4161,0
2015-03-08 07:02:53,0,0,1.45724,0,9.01481,0,22.4161,0
2015-03-08 07:07:53,0,0,1.4621,0,9.06446,0,22.4161,0
2015-03-08 07:12:53,0,0,1.55129,0,8.91666,0,22.4161,0
2015-03-08 07:17:53,0,0,1.49244,0,8.84721,0,22.4161,0
2015-03-08 07:22:53,0,0,1.42435,0,8.98134,0,22.4161,0
2015-03-08 07:27:53,0,0,1.51619,0,9.06311,0,22.4161,0
2015-03-08 07:32:53,0,0,1.547,0,8.84223,0,22.4161,0
2015-03-08 07:37:53,0,0,1.46328,0,8.85243,0,22.4161,0
2015-03-08 07:42:53,0,0,1.4584,0,9.10584,0,22.4161,0
2015-03-08 07:47:53,0,0,1.49415,0,9.02595,0,22.4161,0
2015-03-08 07:52:53,0,0,1.5424,0,8.80078,0,22.4161,0
2015-03-08 07:57:53,0,0,1.41556,0,8.9059,0,22.4161,0
2015-03-08 08:02:53,0,0,1.52893,0,8.98281,0,22.4161,0
2015-03-08 08:07:53,0,0,1.52148,0,8.98724,0,22.4161,0
2015-03-08 08:12:53,0,0,1.45358,0,8.82603,0,22.4161,0
2015-03-08 08:17:53,0,0,1.49573,0,9.08333,0,22.4161,0
2015-03-08 08:22:53,1,0,1.54742,0,7.96734,0,22.4161,0
2015-03-08 08:27:53,1,0,1.47253,0,5.89964,0,22.4161,0
2015-03-08 08:32:53,0,0,1.52128,0,4.05457,0,22.4161,0
2015-03-08 08:37:53,0,0,1.56081,0,6.10861,0,22.4161,0
2015-03-08 08:42:53,0,0,1.58555,0,9.02098,0,22.4161,0
2015-03-08 08:47:53,0,0,1.40506,0,9.27104,0,22.4161,0
2015-03-08 08:52:53,0,0,1.43971,0,9.25861,0,22.4161,0
2015-03-08 08:57:53,0,0,1.55787,0,9.00649,0,22.4161,0
2015-03-08 09:02:53,0,0,1.50087,0,8.65246,0,22.4161,0
2015-03-08 09:07:53,0,0,1.45512,0,8.93574,0,22.4161,0
2015-03-08 09:12:53,0,0,1.50883,0,9.13047,0,22.4161,0
2015-03-08 09:17:53,0,0,1.5513,0,8.92169,0,22.4161,0
2015-03-08 09:22:53,0,0,1.56383,0,8.93433,0,22.4161,0
2015-03-08 09:27:53,0,0,1.57487,0,9.19292,0,22.4161,0
2015-03-08 09:32:53,0,0,1.49746,0,9.35642,0,22.4161,0
2015-03-08 09:37:53,0,0,1.4899,0,9.33869,0,22.4161,0
2015-03-08 09:42:53,0,0,1.47855,0,9.20943,0,22.4161,0
2015-03-08 09:47:53,1,0,1.51689,0,7.95073,0,22.4161,0
2015-03-08 09:52:53,0,0,1.57689,0,6.94368,0,22.4161,0
2015-03-08 09:57:53,0,0,1.47551,0,6.04632,0,22.4161,0
2015-03-08 10:02:53,0,0,1.50934,0,9.17997,0,22.4161,0
2015-03-08 10:07:53,0,0,1.61587,0,9.19104,0,22.4161,0
2015-03-08 10:12:53,0,0,1.38033,0,9.06109,0,22.4161,0
2015-03-08 10:17:53,0,0,1.55288,0,9.14009,0,22.4161,0
2015-03-08 10:22:53,0,0,1.49378,0,9.16115,0,22.4161,0
2015-03-08 10:27:53,0,0,1.50349,0,8.74052,0,22.4161,0
2015-03-08 10:32:53,0,0,1.47951,0,9.14969,0,22.4161,0
2015-03-08 10:37:53,0,0,1.53709,0,8.96784,0,22.4161,0
2015-03-08 10:42:53,0,0,1.52384,0,9.00659,0,22.4161,0
2015-03-08 10:47:53,0,0,1.54245,0,9.03657,0,22.4161,0
2015-03-08 10:52:53,0,0,1.52743,0,9.2014,0,22.4161,0
2015-03-08 10:57:53,0,0,1.41795,0,9.18385,0,22.4161,0
2015-03-08 11:02:53,0,0,1.51009,0,9.10017,0,22.4161,0
2015-03-08 11:07:53,0,0,1.54911,0,8.92828,0,22.4161,0
2015-03-08 11:12:53,0,0,1.60581,0,8.82313,0,22.4161,0
2015-03-08 11:17:53,0,0,1.48056,0,9.23429,0,22.4161,0
2015-03-08 11:22:53,0,0,1.48331,0,9.33951,0,22.4161,0
2015-03-08 11:27:53,0,0,1.54559,0,9.26188,0,22.4161,0
2015-03-08 11:32:53,0,0,1.58318,0,8.9539,0,22.4161,0
2015-03-08 11:37:53,0,0,1.38562,0,9.12429,0,22.4161,0
2015-03-08 11:42:53,0,0,1.56972,0,9.18875,0,22.4161,0
2015-03-08 11:47:53,0,0,1.49369,0,9.0905,0,22.4161,0
2015-03-08 11:52:53,0,0,1.46412,0,8.78998,0,22.4161,0
2015-03-08 11:57:53,0,0,1.44958,0,9.16066,0,22.4161,0
2015-03-08 12:02:53,0,0,1.55626,0,8.8589,0,22.4161,0
2015-03-08 12:07:53,0,0,1.45039,0,8.84779,0,22.4161,0
2015-03-08 12:12:53,0,0,1.50022,0,8.91165,0,22.4161,0
2015-03-08 12:17:53,0,0,1.50117,0,9.06979,0,22.4161,0
2015-03-08 12:22:53,0,0,1.45919,0,8.85278,0,22.4161,0
2015-03-08 12:27:53,0,0,1.49022,0,8.96218,0,22.4161,0
2015-03-08 12:32:53,0,0,1.59152,0,8.91212,0,22.4161,0
2015-03-08 12:37:53,1,0,1.47766,0,7.94953,0,22.4161,0
2015-03-08 12:42:53,0,0,1.47786,0,7.13135,0,22.4161,0
2015-03-08 12:47:53,0,0,1.54218,0,6.20773,0,22.4161,0
2015-03-08 12:52:53,0,0,1.5902,0,8.93087,0,22.4161,0
2015-03-08 12:57:53,0,0,1.48368,0,9.10814,0,22.4161,0
2015-03-08 13:02:53,0,0,1.36967,0,9.29061,0,22.4161,0
2015-03-08 13:07:53,0,0,1.57879,0,9.10763,0,22.4161,0
2015-03-08 13:12:53,0,0,1.4655,0,8.76918,0,22.4161,0
2015-03-08 13:17:53,0,0,1.46134,0,8.7321,0,22.4161,0
2015-03-08 13:22:53,0,0,1.4408,0,9.12872,0,22.4161,0
2015-03-08 13:27:53,0,0,1.53906,0,8.75998,0,22.4161,0
2015-03-08 13:32:53,0,0,1.45952,0,8.80469,0,22.4161,0
2015-03-08 13:37:53,0,0,1.56572,0,8.86005,0,22.4161,0
2015-03-08 13:42:53,0,0,1.54544,0,9.10195,0,22.4161,0
2015-03-08 13:47:53,0,0,1.43508,0,9.05544,0,22.4161,0
2015-03-08 13:52:53,0,0,1.51962,0,9.22311,0,22.4161,0
2015-03-08 13:57:53,0,0,1.49001,0,9.0261,0,22.4161,0
2015-03-08 14:02:53,0,0,1.51121,0,8.83448,0,22.4161,0
2015-03-08 14:07:53,1,0,1.52907,0,8.05009,0,22.4161,0
2015-03-08 14:12:53,0,0,1.51807,0,7.02153,0,22.4161,0
2015-03-08 14:17:53,1,0,1.45791,0,5.10984,0,22.4161,0
2015-03-08 14:22:53,1,0,1.63422,0,6.08126,0,22.4161,0
2015-03-08 14:27:53,0,0,1.46598,0,4.10425,0,22.4161,0
2015-03-08 14:32:53,0,0,1.44177,0,6.10815,0,22.4161,0
2015-03-08 14:37:53,0,0,1.65279,0,9.27638,0,22.4161,0
2015-03-08 14:42:53,0,0,1.38071,0,8.93428,0,22.4161,0
2015-03-08 14:47:53,1,0,1.44785,0,8.01161,0,22.4161,0
2015-03-08 14:52:53,1,0,1.59106,0,6.16764,0,22.4161,0
2015-03-08 14:57:53,0,0,1.49311,0,3.62888,0,22.4161,0
2015-03-08 15:02:53,0,0,1.56371,0,6.01877,0,22.4161,0
2015-03-08 15:07:53,0,0,1.58918,0,9.3231,0,22.4161,0
2015-03-08 15:12:53,0,0,1.46474,0,9.19592,0,22.4161,0
2015-03-08 15:17:53,0,0,1.50422,0,9.33422,0,22.4161,0
2015-03-08 15:22:53,0,0,1.65258,0,9.20125,0,22.4161,0
2015-03-08 15:27:53,0,1,1.45474,0,9.05524,0,22.4161,0
2015-03-08 15:32:53,0,1,1.51885,0,9.27257,0,22.4161,0
2015-03-08 15:37:53,0,1,1.52648,0,9.38607,0,22.4161,0
2015-03-08 15:42:53,0,1,1.55455,0,8.9284,0,22.4161,0
2015-03-08 15:47:53,1,1,1.53037,0,8.16404,0,22.4161,0
2015-03-08 15:52:53,1,1,1.61017,0,6.21889,0,22.4161,0
2015-03-08 15:57:53,0,1,1.44881,0,4.33455,0,22.4161,0
2015-03-08 16:02:53,0,1,1.57072,0,6.26027,0,22.4161,0
2015-03-08 16:07:53,0,1,1.53601,0,9.29886,0,22.4161,0
2015-03-08 16:12:53,0,1,1.43138,0,9.02389,0,22.4161,0
2015-03-08 16:17:53,0,1,1.52527,0,9.21557,0,22.4161,0
2015-03-08 16:22:53,0,1,1.52441,0,8.99607,0,22.4161,0
2015-03-08 16:27:53,0,1,1.45001,0,8.86909,0,22.4161,0
2015-03-08 16:32:53,1,1,1.57968,0,8.07462,0,22.4161,0
2015-03-08 16:37:53,0,1,1.5056,0,7.05292,0,22.4161,0
2015-03-08 16:42:53,0,1,1.48041,0,6.01498,0,22.4161,0
2015-03-08 16:47:53,0,1,1.60054,0,9.23065,0,22.4161,0
2015-03-08 16:52:53,0,1,1.5424,0,9.07816,0,22.4161,0
2015-03-08 16:57:53,1,1,1.41141,0,8.18473,0,22.4161,0
2015-03-08 17:02:53,0,1,1.6129,0,7.29784,0,22.4161,0
2015-03-08 17:07:53,0,1,1.5138,0,6.06291,0,22.4161,0
2015-03-08 17:12:53,0,1,1.54905,0,8.97381,0,22.4161,0
2015-03-08 17:17:53,1,1,1.52139,0,8.41534,0,22.4161,0
2015-03-08 17:22:53,2,1,1.4513,0,6.11811,0,22.4161,0
2015-03-08 17:27:53,1,1,1.55722,0,3.05565,0,22.4161,0
2015-03-08 17:32:53,0,1,1.54666,0,3.89564,0,22.4161,0
2015-03-08 17:37:53,0,1,1.60559,0,6.01501,0,22.4161,0
2015-03-08 17:42:53,0,1,1.45967,0,9.37058,0,22.4161,0
2015-03-08 17:47:53,0,1,1.46568,0,9.31084,0,22.4161,0
2015-03-08 17:52:53,0,1,1.49959,0,9.20179,0,22.4161,0
2015-03-08 17:57:53,0,1,1.57092,0,8.80997,0,22.4161,0
2015-03-08 18:02:53,0,1,1.49209,0,8.96714,0,22.4161,0
2015-03-08 18:07:53,0,1,1.48518,0,9.13271,0,22.4161,0
2015-03-08 18:12:53,0,1,1.54697,0,9.18212,0,22.4161,0
2015-03-08 18:17:53,0,1,1.55605,0,8.99361,0,22.4161,0
2015-03-08 18:22:53,1,1,1.47325,0,8.10553,0,22.4161,0
2015-03-08 18:27:53,0,1,1.57691,0,7.22626,0,22.4161,0
2015-03-08 18:32:53,0,1,1.50754,0,6.19155,0,22.4161,0
2015-03-08 18:37:53,0,1,1.50302,0,9.08111,0,22.4161,0
2015-03-08 18:42:53,0,1,1.56295,0,9.24885,0,22.4161,0
2015-03-08 18:47:53,0,1,1.44886,0,9.09162,0,22.4161,0
2015-03-08 18:52:53,0,1,1.56986,0,9.08382,0,22.4161,0
2015-03-08 18:57:53,0,1,1.47991,0,9.15644,0,22.4161,0
2015-03-08 19:02:53,1,1,1.45174,0,7.96621,0,22.4161,0
2015-03-08 19:07:53,0,1,1.5244,0,7.12114,0,22.4161,0
2015-03-08 19:12:53,0,1,1.52511,0,5.86763,0,22.4161,0
2015-03-08 19:17:53,0,1,1.49732,0,8.92915,0,22.4161,0
2015-03-08 19:22:53,0,1,1.5303,0,9.12074,0,22.4161,0
2015-03-08 19:27:53,0,1,1.41746,0,9.10027,0,22.4161,0
2015-03-08 19:32:53,1,1,1.50371,0,7.97002,0,22.4161,0
2015-03-08 19:37:53,0,1,1.53054,0,6.92953,0,22.4161,0
2015-03-08 19:42:53,0,1,1.49773,0,5.79035,0,22.4161,0
2015-03-08 19:47:53,0,1,1.51487,0,9.06995,0,22.4161,0
2015-03-08 19:52:53,1,1,1.4993,0,8.10197,0,22.4161,0
2015-03-08 19:57:53,0,1,1.4279,0,7.02225,0,22.4161,0
2015-03-08 20:02:53,0,1,1.58614,0,5.97111,0,22.4161,0
2015-03-08 20:07:53,0,1,1.59562,0,8.93983,0,22.4161,0
2015-03-08 20:12:53,0,1,1.52466,0,9.0516,0,22.4161,0
2015-03-08 20:17:53,0,1,1.44463,0,9.47431,0,22.4161,0
2015-03-08 20:22:53,0,1,1.559,0,9.28079,0,22.4161,0
2015-03-08 20:27:53,0,1,1.53373,0,9.02223,0,22.4161,0
2015-03-08 20:32:53,0,1,1.46491,0,8.98562,0,22.4161,0
2015-03-08 20:37:53,0,1,1.5285,0,9.20938,0,22.4161,0
2015-03-08 20:42:53,0,1,1.47736,0,9.05952,0,22.4161,0
2015-03-08 20:47:53,0,1,1.51773,0,8.92909,0,22.4161,0
2015-03-08 20:52:53,0,1,1.4251,0,9.05795,0,22.4161,0
2015-03-08 20:57:53,0,1,1.53635,0,8.89264,0,22.4161,0
2015-03-08 21:02:53,0,1,1.48809,0,8.93973,0,22.4161,0
2015-03-08 21:07:53,0,1,1.52058,0,8.83607,0,22.4161,0
2015-03-08 21:12:53,0,1,1.42529,0,9.1058,0,22.4161,0
2015-03-08 21:17:53,0,1,1.58826,0,8.93071,0,22.4161,0
2015-03-08 21:22:53,1,1,1.46554,0,8.00058,0,22.4161,0
2015-03-08 21:27:53,2,1,1.52109,0,5.98686,0,22.4161,0
2015-03-08 21:32:53,0,1,1.46329,0,4.35478,0,22.4161,0
2015-03-08 21:37:53,1,1,1.52326,0,5.10884,0,22.4161,0
2015-03-08 21:42:53,0,1,1.54821,0,7.01311,0,22.4161,0
2015-03-08 21:47:53,0,1,1.55225,0,5.98458,0,22.4161,0
2015-03-08 21:52:53,0,1,1.39731,0,9.21843,0,22.4161,0
2015-03-08 21:57:53,0,1,1.57531,0,9.14642,0,22.4161,0
2015-03-08 22:02:53,1,1,1.39735,0,8.02668,0,22.4161,0
2015-03-08 22:07:53,1,1,1.54291,0,5.73991,0,22.4161,0
2015-03-08 22:12:53,0,1,1.47462,0,4.06354,0,22.4161,0
2015-03-08 22:17:53,0,1,1.56115,0,5.75248,0,22.4161,0
2015-03-08 22:22:53,0,1,1.52177,0,9.13911,0,22.4161,0
2015-03-08 22:27:53,0,1,1.47873,0,9.06794,0,22.4161,0
2015-03-08 22:32:53,0,1,1.52361,0,9.20574,0,22.4161,0
2015-03-08 22:37:53,0,1,1.56935,0,9.04639,0,22.4161,0
2015-03-08 22:42:53,0,1,1.49555,0,9.05276,0,22.4161,0
2015-03-08 22:47:53,1,1,1.46054,0,8.20507,0,22.4161,0
2015-03-08 22:52:53,1,1,1.60855,0,6.15967,0,22.4161,0
2015-03-08 22:57:53,0,1,1.51894,0,4.01626,0,22.4161,0
2015-03-08 23:02:53,1,1,1.48209,0,5.11765,0,22.4161,0
2015-03-08 23:07:53,0,1,1.60339,0,7.34562,0,22.4161,0
2015-03-08 23:12:53,0,1,1.53674,0,6.1244,0,22.4161,0
2015-03-08 23:17:53,0,1,1.37091,0,9.18978,0,22.4161,0
2015-03-08 23:22:53,1,1,1.60706,0,8.25455,0,22.4161,0
2015-03-08 23:27:53,0,1,1.41994,0,6.95909,0,22.4161,0
2015-03-08 23:32:53,0,1,1.57271,0,5.74678,0,22.4161,0
2015-03-08 23:37:53,1,1,1.48019,0,8.23377,0,22.4161,0
2015-03-08 23:42:53,1,1,1.56547,0,5.88543,0,22.4161,0
2015-03-08 23:47:53,0,1,1.46189,0,4.24397,0,22.4161,0
2015-03-08 23:52:53,0,1,1.63297,0,6.03341,0,22.4161,0
2015-03-08 23:57:53,0,1,1.46093,0,9.25317,0,22.4161,0
2015-03-09 00:02:53,0,1,1.48805,0,9.11254,0,22.4161,0
2015-03-09 00:07:53,0,1,1.49608,0,9.30882,0,22.4161,0
2015-03-09 00:12:53,0,1,1.57009,0,8.85495,0,22.4161,0
2015-03-09 00:17:53,0,1,1.5344,0,9.02639,0,22.4161,0
2015-03-09 00:22:53,0,1,1.52741,0,9.16282,0,22.4161,0
2015-03-09 00:27:53,0,1,1.53894,0,9.30649,0,22.4161,0
2015-03-09 00:32:53,1,1,1.53667,0,8.19695,0,22.4161,0
2015-03-09 00:37:53,0,1,1.47996,0,7.19677,0,22.4161,0
2015-03-09 00:42:53,0,1,1.5232,0,6.17012,0,22.4161,0
2015-03-09 00:47:53,0,1,1.6014,0,9.09314,0,22.4161,0
2015-03-09 00:52:53,0,1,1.48183,0,9.08767,0,22.4161,0
2015-03-09 00:57:53,1,1,1.40859,0,8.25422,0,22.4161,0
2015-03-09 01:02:53,0,1,1.54865,0,7.17645,0,22.4161,0
2015-03-09 01:07:53,0,1,1.57584,0,5.81133,0,22.4161,0
2015-03-09 01:12:53,0,1,1.44214,0,8.8989,0,22.4161,0
2015-03-09 01:17:53,0,1,1.54509,0,9.23976,0,22.4161,0
2015-03-09 01:22:53,0,1,1.43883,0,9.15688,0,22.4161,0
2015-03-09 01:27:53,1,1,1.55652,0,7.85542,0,22.4161,0
2015-03-09 01:32:53,0,1,1.5063,0,7.06945,0,22.4161,0
2015-03-09 01:37:53,0,1,1.52945,0,5.93584,0,22.4161,0
2015-03-09 01:42:53,0,1,1.47381,0,9.21161,0,22.4161,0
2015-03-09 01:47:53,0,1,1.59928,0,9.05159,0,22.4161,0
2015-03-09 01:52:53,1,1,1.43613,0,8.13523,0,22.4161,0
2015-03-09 01:57:53,0,1,1.57313,0,7.05611,0,22.4161,0
2015-03-09 02:02:53,0,1,1.49475,0,6.24323,0,22.4161,0
2015-03-09 02:07:53,0,1,1.52913,0,8.94941,0,22.4161,0
2015-03-09 02:12:53,0,1,1.47971,0,9.23801,0,22.4161,0
2015-03-09 02:17:53,1,1,1.43681,0,8.0222,0,22.4161,0
2015-03-09 02:22:53,0,1,1.52886,0,6.98361,0,22.4161,0
2015-03-09 02:27:53,0,1,1.57142,0,5.8416,0,22.4161,0
2015-03-09 02:32:53,0,1,1.44994,0,8.93957,0,22.4161,0
2015-03-09 02:37:53,0,1,1.48089,0,9.17938,0,22.4161,0
2015-03-09 02:42:53,0,1,1.54916,0,9.09505,0,22.4161,0
2015-03-09 02:47:53,0,1,1.45912,0,8.86077,0,22.4161,0
2015-03-09 02:52:53,0,1,1.50136,0,9.00011,0,22.4161,0
2015-03-09 02:57:53,0,1,1.55127,0,9.06707,0,22.4161,0
2015-03-09 03:02:53,0,1,1.43412,0,8.93135,0,22.4161,0
2015-03-09 03:07:53,0,1,1.42257,0,9.04074,0,22.4161,0
2015-03-09 03:12:53,1,1,1.59473,0,7.94463,0,22.4161,0
2015-03-09 03:17:53,0,1,1.53907,0,6.74222,0,22.4161,0
2015-03-09 03:22:53,0,1,1.51455,0,5.99624,0,22.4161,0
2015-03-09 03:27:53,0,1,1.4543,0,9.37689,0,22.4161,0
2015-03-09 03:32:53,0,1,1.53324,0,9.10062,0,22.4161,0
2015-03-09 03:37:53,1,1,1.45358,0,7.98549,0,22.4161,0
2015-03-09 03:42:53,0,1,1.53797,0,6.88295,0,22.4161,0
2015-03-09 03:47:53,0,1,1.47917,0,6.04484,0,22.4161,0
2015-03-09 03:52:53,0,1,1.52554,0,8.91585,0,22.4161,0
2015-03-09 03:57:53,0,1,1.46236,0,9.09779,0,22.4161,0
2015-03-09 04:02:53,0,1,1.47701,0,8.95095,0,22.4161,0
2015-03-09 04:07:53,0,1,1.52105,0,8.97834,0,22.4161,0
2015-03-09 04:12:53,0,1,1.56781,0,8.86215,0,22.4161,0
2015-03-09 04:17:53,0,1,1.47248,0,9.04093,0,22.4161,0
2015-03-09 04:22:53,0,1,1.43602,0,9.17125,0,22.4161,0
2015-03-09 04:27:53,0,1,1.50886,0,9.08442,0,22.4161,0
2015-03-09 04:32:53,2,1,1.51028,0,7.78062,0,22.4161,0
2015-03-09 04:37:53,0,1,1.53781,0,6.80063,0,22.4161,0
2015-03-09 04:42:53,0,1,1.50514,0,6.0318,0,22.4161,0
2015-03-09 04:47:53,0,1,1.50655,0,9.1116,0,22.4161,0
2015-03-09 04:52:53,1,1,1.54899,0,8.13025,0,22.4161,0
2015-03-09 04:57:53,0,1,1.41834,0,7.07749,0,22.4161,0
2015-03-09 05:02:53,0,1,1.57854,0,6.03597,0,22.4161,0
2015-03-09 05:07:53,0,1,1.54558,0,9.0622,0,22.4161,0
2015-03-09 05:12:53,0,1,1.46412,0,8.95767,0,22.4161,0
2015-03-09 05:17:53,1,1,1.43384,0,8.2909,0,22.4161,0
2015-03-09 05:22:53,0,1,1.64744,0,6.99881,0,22.4161,0
2015-03-09 05:27:53,0,1,1.41297,0,5.90748,0,22.4161,0
2015-03-09 05:32:53,0,1,1.5755,0,9.00937,0,22.4161,0
2015-03-09 05:37:53,0,1,1.54779,0,9.34375,0,22.4161,0
2015-03-09 05:42:53,0,1,1.3824,0,8.9377,0,22.4161,0
2015-03-09 05:47:53,1,1,1.56098,0,8.20447,0,22.4161,0
2015-03-09 05:52:53,1,1,1.47974,0,5.96915,0,22.4161,0
2015-03-09 05:57:53,0,1,1.58397,0,3.74889,0,22.4161,0
2015-03-09 06:02:53,1,1,1.51166,0,5.22639,0,22.4161,0
2015-03-09 06:07:53,0,1,1.51286,0,7.11881,0,22.4161,0
2015-03-09 06:12:53,1,1,1.43205,0,5.2881,0,22.4161,0
2015-03-09 06:17:53,0,1,1.66723,0,6.99276,0,22.4161,0
2015-03-09 06:22:53,0,1,1.47572,0,6.06991,0,22.4161,0
2015-03-09 06:27:53,0,1,1.46818,0,9.10633,0,22.4161,0
2015-03-09 06:32:53,0,1,1.53083,0,9.4213,0,22.4161,0
2015-03-09 06:37:53,0,1,1.47274,0,8.89435,0,22.4161,0
2015-03-09 06:42:53,0,1,1.56208,0,8.93894,0,22.4161,0
2015-03-09 06:47:53,0,1,1.51117,0,9.10004,0,22.4161,0
2015-03-09 06:52:53,1,1,1.51366,0,8.05356,0,22.4161,0
2015-03-09 06:57:53,0,1,1.51837,0,7.22225,0,22.4161,0
2015-03-09 07:02:53,0,1,1.5186,0,6.07921,0,22.4161,0
2015-03-09 07:07:53,0,1,1.49482,0,9.09633,0,22.4161,0
2015-03-09 07:12:53,0,1,1.51826,0,9.08714,0,22.4161,0
2015-03-09 07:17:53,1,1,1.55992,0,8.0637,0,22.4161,0
2015-03-09 07:22:53,1,1,1.49143,0,6.08091,0,22.4161,0
2015-03-09 07:27:53,0,1,1.45493,0,4.16606,0,22.4161,0
2015-03-09 07:32:53,0,1,1.5994,0,6.11756,0,22.4161,0
2015-03-09 07:37:53,0,1,1.61424,0,8.98355,0,22.4161,0
2015-03-09 07:42:53,0,1,1.4094,0,9.17783,0,22.4161,0
2015-03-09 07:47:53,0,1,1.52795,0,9.43607,0,22.4161,0
2015-03-09 07:52:53,0,1,1.50047,0,9.18945,0,22.4161,0
2015-03-09 07:57:53,0,1,1.5627,0,8.78457,0,22.4161,0
2015-03-09 08:02:53,0,1,1.46041,0,9.1475,0,22.4161,0
2015-03-09 08:07:53,0,1,1.51258,0,9.08723,0,22.4161,0
2015-03-09 08:12:53,0,1,1.509,0,9.12152,0,22.4161,0
2015-03-09 08:17:53,0,1,1.51667,0,8.9154,0,22.4161,0
2015-03-09 08:22:53,0,1,1.50372,0,9.07241,0,22.4161,0
2015-03-09 08:27:53,0,1,1.51326,0,9.06408,0,22.4161,0
2015-03-09 08:32:53,0,1,1.47167,0,9.07073,0,22.4161,0
2015-03-09 08:37:53,1,1,1.54585,0,8.00936,0,22.4161,0
2015-03-09 08:42:53,0,1,1.48756,0,7.02897,0,22.4161,0
2015-03-09 08:47:53,0,1,1.51615,0,5.99427,0,22.4161,0
2015-03-09 08:52:53,0,1,1.54767,0,9.1288,0,22.4161,0
2015-03-09 08:57:53,0,1,1.55588,0,9.04263,0,22.4161,0
2015-03-09 09:02:53,1,1,1.42964,0,8.19967,0,22.4161,0
2015-03-09 09:07:53,0,1,1.58652,0,7.18441,0,22.4161,0
2015-03-09 09:12:53,0,1,1.43987,0,6.11345,0,22.4161,0
2015-03-09 09:17:53,0,1,1.54096,0,8.90183,0,22.4161,0
2015-03-09 09:22:53,1,1,1.49379,0,8.18028,0,22.4161,0
2015-03-09 09:27:53,1,1,1.41746,0,5.89534,0,22.4161,0
2015-03-09 09:32:53,0,1,1.51936,0,4.02793,0,22.4161,0
2015-03-09 09:37:53,0,1,1.53633,0,5.83566,0,22.4161,0
2015-03-09 09:42:53,0,1,1.59595,0,8.82744,0,22.4161,0
2015-03-09 09:47:53,1,1,1.3766,0,8.2267,0,22.4161,0
2015-03-09 09:52:53,1,1,1.49605,0,6.17748,0,22.4161,0
2015-03-09 09:57:53,0,1,1.52923,0,4.03709,0,22.4161,0
2015-03-09 10:02:53,0,1,1.55259,0,5.65112,0,22.4161,0
2015-03-09 10:07:53,0,1,1.59524,0,9.09919,0,22.4161,0
2015-03-09 10:12:53,0,1,1.44289,0,9.2881,0,22.4161,0
2015-03-09 10:17:53,0,1,1.47484,0,9.29113,0,22.4161,0
2015-03-09 10:22:53,0,1,1.61977,0,9.14634,0,22.4161,0
2015-03-09 10:27:53,0,1,1.48432,0,8.89811,0,22.4161,0
2015-03-09 10:32:53,0,1,1.50178,0,9.14837,0,22.4161,0
2015-03-09 10:37:53,0,1,1.49707,0,9.32972,0,22.4161,0
2015-03-09 10:42:53,0,1,1.4907,0,8.95358,0,22.4161,0
2015-03-09 10:47:53,1,1,1.51365,0,7.99018,0,22.4161,0
2015-03-09 10:52:53,0,1,1.51579,0,6.98626,0,22.4161,0
2015-03-09 10:57:53,1,1,1.47157,0,5.01519,0,22.4161,0
2015-03-09 11:02:53,0,1,1.52488,0,7.04409,0,22.4161,0
2015-03-09 11:07:53,1,1,1.47514,0,5.01538,0,22.4161,0
2015-03-09 11:12:53,0,1,1.47514,0,6.93961,0,22.4161,0
2015-03-09 11:17:53,0,1,1.60432,0,6.00008,0,22.4161,0
2015-03-09 11:22:53,0,1,1.45046,0,8.98005,0,22.4161,0
2015-03-09 11:27:53,0,1,1.57425,0,9.08454,0,22.4161,0
2015-03-09 11:32:53,0,1,1.4062,0,9.28814,0,22.4161,0
2015-03-09 11:37:53,1,1,1.55909,0,7.90607,0,22.4161,0
2015-03-09 11:42:53,0,1,1.54198,0,7.09425,0,22.4161,0
2015-03-09 11:47:53,0,1,1.5329,0,5.87878,0,22.4161,0
2015-03-09 11:52:53,0,1,1.52883,0,9.29414,0,22.4161,0
2015-03-09 11:57:53,1,1,1.49899,0,8.22058,0,22.4161,0
2015-03-09 12:02:53,0,1,1.46023,0,7.15535,0,22.4161,0
2015-03-09 12:07:53,0,1,1.58621,0,6.0447,0,22.4161,0
2015-03-09 12:12:53,0,1,1.54885,0,9.00365,0,22.4161,0
2015-03-09 12:17:53,1,1,1.47721,0,8.10196,0,22.4161,0
2015-03-09 12:22:53,0,1,1.42487,0,7.33354,0,22.4161,0
2015-03-09 12:27:53,1,1,1.5602,0,5.02583,0,22.4161,0
2015-03-09 12:32:53,0,1,1.61886,0,6.84156,0,22.4161,0
2015-03-09 12:37:53,0,1,1.49157,0,6.01388,0,22.4161,0
2015-03-09 12:42:53,0,1,1.53433,0,9.4099,0,22.4161,0
2015-03-09 12:47:53,0,1,1.5129,0,9.37406,0,22.4161,0
2015-03-09 12:52:53,0,1,1.50295,0,9.05627,0,22.4161,0
2015-03-09 12:57:53,0,1,1.49522,0,9.13174,0,22.4161,0
2015-03-09 13:02:53,0,1,1.54792,0,9.03981,0,22.4161,0
2015-03-09 13:07:53,2,1,1.48044,0,7.95137,0,22.4161,0
2015-03-09 13:12:53,1,1,1.55042,0,5.87026,0,22.4161,0
2015-03-09 13:17:53,0,1,1.44015,0,3.86754,0,22.4161,0
2015-03-09 13:22:53,0,1,1.61274,0,5.98231,0,22.4161,0
2015-03-09 13:27:53,0,1,1.53562,0,9.1443,0,22.4161,0
2015-03-09 13:32:53,0,1,1.43759,0,9.08156,0,22.4161,0
2015-03-09 13:37:53,0,1,1.45285,0,9.34706,0,22.4161,0
2015-03-09 13:42:53,0,1,1.59204,0,8.93489,0,22.4161,0
2015-03-09 13:47:53,0,1,1.46325,0,8.81051,0,22.4161,0
2015-03-09 13:52:53,1,1,1.57837,0,8.00589,0,22.4161,0
2015-03-09 13:57:53,0,1,1.47886,0,7.281,0,22.4161,0
2015-03-09 14:02:53,1,1,1.55799,0,5.02536,0,22.4161,0
2015-03-09 14:07:53,0,1,1.48355,0,7.25082,0,22.4161,0
2015-03-09 14:12:53,1,1,1.63358,0,5.0361,0,22.4161,0
2015-03-09 14:17:53,0,1,1.40137,0,7.27463,0,22.4161,0
2015-03-09 14:22:53,1,1,1.57679,0,5.11916,0,22.4161,0
2015-03-09 14:27:53,0,1,1.41125,0,7.28025,0,22.4161,0
2015-03-09 14:32:53,0,1,1.53977,0,5.76892,0,22.4161,0
2015-03-09 14:37:53,0,1,1.48957,0,9.09263,0,22.4161,0
2015-03-09 14:42:53,0,1,1.60239,0,8.80285,0,22.4161,0
2015-03-09 14:47:53,0,1,1.35089,0,9.20084,0,22.4161,0
2015-03-09 14:52:53,0,1,1.61637,0,9.02436,0,22.4161,0
2015-03-09 14:57:53,1,1,1.50529,0,8.12531,0,22.4161,0
2015-03-09 15:02:53,0,1,1.53671,0,6.7907,0,22.4161,0
2015-03-09 15:07:53,0,1,1.50189,0,6.39639,0,22.4161,0
2015-03-09 15:12:53,0,1,1.53909,0,9.09117,0,22.4161,0
2015-03-09 15:17:53,0,1,1.5911,0,9.15299,0,22.4161,0
2015-03-09 15:22:53,0,1,1.42767,0,9.17495,0,22.4161,0
2015-03-09 15:27:53,0,1,1.54422,0,9.22713,0,22.4161,0
2015-03-09 15:32:53,1,1,1.50358,0,8.17286,0,22.4161,0
2015-03-09 15:37:53,0,1,1.54352,0,6.87501,0,22.4161,0
2015-03-09 15:42:53,0,1,1.36027,0,6.18332,0,22.4161,0
2015-03-09 15:47:53,0,1,1.61391,0,8.95803,0,22.4161,0
2015-03-09 15:52:53,0,1,1.50198,0,8.96499,0,22.4161,0
2015-03-09 15:57:53,1,1,1.52438,0,7.81059,0,22.4161,0
2015-03-09 16:02:53,0,1,1.45095,0,7.37006,0,22.4161,0
2015-03-09 16:07:53,0,1,1.57623,0,6.00565,0,22.4161,0
2015-03-09 16:12:53,0,1,1.48673,0,9.05129,0,22.4161,0
2015-03-09 16:17:53,1,1,1.51873,0,7.99205,0,22.4161,0
2015-03-09 16:22:53,0,1,1.44223,0,7.22089,0,22.4161,0
2015-03-09 16:27:53,0,1,1.59798,0,5.93989,0,22.4161,0
2015-03-09 16:32:53,0,1,1.4482,0,9.03865,0,22.4161,0
2015-03-09 16:37:53,0,1,1.54578,0,8.97086,0,22.4161,0
2015-03-09 16:42:53,1,1,1.4227,0,8.23612,0,22.4161,0
2015-03-09 16:47:53,1,1,1.58787,0,5.85886,0,22.4161,0
2015-03-09 16:52:53,1,1,1.45885,0,3.0706,0,22.4161,0
2015-03-09 16:57:53,0,1,1.55885,0,3.90267,0,22.4161,0
2015-03-09 17:02:53,1,1,1.5549,0,5.24015,0,22.4161,0
2015-03-09 17:07:53,1,1,1.49796,0,6.04915,0,22.4161,0
2015-03-09 17:12:53,0,1,1.48718,0,4.28432,0,22.4161,0
2015-03-09 17:17:53,0,1,1.54503,0,6.1478,0,22.4161,0
2015-03-09 17:22:53,0,1,1.53474,0,9.01329,0,22.4161,0
2015-03-09 17:27:53,1,1,1.45371,0,8.08635,0,22.4161,0
2015-03-09 17:32:53,0,1,1.50307,0,7.15827,0,22.4161,0
2015-03-09 17:37:53,1,1,1.50409,0,5.0147,0,22.4161,0
2015-03-09 17:42:53,0,1,1.63305,0,6.87136,0,22.4161,0
2015-03-09 17:47:53,1,1,1.48879,0,5.15044,0,22.4161,0
2015-03-09 17:52:53,0,1,1.46569,0,7.26715,0,22.4161,0
2015-03-09 17:57:53,2,1,1.57518,0,5.41104,0,22.4161,0
2015-03-09 18:02:53,0,1,1.50682,0,7.11017,0,22.4161,0
2015-03-09 18:07:53,2,1,1.46518,0,5.24648,0,22.4161,0
2015-03-09 18:12:53,1,1,1.54012,0,6.17709,0,22.4161,0
2015-03-09 18:17:53,1,1,1.60245,0,2.95002,0,22.4161,0
2015-03-09 18:22:53,1,1,1.43041,0,3.07824,0,22.4161,0
2015-03-09 18:27:53,1,1,1.61994,0,3.25567,0,22.4161,0
2015-03-09 18:32:53,0,1,1.47271,0,4.2881,0,22.4161,0
2015-03-09 18:37:53,1,1,1.58509,0,5.00383,0,22.4161,0
2015-03-09 18:42:53,1,1,1.49496,0,6.39034,0,22.4161,0
2015-03-09 18:47:53,0,1,1.52601,0,4.08328,0,22.4161,0
2015-03-09 18:52:53,0,1,1.51908,0,6.2712,0,22.4161,0
2015-03-09 18:57:53,0,1,1.55051,0,9.05598,0,22.4161,0
2015-03-09 19:02:53,0,1,1.53851,0,9.16669,0,22.4161,0
2015-03-09 19:07:53,1,1,1.47648,0,8.19675,0,22.4161,0
2015-03-09 19:12:53,0,1,1.60199,0,7.20503,0,22.4161,0
2015-03-09 19:17:53,0,1,1.44371,0,6.17049,0,22.4161,0
2015-03-09 19:22:53,4,1,1.6206,0,10.1897,0,22.4161,0
2015-03-09 19:27:53,1,1,1.50829,0,10.5391,0,22.4161,0
2015-03-09 19:32:53,2,1,1.52821,0,9.40178,0,22.4161,0
2015-03-09 19:37:53,0,1,1.56733,0,4.37344,0,22.4161,0
2015-03-09 19:42:53,0,1,1.60989,0,6.09889,0,22.4161,0
2015-03-09 19:47:53,0,1,1.36812,0,9.32919,0,22.4161,0
2015-03-09 19:52:53,0,1,1.67936,0,9.28988,0,22.4161,0
2015-03-09 19:57:53,1,1,1.38176,0,8.24527,0,22.4161,0
2015-03-09 20:02:53,1,1,1.57033,0,5.84484,0,22.4161,0
2015-03-09 20:07:53,0,1,1.52171,0,4.37193,0,22.4161,0
2015-03-09 20:12:53,0,1,1.57318,0,5.80763,0,22.4161,0
2015-03-09 20:17:53,0,1,1.46055,0,9.32757,0,22.4161,0
2015-03-09 20:22:53,0,1,1.61201,0,9.17203,0,22.4161,0
2015-03-09 20:27:53,0,1,1.49868,0,9.25265,0,22.4161,0
2015-03-09 20:32:53,0,1,1.51542,0,9.10436,0,22.4161,0
2015-03-09 20:37:53,0,1,1.50667,0,9.34882,0,22.4161,0
2015-03-09 20:42:53,0,1,1.49129,0,9.03355,0,22.4161,0
2015-03-09 20:47:53,0,1,1.53354,0,9.05089,0,22.4161,0
2015-03-09 20:52:53,0,1,1.5503,0,9.03613,0,22.4161,0
2015-03-09 20:57:53,0,1,1.50272,0,9.09125,0,22.4161,0
2015-03-09 21:02:53,0,1,1.52066,0,9.20395,0,22.4161,0
2015-03-09 21:07:53,0,1,1.57977,0,9.17699,0,22.4161,0
2015-03-09 21:12:53,0,1,1.44926,0,9.12924,0,22.4161,0
2015-03-09 21:17:53,0,1,1.548,0,9.17079,0,22.4161,0
2015-03-09 21:22:53,2,1,1.46097,0,8.08985,0,22.4161,0
2015-03-09 21:27:53,0,1,1.5658,0,6.71277,0,22.4161,0
2015-03-09 21:32:53,0,1,1.45247,0,5.84375,0,22.4161,0
2015-03-09 21:37:53,0,1,1.52654,0,8.96699,0,22.4161,0
2015-03-09 21:42:53,0,1,1.47181,0,9.12889,0,22.4161,0
2015-03-09 21:47:53,0,1,1.48058,0,8.8823,0,22.4161,0
2015-03-09 21:52:53,0,1,1.48195,0,9.00382,0,22.4161,0
2015-03-09 21:57:53,1,1,1.46578,0,7.85854,0,22.4161,0
2015-03-09 22:02:53,0,1,1.48638,0,6.87141,0,22.4161,0
2015-03-09 22:07:53,0,1,1.54016,0,5.86379,0,22.4161,0
2015-03-09 22:12:53,0,1,1.51962,0,8.91028,0,22.4161,0
2015-03-09 22:17:53,0,1,1.54763,0,9.05909,0,22.4161,0
2015-03-09 22:22:53,0,1,1.47559,0,9.20734,0,22.4161,0
2015-03-09 22:27:53,0,1,1.56579,0,9.12971,0,22.4161,0
2015-03-09 22:32:53,0,1,1.43549,0,9.15985,0,22.4161,0
2015-03-09 22:37:53,0,1,1.51248,0,8.99384,0,22.4161,0
2015-03-09 22:42:53,0,1,1.47646,0,9.08082,0,22.4161,0
2015-03-09 22:47:53,1,1,1.55452,0,7.80788,0,22.4161,0
2015-03-09 22:52:53,0,1,1.44151,0,7.04487,0,22.4161,0
2015-03-09 22:57:53,0,1,1.46664,0,5.97993,0,22.4161,0
2015-03-09 23:02:53,1,1,1.52513,0,8.01322,0,22.4161,0
2015-03-09 23:07:53,0,1,1.48373,0,6.78294,0,22.4161,0
2015-03-09 23:12:53,0,1,1.41042,0,5.93392,0,22.4161,0
2015-03-09 23:17:53,0,1,1.54339,0,8.95326,0,22.4161,0
2015-03-09 23:22:53,0,1,1.45966,0,8.81541,0,22.4161,0
2015-03-09 23:27:53,0,1,1.4578,0,8.77768,0,22.4161,0
2015-03-09 23:32:53,0,1,1.51413,0,9.00729,0,22.4161,0
2015-03-09 23:37:53,0,1,1.45989,0,8.80873,0,22.4161,0
2015-03-09 23:42:53,0,1,1.53071,0,8.86156,0,22.4161,0
2015-03-09 23:47:53,0,1,1.49736,0,8.99289,0,22.4161,0
2015-03-09 23:52:53,1,1,1.51775,0,7.93847,0,22.4161,0
2015-03-09 23:57:53,0,1,1.48834,0,7.10461,0,22.4161,0
2015-03-10 00:02:53,0,1,1.47213,0,6.01591,0,22.4161,0
2015-03-10 00:07:53,0,1,1.52631,0,9.00205,0,22.4161,0
2015-03-10 00:12:53,0,1,1.52931,0,8.93559,0,22.4161,0
2015-03-10 00:17:53,0,1,1.37885,0,8.99831,0,22.4161,0
2015-03-10 00:22:53,1,0,1.31036,0,8.0164,0,22.4161,0
2015-03-10 00:27:53,0,0,1.14957,0,6.656,0,22.4161,0
2015-03-10 00:32:53,0,0,1.31594,0,4.90685,0,22.4161,0
2015-03-10 00:37:53,0,0,1.17345,0,7.54616,0,22.4161,0
2015-03-10 00:42:53,0,0,1.23356,0,7.25405,0,22.4161,0
2015-03-10 00:47:53,0,0,1.24684,0,7.52827,0,22.4161,0
2015-03-10 00:52:53,3,0,1.13636,0,7.74063,0,22.4161,0
2015-03-10 00:57:53,2,0,1.21981,0,8.07063,0,22.4161,0
2015-03-10 01:02:53,0,0,1.28653,0,8.20657,0,22.4161,0
2015-03-10 01:07:53,0,0,1.19857,0,6.31706,0,22.4161,0
2015-03-10 01:12:53,0,0,1.28474,0,7.43106,0,22.4161,0
2015-03-10 01:17:53,0,0,1.21664,0,7.54148,0,22.4161,0
2015-03-10 01:22:53,0,0,1.23709,0,7.38184,0,22.4161,0
2015-03-10 01:27:53,0,0,1.19519,0,7.5246,0,22.4161,0
2015-03-10 01:32:53,0,0,1.25473,0,7.3193,0,22.4161,0
2015-03-10 01:37:53,1,0,1.24903,0,6.35637,0,22.4161,0
2015-03-10 01:42:53,1,0,1.27442,0,4.34404,0,22.4161,0
2015-03-10 01:47:53,0,0,1.21525,0,2.53665,0,22.4161,0
2015-03-10 01:52:53,1,0,1.2481,0,3.51117,0,22.4161,0
2015-03-10 01:57:53,1,0,1.1624,0,4.50186,0,22.4161,0
2015-03-10 02:02:53,0,0,1.31196,0,2.30435,0,22.4161,0
2015-03-10 02:07:53,1,0,1.23631,0,3.38106,0,22.4161,0
2015-03-10 02:12:53,1,0,1.25801,0,4.34742,0,22.4161,0
2015-03-10 02:17:53,1,0,1.30502,0,1.66652,0,22.4161,0
2015-03-10 02:22:53,0,0,1.21026,0,2.52998,0,22.4161,0
2015-03-10 02:27:53,0,0,1.33008,0,4.59435,0,22.4161,0
2015-03-10 02:32:53,0,0,1.18558,0,7.66568,0,22.4161,0
2015-03-10 02:37:53,0,0,1.30406,0,7.47653,0,22.4161,0
2015-03-10 02:42:53,0,0,1.13919,0,7.66547,0,22.4161,0
2015-03-10 02:47:53,1,0,1.34329,0,6.30404,0,22.4161,0
2015-03-10 02:52:53,2,0,1.16855,0,4.84725,0,22.4161,0
2015-03-10 02:57:53,0,0,1.32267,0,2.89953,0,22.4161,0
2015-03-10 03:02:53,0,0,1.22229,0,5.6299,0,22.4161,0
2015-03-10 03:07:53,0,0,1.26357,0,7.37328,0,22.4161,0
2015-03-10 03:12:53,0,0,1.25333,0,7.67616,0,22.4161,0
2015-03-10 03:17:53,0,0,1.23781,0,7.44732,0,22.4161,0
2015-03-10 03:22:53,1,0,1.26391,0,6.53516,0,22.4161,0
2015-03-10 03:27:53,0,0,1.26448,0,5.49952,0,22.4161,0
2015-03-10 03:32:53,1,0,1.30181,0,3.50574,0,22.4161,0
2015-03-10 03:37:53,0,0,1.20426,0,5.6225,0,22.4161,0
2015-03-10 03:42:53,0,0,1.25974,0,4.60132,0,22.4161,0
2015-03-10 03:47:53,0,0,1.19565,0,7.57371,0,22.4161,0
2015-03-10 03:52:53,0,0,1.22572,0,7.32792,0,22.4161,0
2015-03-10 03:57:53,3,0,1.26185,0,7.9448,0,22.4161,0
2015-03-10 04:02:53,0,0,1.17282,0,8.39736,0,22.4161,0
2015-03-10 04:07:53,0,0,1.37017,0,9.01934,0,22.4161,0
2015-03-10 04:12:53,1,0,1.1338,0,6.50135,0,22.4161,0
2015-03-10 04:17:53,0,0,1.32617,0,5.3926,0,22.4161,0
2015-03-10 04:22:53,0,0,1.18778,0,4.7043,0,22.4161,0
2015-03-10 04:27:53,0,0,1.2527,0,7.24154,0,22.4161,0
2015-03-10 04:32:53,0,0,1.22642,0,7.60678,0,22.4161,0
2015-03-10 04:37:53,0,0,1.22771,0,7.29516,0,22.4161,0
2015-03-10 04:42:53,0,0,1.31123,0,7.43865,0,22.4161,0
2015-03-10 04:47:53,0,0,1.18057,0,7.44591,0,22.4161,0
2015-03-10 04:52:53,0,0,1.31743,0,7.48616,0,22.4161,0
2015-03-10 04:57:53,1,0,1.16935,0,6.61226,0,22.4161,0
2015-03-10 05:02:53,0,0,1.22016,0,5.34593,0,22.4161,0
2015-03-10 05:07:53,0,0,1.24608,0,4.51116,0,22.4161,0
2015-03-10 05:12:53,0,0,1.21189,0,7.19446,0,22.4161,0
2015-03-10 05:17:53,0,0,1.36352,0,7.36454,0,22.4161,0
2015-03-10 05:22:53,0,0,1.1369,0,7.52554,0,22.4161,0
2015-03-10 05:27:53,1,0,1.34383,0,6.49961,0,22.4161,0
2015-03-10 05:32:53,0,0,1.14095,0,5.70819,0,22.4161,0
2015-03-10 05:37:53,0,0,1.29473,0,4.23932,0,22.4161,0
2015-03-10 05:42:53,0,0,1.19365,0,7.60812,0,22.4161,0
2015-03-10 05:47:53,1,0,1.25869,0,6.20596,0,22.4161,0
2015-03-10 05:52:53,0,0,1.24053,0,5.53016,0,22.4161,0
2015-03-10 05:57:53,0,0,1.25496,0,4.33885,0,22.4161,0
2015-03-10 06:02:53,0,0,1.19736,0,7.5121,0,22.4161,0
2015-03-10 06:07:53,0,0,1.24662,0,7.42888,0,22.4161,0
2015-03-10 06:12:53,0,0,1.26072,0,7.40623,0,22.4161,0
2015-03-10 06:17:53,0,0,1.19291,0,7.34604,0,22.4161,0
2015-03-10 06:22:53,1,0,1.25152,0,6.45421,0,22.4161,0
2015-03-10 06:27:53,0,0,1.23721,0,5.41951,0,22.4161,0
2015-03-10 06:32:53,0,0,1.25914,0,4.31897,0,22.4161,0
2015-03-10 06:37:53,0,0,1.27835,0,7.48813,0,22.4161,0
2015-03-10 06:42:53,0,0,1.16092,0,7.50828,0,22.4161,0
2015-03-10 06:47:53,0,0,1.32043,0,7.49505,0,22.4161,0
2015-03-10 06:52:53,0,0,1.13118,0,7.47732,0,22.4161,0
2015-03-10 06:57:53,0,0,1.3012,0,7.2548,0,22.4161,0
2015-03-10 07:02:53,1,0,1.20939,0,6.52485,0,22.4161,0
2015-03-10 07:07:53,0,0,1.22027,0,5.20533,0,22.4161,0
2015-03-10 07:12:53,0,0,1.31185,0,4.54263,0,22.4161,0
2015-03-10 07:17:53,1,0,1.12814,0,6.38054,0,22.4161,0
2015-03-10 07:22:53,0,0,1.31637,0,5.41263,0,22.4161,0
2015-03-10 07:27:53,0,0,1.1546,0,4.50819,0,22.4161,0
2015-03-10 07:32:53,0,0,1.3052,0,7.17176,0,22.4161,0
2015-03-10 07:37:53,0,0,1.16172,0,7.5635,0,22.4161,0
2015-03-10 07:42:53,0,0,1.34354,0,7.23591,0,22.4161,0
2015-03-10 07:47:53,0,0,1.13147,0,7.58257,0,22.4161,0
2015-03-10 07:52:53,0,0,1.32128,0,7.3037,0,22.4161,0
2015-03-10 07:57:53,0,0,1.20258,0,7.61482,0,22.4161,0
2015-03-10 08:02:53,0,0,1.27669,0,7.23955,0,22.4161,0
2015-03-10 08:07:53,0,0,1.16646,0,7.64569,0,22.4161,0
2015-03-10 08:12:53,0,0,1.2487,0,7.32759,0,22.4161,0
2015-03-10 08:17:53,0,0,1.25745,0,7.41169,0,22.4161,0
2015-03-10 08:22:53,0,0,1.22985,0,7.25422,0,22.4161,0
2015-03-10 08:27:53,0,0,1.21398,0,7.49084,0,22.4161,0
2015-03-10 08:32:53,0,0,1.27598,0,7.44603,0,22.4161,0
2015-03-10 08:37:53,0,0,1.19948,0,7.39349,0,22.4161,0
2015-03-10 08:42:53,0,0,1.23026,0,7.39338,0,22.4161,0
2015-03-10 08:47:53,0,0,1.2356,0,7.45714,0,22.4161,0
2015-03-10 08:52:53,1,0,1.23287,0,6.29454,0,22.4161,0
2015-03-10 08:57:53,0,0,1.19997,0,5.39484,0,22.4161,0
2015-03-10 09:02:53,1,0,1.33868,0,3.37251,0,22.4161,0
2015-03-10 09:07:53,1,0,1.03392,0,4.43721,0,22.4161,0
2015-03-10 09:12:53,0,0,1.38199,0,2.31117,0,22.4161,0
2015-03-10 09:17:53,1,0,1.10395,0,3.46586,0,22.4161,0
2015-03-10 09:22:53,0,0,1.27313,0,4.96969,0,22.4161,0
2015-03-10 09:27:53,0,0,1.27351,0,4.62699,0,22.4161,0
2015-03-10 09:32:53,0,0,1.18857,0,7.13161,0,22.4161,0
2015-03-10 09:37:53,0,0,1.27052,0,7.55497,0,22.4161,0
2015-03-10 09:42:53,0,0,1.18543,0,7.46819,0,22.4161,0
2015-03-10 09:47:53,0,0,1.32325,0,7.29217,0,22.4161,0
2015-03-10 09:52:53,0,0,1.1592,0,7.50565,0,22.4161,0
2015-03-10 09:57:53,0,0,1.31132,0,7.36198,0,22.4161,0
2015-03-10 10:02:53,1,0,1.15223,0,6.59948,0,22.4161,0
2015-03-10 10:07:53,0,0,1.28695,0,5.25249,0,22.4161,0
2015-03-10 10:12:53,0,0,1.2506,0,4.52538,0,22.4161,0
2015-03-10 10:17:53,1,0,1.21378,0,6.2812,0,22.4161,0
2015-03-10 10:22:53,0,0,1.31455,0,5.57583,0,22.4161,0
2015-03-10 10:27:53,2,0,1.25539,0,3.8648,0,22.4161,0
2015-03-10 10:32:53,0,0,1.1589,0,6.26762,0,22.4161,0
2015-03-10 10:37:53,0,0,1.39508,0,5.72604,0,22.4161,0
2015-03-10 10:42:53,0,0,1.09898,0,7.47905,0,22.4161,0
2015-03-10 10:47:53,0,0,1.40469,0,7.36585,0,22.4161,0
2015-03-10 10:52:53,1,0,1.1014,0,6.78788,0,22.4161,0
2015-03-10 10:57:53,0,0,1.31409,0,5.20773,0,22.4161,0
2015-03-10 11:02:53,0,0,1.19641,0,4.73094,0,22.4161,0
2015-03-10 11:07:53,0,0,1.2457,0,7.12877,0,22.4161,0
2015-03-10 11:12:53,0,0,1.30101,0,7.58077,0,22.4161,0
2015-03-10 11:17:53,0,0,1.19488,0,7.38163,0,22.4161,0
2015-03-10 11:22:53,0,0,1.33297,0,7.534,0,22.4161,0
2015-03-10 11:27:53,0,0,1.1175,0,7.62574,0,22.4161,0
2015-03-10 11:32:53,0,0,1.35142,0,7.36806,0,22.4161,0
2015-03-10 11:37:53,0,0,1.22671,0,7.58532,0,22.4161,0
2015-03-10 11:42:53,0,0,1.28387,0,7.28205,0,22.4161,0
2015-03-10 11:47:53,0,0,1.25956,0,7.79154,0,22.4161,0
2015-03-10 11:52:53,0,0,1.16479,0,7.50743,0,22.4161,0
2015-03-10 11:57:53,1,0,1.31242,0,6.53553,0,22.4161,0
2015-03-10 12:02:53,1,0,1.11104,0,4.42069,0,22.4161,0
2015-03-10 12:07:53,1,0,1.35623,0,1.23024,0,22.4161,0
2015-03-10 12:12:53,0,0,1.12836,0,2.51555,0,22.4161,0
2015-03-10 12:17:53,0,0,1.30096,0,4.17392,0,22.4161,0
2015-03-10 12:22:53,0,0,1.1912,0,7.62636,0,22.4161,0
2015-03-10 12:27:53,0,0,1.2511,0,7.1782,0,22.4161,0
2015-03-10 12:32:53,0,0,1.22044,0,7.53637,0,22.4161,0
2015-03-10 12:37:53,0,0,1.17861,0,7.29626,0,22.4161,0
2015-03-10 12:42:53,0,0,1.32193,0,7.3728,0,22.4161,0
2015-03-10 12:47:53,0,0,1.13552,0,7.34046,0,22.4161,0
2015-03-10 12:52:53,1,0,1.38928,0,6.31519,0,22.4161,0
2015-03-10 12:57:53,3,0,1.08217,0,5.84754,0,22.4161,0
2015-03-10 13:02:53,1,0,1.26421,0,3.71017,0,22.4161,0
2015-03-10 13:07:53,3,0,1.25848,0,6.7323,0,22.4161,0
2015-03-10 13:12:53,1,0,1.12247,0,3.97656,0,22.4161,0
2015-03-10 13:17:53,0,0,1.4227,0,6.84679,0,22.4161,0
2015-03-10 13:22:53,0,0,1.09631,0,4.44306,0,22.4161,0
2015-03-10 13:27:53,0,0,1.36833,0,7.30911,0,22.4161,0
2015-03-10 13:32:53,0,0,1.14707,0,7.82905,0,22.4161,0
2015-03-10 13:37:53,0,0,1.30098,0,7.17268,0,22.4161,0
2015-03-10 13:42:53,0,0,1.2331,0,7.70011,0,22.4161,0
2015-03-10 13:47:53,1,0,1.22742,0,6.27626,0,22.4161,0
2015-03-10 13:52:53,1,0,1.30117,0,4.59654,0,22.4161,0
2015-03-10 13:57:53,0,0,1.17254,0,2.45529,0,22.4161,0
2015-03-10 14:02:53,0,0,1.33815,0,4.45713,0,22.4161,0
2015-03-10 14:07:53,0,0,1.16848,0,7.58674,0,22.4161,0
2015-03-10 14:12:53,0,0,1.33941,0,7.36241,0,22.4161,0
2015-03-10 14:17:53,0,0,1.23694,0,7.69083,0,22.4161,0
2015-03-10 14:22:53,1,0,1.28658,0,6.42121,0,22.4161,0
2015-03-10 14:27:53,2,0,1.30495,0,5.20554,0,22.4161,0
2015-03-10 14:32:53,1,0,1.23361,0,2.44263,0,22.4161,0
2015-03-10 14:37:53,1,0,1.31836,0,2.98378,0,22.4161,0
2015-03-10 14:42:53,0,0,1.16486,0,2.70044,0,22.4161,0
2015-03-10 14:47:53,2,0,1.32851,0,4.17268,0,22.4161,0
2015-03-10 14:52:53,0,0,1.14121,0,6.95387,0,22.4161,0
2015-03-10 14:57:53,1,0,1.31788,0,5.30365,0,22.4161,0
2015-03-10 15:02:53,0,0,1.16315,0,5.58582,0,22.4161,0
2015-03-10 15:07:53,0,0,1.32937,0,4.22255,0,22.4161,0
2015-03-10 15:12:53,1,0,1.22706,0,6.6093,0,22.4161,0
2015-03-10 15:17:53,1,0,1.22851,0,4.37525,0,22.4161,0
2015-03-10 15:22:53,1,0,1.30041,0,1.67074,0,22.4161,0
2015-03-10 15:27:53,0,0,1.16686,0,2.43862,0,22.4161,0
2015-03-10 15:32:53,1,0,1.36057,0,3.45322,0,22.4161,0
2015-03-10 15:37:53,0,0,1.15816,0,5.59553,0,22.4161,0
2015-03-10 15:42:53,0,0,1.37791,0,4.37987,0,22.4161,0
2015-03-10 15:47:53,1,0,1.15202,0,6.77593,0,22.4161,0
2015-03-10 15:52:53,0,0,1.25774,0,5.38232,0,22.4161,0
2015-03-10 15:57:53,1,0,1.27107,0,3.6955,0,22.4161,0
2015-03-10 16:02:53,2,0,1.21733,0,4.70046,0,22.4161,0
2015-03-10 16:07:53,1,0,1.2974,0,2.44841,0,22.4161,0
2015-03-10 16:12:53,0,0,1.22203,0,3.91885,0,22.4161,0
2015-03-10 16:17:53,0,0,1.25765,0,4.46883,0,22.4161,0
2015-03-10 16:22:53,0,0,1.24072,0,7.59391,0,22.4161,0
2015-03-10 16:27:53,0,0,1.25649,0,7.4221,0,22.4161,0
2015-03-10 16:32:53,1,0,1.27055,0,6.51088,0,22.4161,0
2015-03-10 16:37:53,0,0,1.16813,0,5.50569,0,22.4161,0
2015-03-10 16:42:53,0,0,1.38534,0,4.47869,0,22.4161,0
2015-03-10 16:47:53,0,0,1.121,0,7.53324,0,22.4161,0
2015-03-10 16:52:53,0,0,1.43408,0,7.39606,0,22.4161,0
2015-03-10 16:57:53,0,0,1.12548,0,7.83209,0,22.4161,0
2015-03-10 17:02:53,0,0,1.35944,0,7.35664,0,22.4161,0
2015-03-10 17:07:53,0,0,1.14577,0,7.91264,0,22.4161,0
2015-03-10 17:12:53,0,0,1.31555,0,7.24109,0,22.4161,0
2015-03-10 17:17:53,0,0,1.23506,0,7.68541,0,22.4161,0
2015-03-10 17:22:53,1,0,1.23903,0,6.30348,0,22.4161,0
2015-03-10 17:27:53,1,0,1.28901,0,4.6558,0,22.4161,0
2015-03-10 17:32:53,0,0,1.1893,0,2.47225,0,22.4161,0
2015-03-10 17:37:53,0,0,1.28738,0,4.48441,0,22.4161,0
2015-03-10 17:42:53,1,0,1.19161,0,6.53302,0,22.4161,0
2015-03-10 17:47:53,0,0,1.26993,0,5.33428,0,22.4161,0
2015-03-10 17:52:53,0,0,1.26147,0,4.5153,0,22.4161,0
2015-03-10 17:57:53,0,0,1.17721,0,7.37617,0,22.4161,0
2015-03-10 18:02:53,3,0,1.33205,0,8.15551,0,22.4161,0
2015-03-10 18:07:53,0,0,1.0991,0,8.76204,0,22.4161,0
2015-03-10 18:12:53,2,0,1.44561,0,9.03337,0,22.4161,0
2015-03-10 18:17:53,1,0,0.975162,0,7.35651,0,22.4161,0
2015-03-10 18:22:53,0,0,1.49132,0,4.83548,0,22.4161,0
2015-03-10 18:27:53,0,0,1.05968,0,4.77848,0,22.4161,0
2015-03-10 18:32:53,0,0,1.37807,0,6.9678,0,22.4161,0
2015-03-10 18:37:53,1,0,1.1669,0,10.7478,0,22.4161,0
2015-03-10 18:42:53,0,0,1.25738,0,5.10209,0,22.4161,0
2015-03-10 18:47:53,0,0,1.29331,0,4.7254,0,22.4161,0
2015-03-10 18:52:53,0,0,1.17944,0,7.30876,0,22.4161,0
2015-03-10 18:57:53,0,0,1.37224,0,7.53819,0,22.4161,0
2015-03-10 19:02:53,0,0,1.1334,0,7.61105,0,22.4161,0
2015-03-10 19:07:53,0,0,1.34146,0,7.41621,0,22.4161,0
2015-03-10 19:12:53,0,0,1.17103,0,7.72499,0,22.4161,0
2015-03-10 19:17:53,1,0,1.30549,0,6.25415,0,22.4161,0
2015-03-10 19:22:53,0,0,1.28708,0,5.67193,0,22.4161,0
2015-03-10 19:27:53,0,0,1.20896,0,4.41113,0,22.4161,0
2015-03-10 19:32:53,0,0,1.32844,0,7.69959,0,22.4161,0
2015-03-10 19:37:53,1,0,1.23069,0,6.60762,0,22.4161,0
2015-03-10 19:42:53,0,0,1.25601,0,5.51447,0,22.4161,0
2015-03-10 19:47:53,0,0,1.29172,0,4.70273,0,22.4161,0
2015-03-10 19:52:53,0,0,1.17586,0,7.49583,0,22.4161,0
2015-03-10 19:57:53,1,0,1.36597,0,6.52734,0,22.4161,0
2015-03-10 20:02:53,0,0,1.10329,0,5.59285,0,22.4161,0
2015-03-10 20:07:53,0,0,1.42042,0,4.36279,0,22.4161,0
2015-03-10 20:12:53,2,0,1.04728,0,6.88405,0,22.4161,0
2015-03-10 20:17:53,1,0,1.36134,0,4.5163,0,22.4161,0
2015-03-10 20:22:53,1,0,1.14318,0,2.19464,0,22.4161,0
2015-03-10 20:27:53,0,0,1.31953,0,2.0077,0,22.4161,0
2015-03-10 20:32:53,3,0,1.22081,0,5.05086,0,22.4161,0
2015-03-10 20:37:53,1,0,1.22521,0,7.0113,0,22.4161,0
2015-03-10 20:42:53,1,0,1.30648,0,5.70823,0,22.4161,0
2015-03-10 20:47:53,2,0,1.11578,0,1.80636,0,22.4161,0
2015-03-10 20:52:53,1,0,1.36323,0,2.17844,0,22.4161,0
2015-03-10 20:57:53,0,0,1.16375,0,3.67536,0,22.4161,0
2015-03-10 21:02:53,0,0,1.29494,0,4.23755,0,22.4161,0
2015-03-10 21:07:53,0,0,1.23341,0,7.71213,0,22.4161,0
2015-03-10 21:12:53,0,0,1.21259,0,7.31455,0,22.4161,0
2015-03-10 21:17:53,0,0,1.33091,0,7.56423,0,22.4161,0
2015-03-10 21:22:53,2,0,1.13436,0,6.79451,0,22.4161,0
2015-03-10 21:27:53,0,0,1.35048,0,6.11031,0,22.4161,0
2015-03-10 21:32:53,0,0,1.22161,0,5.62647,0,22.4161,0
2015-03-10 21:37:53,0,0,1.25227,0,7.32565,0,22.4161,0
2015-03-10 21:42:53,0,0,1.30976,0,7.74693,0,22.4161,0
2015-03-10 21:47:53,1,0,1.23098,0,6.47913,0,22.4161,0
2015-03-10 21:52:53,0,0,1.31631,0,5.60732,0,22.4161,0
2015-03-10 21:57:53,0,0,1.20841,0,4.70756,0,22.4161,0
2015-03-10 22:02:53,0,0,1.3336,0,7.53397,0,22.4161,0
2015-03-10 22:07:53,1,0,1.25605,0,6.69935,0,22.4161,0
2015-03-10 22:12:53,0,0,1.26702,0,5.54847,0,22.4161,0
2015-03-10 22:17:53,0,0,1.25432,0,4.77992,0,22.4161,0
2015-03-10 22:22:53,2,0,1.21897,0,7.04788,0,22.4161,0
2015-03-10 22:27:53,0,0,1.23905,0,6.51141,0,22.4161,0
2015-03-10 22:32:53,0,0,1.28627,0,5.91404,0,22.4161,0
2015-03-10 22:37:53,0,0,1.22402,0,7.42128,0,22.4161,0
2015-03-10 22:42:53,0,0,1.28204,0,7.51369,0,22.4161,0
2015-03-10 22:47:53,0,0,1.21278,0,7.58887,0,22.4161,0
2015-03-10 22:52:53,0,0,1.25377,0,7.44891,0,22.4161,0
2015-03-10 22:57:53,1,0,1.222,0,6.52544,0,22.4161,0
2015-03-10 23:02:53,0,0,1.27656,0,5.36788,0,22.4161,0
2015-03-10 23:07:53,0,0,1.22036,0,4.48188,0,22.4161,0
2015-03-10 23:12:53,0,0,1.24499,0,7.43948,0,22.4161,0
2015-03-10 23:17:53,0,0,1.25292,0,7.51538,0,22.4161,0
2015-03-10 23:22:53,3,0,1.19482,0,7.89812,0,22.4161,0
2015-03-10 23:27:53,1,0,1.2015,0,7.42394,0,22.4161,0
2015-03-10 23:32:53,0,0,1.22239,0,6.83236,0,22.4161,0
2015-03-10 23:37:53,0,0,1.26598,0,4.20983,0,22.4161,0
2015-03-10 23:42:53,2,0,1.20761,0,6.78328,0,22.4161,0
2015-03-10 23:47:53,1,0,1.25304,0,5.34282,0,22.4161,0
2015-03-10 23:52:53,0,0,1.22313,0,3.87033,0,22.4161,0
2015-03-10 23:57:53,1,0,1.23078,0,3.35203,0,22.4161,0
2015-03-11 00:02:53,0,0,1.22524,0,5.43614,0,22.4161,0
2015-03-11 00:07:53,0,0,1.29026,0,4.35618,0,22.4161,0
2015-03-11 00:12:53,0,0,1.19776,0,7.43307,0,22.4161,0
2015-03-11 00:17:53,1,0,1.30937,0,6.45399,0,22.4161,0
2015-03-11 00:22:53,1,0,1.16117,0,4.57567,0,22.4161,0
2015-03-11 00:27:53,0,0,1.31443,0,2.3732,0,22.4161,0
2015-03-11 00:32:53,0,0,1.22134,0,4.56488,0,22.4161,0
2015-03-11 00:37:53,0,0,1.32769,0,7.3337,0,22.4161,0
2015-03-11 00:42:53,0,0,1.22389,0,7.71365,0,22.4161,0
2015-03-11 00:47:53,0,0,1.25822,0,7.5433,0,22.4161,0
2015-03-11 00:52:53,0,0,1.26395,0,7.68908,0,22.4161,0
2015-03-11 00:57:53,1,0,1.26552,0,6.45206,0,22.4161,0
2015-03-11 01:02:53,0,0,1.27056,0,5.56809,0,22.4161,0
2015-03-11 01:07:53,0,0,1.262,0,4.59345,0,22.4161,0
2015-03-11 01:12:53,1,0,1.24058,0,6.59967,0,22.4161,0
2015-03-11 01:17:53,0,0,1.24217,0,5.57627,0,22.4161,0
2015-03-11 01:22:53,0,0,1.28506,0,4.50933,0,22.4161,0
2015-03-11 01:27:53,2,0,1.2231,0,6.92103,0,22.4161,0
2015-03-11 01:32:53,0,0,1.21096,0,6.37949,0,22.4161,0
2015-03-11 01:37:53,0,0,1.34157,0,5.80199,0,22.4161,0
2015-03-11 01:42:53,0,0,1.14535,0,7.43279,0,22.4161,0
2015-03-11 01:47:53,0,0,1.35375,0,7.46138,0,22.4161,0
2015-03-11 01:52:53,0,0,1.15588,0,7.66918,0,22.4161,0
2015-03-11 01:57:53,0,0,1.32271,0,7.29945,0,22.4161,0
2015-03-11 02:02:53,0,0,1.14325,0,7.69572,0,22.4161,0
2015-03-11 02:07:53,0,0,1.29568,0,7.2563,0,22.4161,0
2015-03-11 02:12:53,0,0,1.22245,0,7.5503,0,22.4161,0
2015-03-11 02:17:53,1,0,1.22391,0,6.24356,0,22.4161,0
2015-03-11 02:22:53,0,0,1.25213,0,5.55583,0,22.4161,0
2015-03-11 02:27:53,0,0,1.2261,0,4.36729,0,22.4161,0
2015-03-11 02:32:53,0,0,1.21397,0,7.40209,0,22.4161,0
2015-03-11 02:37:53,0,0,1.23748,0,7.42257,0,22.4161,0
2015-03-11 02:42:53,0,0,1.22333,0,7.34372,0,22.4161,0
2015-03-11 02:47:53,0,0,1.29201,0,7.34019,0,22.4161,0
2015-03-11 02:52:53,1,0,1.12995,0,6.45111,0,22.4161,0
2015-03-11 02:57:53,0,0,1.33935,0,5.38396,0,22.4161,0
2015-03-11 03:02:53,0,0,1.17127,0,4.47528,0,22.4161,0
2015-03-11 03:07:53,0,0,1.2502,0,7.23982,0,22.4161,0
2015-03-11 03:12:53,0,0,1.20547,0,7.61078,0,22.4161,0
2015-03-11 03:17:53,0,0,1.21001,0,7.21968,0,22.4161,0
2015-03-11 03:22:53,0,0,1.29399,0,7.37156,0,22.4161,0
2015-03-11 03:27:53,0,0,1.18921,0,7.33041,0,22.4161,0
2015-03-11 03:32:53,1,0,1.2772,0,6.40721,0,22.4161,0
2015-03-11 03:37:53,0,0,1.15574,0,5.53758,0,22.4161,0
2015-03-11 03:42:53,1,0,1.34176,0,3.27777,0,22.4161,0
2015-03-11 03:47:53,0,0,1.13647,0,5.48485,0,22.4161,0
2015-03-11 03:52:53,0,0,1.35005,0,4.28721,0,22.4161,0
2015-03-11 03:57:53,0,0,1.11551,0,7.64828,0,22.4161,0
2015-03-11 04:02:53,0,0,1.36005,0,7.22502,0,22.4161,0
2015-03-11 04:07:53,1,0,1.13,0,6.64121,0,22.4161,0
2015-03-11 04:12:53,0,0,1.28952,0,5.19663,0,22.4161,0
2015-03-11 04:17:53,0,0,1.24601,0,4.62969,0,22.4161,0
2015-03-11 04:22:53,0,0,1.20914,0,7.21507,0,22.4161,0
2015-03-11 04:27:53,0,0,1.27876,0,7.56973,0,22.4161,0
2015-03-11 04:32:53,1,0,1.22161,0,6.43507,0,22.4161,0
2015-03-11 04:37:53,0,0,1.18525,0,5.40653,0,22.4161,0
2015-03-11 04:42:53,0,0,1.32196,0,4.46473,0,22.4161,0
2015-03-11 04:47:53,0,0,1.15415,0,7.35728,0,22.4161,0
2015-03-11 04:52:53,0,0,1.38575,0,7.35381,0,22.4161,0
2015-03-11 04:57:53,1,0,1.13093,0,6.65992,0,22.4161,0
2015-03-11 05:02:53,0,0,1.32034,0,5.36489,0,22.4161,0
2015-03-11 05:07:53,0,0,1.18399,0,4.73945,0,22.4161,0
2015-03-11 05:12:53,0,0,1.25286,0,7.21747,0,22.4161,0
2015-03-11 05:17:53,0,0,1.30125,0,7.58185,0,22.4161,0
2015-03-11 05:22:53,0,0,1.20533,0,7.35895,0,22.4161,0
2015-03-11 05:27:53,0,0,1.3024,0,7.56642,0,22.4161,0
2015-03-11 05:32:53,1,0,1.16986,0,6.61681,0,22.4161,0
2015-03-11 05:37:53,0,0,1.23239,0,5.39065,0,22.4161,0
2015-03-11 05:42:53,0,0,1.25478,0,4.4793,0,22.4161,0
2015-03-11 05:47:53,0,0,1.23985,0,7.22913,0,22.4161,0
2015-03-11 05:52:53,0,0,1.27189,0,7.44657,0,22.4161,0
2015-03-11 05:57:53,0,0,1.21418,0,7.51593,0,22.4161,0
2015-03-11 06:02:53,0,0,1.24457,0,7.47751,0,22.4161,0
2015-03-11 06:07:53,0,0,1.23983,0,7.4886,0,22.4161,0
2015-03-11 06:12:53,0,0,1.24236,0,7.3715,0,22.4161,0
2015-03-11 06:17:53,0,0,1.27623,0,7.45572,0,22.4161,0
2015-03-11 06:22:53,0,0,1.18997,0,7.48043,0,22.4161,0
2015-03-11 06:27:53,0,0,1.25467,0,7.4695,0,22.4161,0
2015-03-11 06:32:53,0,0,1.16777,0,7.46329,0,22.4161,0
2015-03-11 06:37:53,0,0,1.3032,0,7.24702,0,22.4161,0
2015-03-11 06:42:53,1,0,1.14194,0,6.40274,0,22.4161,0
2015-03-11 06:47:53,0,0,1.30082,0,5.25165,0,22.4161,0
2015-03-11 06:52:53,0,0,1.19636,0,4.49429,0,22.4161,0
2015-03-11 06:57:53,0,0,1.23986,0,7.22381,0,22.4161,0
2015-03-11 07:02:53,0,0,1.19919,0,7.53504,0,22.4161,0
2015-03-11 07:07:53,0,0,1.25109,0,7.26799,0,22.4161,0
2015-03-11 07:12:53,0,0,1.24494,0,7.36904,0,22.4161,0
2015-03-11 07:17:53,0,0,1.16584,0,7.34469,0,22.4161,0
2015-03-11 07:22:53,0,0,1.28584,0,7.40899,0,22.4161,0
2015-03-11 07:27:53,0,0,1.1932,0,7.35235,0,22.4161,0
2015-03-11 07:32:53,0,0,1.24615,0,7.2624,0,22.4161,0
2015-03-11 07:37:53,0,0,1.23921,0,7.49006,0,22.4161,0
2015-03-11 07:42:53,0,0,1.16639,0,7.31112,0,22.4161,0
2015-03-11 07:47:53,0,0,1.26866,0,7.38328,0,22.4161,0
2015-03-11 07:52:53,0,0,1.18155,0,7.31908,0,22.4161,0
2015-03-11 07:57:53,0,0,1.26376,0,7.21804,0,22.4161,0
2015-03-11 08:02:53,0,0,1.26294,0,7.43285,0,22.4161,0
2015-03-11 08:07:53,0,0,1.21628,0,7.33511,0,22.4161,0
2015-03-11 08:12:53,0,0,1.25893,0,7.53344,0,22.4161,0
2015-03-11 08:17:53,0,0,1.17017,0,7.48031,0,22.4161,0
2015-03-11 08:22:53,0,0,1.23893,0,7.33687,0,22.4161,0
2015-03-11 08:27:53,0,0,1.19814,0,7.35606,0,22.4161,0
2015-03-11 08:32:53,0,0,1.26837,0,7.18651,0,22.4161,0
2015-03-11 08:37:53,0,0,1.23328,0,7.38142,0,22.4161,0
2015-03-11 08:42:53,0,0,1.19594,0,7.36442,0,22.4161,0
2015-03-11 08:47:53,0,0,1.21813,0,7.4676,0,22.4161,0
2015-03-11 08:52:53,0,0,1.19702,0,7.30985,0,22.4161,0
2015-03-11 08:57:53,0,0,1.29349,0,7.2211,0,22.4161,0
2015-03-11 09:02:53,0,0,1.12569,0,7.34191,0,22.4161,0
2015-03-11 09:07:53,0,0,1.34749,0,7.30373,0,22.4161,0
2015-03-11 09:12:53,0,0,1.06488,0,7.47936,0,22.4161,0
2015-03-11 09:17:53,0,0,1.38848,0,7.13695,0,22.4161,0
2015-03-11 09:22:53,0,0,1.10756,0,7.56072,0,22.4161,0
2015-03-11 09:27:53,0,0,1.26538,0,7.07917,0,22.4161,0
2015-03-11 09:32:53,0,0,1.21629,0,7.64595,0,22.4161,0
2015-03-11 09:37:53,1,0,1.17535,0,6.06973,0,22.4161,0
2015-03-11 09:42:53,0,0,1.18327,0,5.40407,0,22.4161,0
2015-03-11 09:47:53,0,0,1.30245,0,4.18283,0,22.4161,0
2015-03-11 09:52:53,0,0,1.12617,0,7.19502,0,22.4161,0
2015-03-11 09:57:53,0,0,1.34443,0,7.28087,0,22.4161,0
2015-03-11 10:02:53,1,0,1.08303,0,6.50412,0,22.4161,0
2015-03-11 10:07:53,0,0,1.25975,0,5.1504,0,22.4161,0
2015-03-11 10:12:53,0,0,1.18509,0,4.45909,0,22.4161,0
2015-03-11 10:17:53,0,0,1.24923,0,6.95366,0,22.4161,0
2015-03-11 10:22:53,0,0,1.27369,0,7.39864,0,22.4161,0
2015-03-11 10:27:53,0,0,1.2178,0,7.32741,0,22.4161,0
2015-03-11 10:32:53,0,0,1.23094,0,7.51286,0,22.4161,0
2015-03-11 10:37:53,1,0,1.15605,0,6.4876,0,22.4161,0
2015-03-11 10:42:53,0,0,1.23646,0,5.27134,0,22.4161,0
2015-03-11 10:47:53,0,0,1.33991,0,4.24138,0,22.4161,0
2015-03-11 10:52:53,0,0,1.12666,0,7.28098,0,22.4161,0
2015-03-11 10:57:53,0,0,1.37944,0,7.51587,0,22.4161,0
2015-03-11 11:02:53,0,0,1.11025,0,7.6525,0,22.4161,0
2015-03-11 11:07:53,0,0,1.31225,0,7.24912,0,22.4161,0
2015-03-11 11:12:53,0,0,1.18267,0,7.67107,0,22.4161,0
2015-03-11 11:17:53,0,0,1.30028,0,7.13792,0,22.4161,0
2015-03-11 11:22:53,0,0,1.26159,0,7.60239,0,22.4161,0
2015-03-11 11:27:53,0,0,1.17177,0,7.41016,0,22.4161,0
2015-03-11 11:32:53,0,0,1.33712,0,7.59578,0,22.4161,0
2015-03-11 11:37:53,0,0,1.12188,0,7.46542,0,22.4161,0
2015-03-11 11:42:53,1,0,1.30779,0,6.31144,0,22.4161,0
2015-03-11 11:47:53,0,0,1.11668,0,5.56292,0,22.4161,0
2015-03-11 11:52:53,0,0,1.37608,0,4.0979,0,22.4161,0
2015-03-11 11:57:53,0,0,1.12747,0,7.53281,0,22.4161,0
2015-03-11 12:02:53,0,0,1.32763,0,7.22968,0,22.4161,0
2015-03-11 12:07:53,0,0,1.18325,0,7.71081,0,22.4161,0
2015-03-11 12:12:53,0,0,1.23842,0,7.22091,0,22.4161,0
2015-03-11 12:17:53,0,0,1.22513,0,7.5878,0,22.4161,0
2015-03-11 12:22:53,0,0,1.15769,0,7.25173,0,22.4161,0
2015-03-11 12:27:53,0,0,1.3084,0,7.32323,0,22.4161,0
2015-03-11 12:32:53,0,0,1.15317,0,7.29918,0,22.4161,0
2015-03-11 12:37:53,0,0,1.27371,0,7.24305,0,22.4161,0
2015-03-11 12:42:53,0,0,1.19734,0,7.50525,0,22.4161,0
2015-03-11 12:47:53,0,0,1.12348,0,7.20427,0,22.4161,0
2015-03-11 12:52:53,1,0,1.35045,0,6.33927,0,22.4161,0
2015-03-11 12:57:53,0,0,1.02698,0,5.18943,0,22.4161,0
2015-03-11 13:02:53,0,0,1.48788,0,4.09831,0,22.4161,0
2015-03-11 13:07:53,3,0,0.976282,0,7.61744,0,22.4161,0
2015-03-11 13:12:53,0,0,1.2809,0,7.08146,0,22.4161,0
2015-03-11 13:17:53,0,0,1.2911,0,7.76981,0,22.4161,0
2015-03-11 13:22:53,0,0,1.07515,0,6.78174,0,22.4161,0
2015-03-11 13:27:53,0,0,1.36804,0,7.50004,0,22.4161,0
2015-03-11 13:32:53,0,0,1.08199,0,7.39164,0,22.4161,0
2015-03-11 13:37:53,0,0,1.35988,0,7.0435,0,22.4161,0
2015-03-11 13:42:53,0,0,1.09593,0,7.62796,0,22.4161,0
2015-03-11 13:47:53,0,0,1.33882,0,7.06165,0,22.4161,0
2015-03-11 13:52:53,0,0,1.15748,0,7.61031,0,22.4161,0
2015-03-11 13:57:53,0,0,1.28263,0,7.12291,0,22.4161,0
2015-03-11 14:02:53,0,0,1.23099,0,7.61404,0,22.4161,0
2015-03-11 14:07:53,0,0,1.18824,0,7.26868,0,22.4161,0
2015-03-11 14:12:53,0,0,1.28618,0,7.49811,0,22.4161,0
2015-03-11 14:17:53,0,0,1.19271,0,7.35563,0,22.4161,0
2015-03-11 14:22:53,0,0,1.32628,0,7.3298,0,22.4161,0
2015-03-11 14:27:53,1,0,1.2393,0,6.57023,0,22.4161,0
2015-03-11 14:32:53,0,0,1.1815,0,5.46998,0,22.4161,0
2015-03-11 14:37:53,2,0,1.32267,0,4.27592,0,22.4161,0
2015-03-11 14:42:53,1,0,1.09787,0,5.67756,0,22.4161,0
2015-03-11 14:47:53,2,0,1.39042,0,4.00296,0,22.4161,0
2015-03-11 14:52:53,1,0,1.04628,0,3.34417,0,22.4161,0
2015-03-11 14:57:53,0,0,1.39323,0,3.35904,0,22.4161,0
2015-03-11 15:02:53,1,0,1.11835,0,3.65706,0,22.4161,0
2015-03-11 15:07:53,2,0,1.29682,0,4.80694,0,22.4161,0
2015-03-11 15:12:53,2,0,1.17448,0,4.03748,0,22.4161,0
2015-03-11 15:17:53,1,0,1.25142,0,4.16375,0,22.4161,0
2015-03-11 15:22:53,1,0,1.27044,0,2.70991,0,22.4161,0
2015-03-11 15:27:53,0,0,1.20104,0,2.29672,0,22.4161,0
2015-03-11 15:32:53,4,0,1.36693,0,6.09408,0,22.4161,0
2015-03-11 15:37:53,4,0,1.09541,0,12.0423,0,22.4161,0
2015-03-11 15:42:53,5,0,1.35123,0,17.5676,0,22.4161,0
2015-03-11 15:47:53,2,0,1.15063,0,16.3572,0,22.4161,0
2015-03-11 15:52:53,1,0,1.32391,0,13.1619,0,22.4161,0
2015-03-11 15:57:53,0,0,1.24626,0,3.57151,0,22.4161,0
2015-03-11 16:02:53,0,0,1.28552,0,4.34599,0,22.4161,0
2015-03-11 16:07:53,0,0,1.2359,0,7.74977,0,22.4161,0
2015-03-11 16:12:53,0,0,1.26062,0,7.54571,0,22.4161,0
2015-03-11 16:17:53,1,0,1.24471,0,6.58898,0,22.4161,0
2015-03-11 16:22:53,0,0,1.31137,0,5.47365,0,22.4161,0
2015-03-11 16:27:53,0,0,1.28269,0,4.58264,0,22.4161,0
2015-03-11 16:32:53,1,0,1.27592,0,6.63957,0,22.4161,0
2015-03-11 16:37:53,0,0,1.21468,0,5.77542,0,22.4161,0
2015-03-11 16:42:53,2,0,1.32506,0,4.18524,0,22.4161,0
2015-03-11 16:47:53,0,0,1.16935,0,6.72347,0,22.4161,0
2015-03-11 16:52:53,0,0,1.43621,0,6.17542,0,22.4161,0
2015-03-11 16:57:53,1,0,1.14288,0,6.75009,0,22.4161,0
2015-03-11 17:02:53,0,0,1.418,0,5.52335,0,22.4161,0
2015-03-11 17:07:53,0,0,1.1823,0,5.01241,0,22.4161,0
2015-03-11 17:12:53,0,0,1.33179,0,7.44695,0,22.4161,0
2015-03-11 17:17:53,2,0,1.21572,0,7.28681,0,22.4161,0
2015-03-11 17:22:53,1,0,1.20098,0,5.09903,0,22.4161,0
2015-03-11 17:27:53,0,0,1.32573,0,3.63704,0,22.4161,0
2015-03-11 17:32:53,3,0,1.13472,0,4.72339,0,22.4161,0
2015-03-11 17:37:53,0,0,1.31039,0,8.08622,0,22.4161,0
2015-03-11 17:42:53,0,0,1.21915,0,8.60266,0,22.4161,0
2015-03-11 17:47:53,1,0,1.21702,0,6.24411,0,22.4161,0
2015-03-11 17:52:53,0,0,1.25496,0,5.5865,0,22.4161,0
2015-03-11 17:57:53,1,0,1.21813,0,3.34644,0,22.4161,0
2015-03-11 18:02:53,1,0,1.25791,0,4.37911,0,22.4161,0
2015-03-11 18:07:53,0,0,1.21955,0,2.45905,0,22.4161,0
2015-03-11 18:12:53,0,0,1.31013,0,4.38976,0,22.4161,0
2015-03-11 18:17:53,1,0,1.18577,0,6.52293,0,22.4161,0
2015-03-11 18:22:53,0,0,1.24186,0,5.46466,0,22.4161,0
2015-03-11 18:27:53,0,0,1.21336,0,4.54379,0,22.4161,0
2015-03-11 18:32:53,0,0,1.1791,0,7.25441,0,22.4161,0
2015-03-11 18:37:53,0,0,1.28584,0,7.33142,0,22.4161,0
2015-03-11 18:42:53,0,0,1.1949,0,7.28412,0,22.4161,0
2015-03-11 18:47:53,0,0,1.3141,0,7.30388,0,22.4161,0
2015-03-11 18:52:53,1,0,1.17595,0,6.5614,0,22.4161,0
2015-03-11 18:57:53,1,0,1.29337,0,4.38884,0,22.4161,0
2015-03-11 19:02:53,0,0,1.15063,0,2.58757,0,22.4161,0
2015-03-11 19:07:53,0,0,1.34185,0,4.26524,0,22.4161,0
2015-03-11 19:12:53,0,0,1.1851,0,7.52324,0,22.4161,0
2015-03-11 19:17:53,0,0,1.31204,0,7.32069,0,22.4161,0
2015-03-11 19:22:53,0,0,1.20343,0,7.7078,0,22.4161,0
2015-03-11 19:27:53,0,0,1.25769,0,7.38281,0,22.4161,0
2015-03-11 19:32:53,1,0,1.2556,0,6.60069,0,22.4161,0
2015-03-11 19:37:53,1,0,1.25654,0,4.38129,0,22.4161,0
2015-03-11 19:42:53,0,0,1.252,0,2.54082,0,22.4161,0
2015-03-11 19:47:53,0,0,1.25257,0,4.53189,0,22.4161,0
2015-03-11 19:52:53,0,0,1.20427,0,7.52618,0,22.4161,0
2015-03-11 19:57:53,2,0,1.29099,0,7.05688,0,22.4161,0
2015-03-11 20:02:53,0,0,1.19292,0,6.64017,0,22.4161,0
2015-03-11 20:07:53,0,0,1.30731,0,6.1621,0,22.4161,0
2015-03-11 20:12:53,0,0,1.19147,0,7.56613,0,22.4161,0
2015-03-11 20:17:53,0,0,1.2803,0,7.38484,0,22.4161,0
2015-03-11 20:22:53,0,0,1.22787,0,7.58517,0,22.4161,0
2015-03-11 20:27:53,0,0,1.23892,0,7.36288,0,22.4161,0
2015-03-11 20:32:53,1,0,1.23693,0,6.53556,0,22.4161,0
2015-03-11 20:37:53,0,0,1.24946,0,5.39837,0,22.4161,0
2015-03-11 20:42:53,0,0,1.24662,0,4.44007,0,22.4161,0
2015-03-11 20:47:53,1,0,1.21279,0,6.45631,0,22.4161,0
2015-03-11 20:52:53,1,0,1.28496,0,4.45439,0,22.4161,0
2015-03-11 20:57:53,1,0,1.17838,0,1.4504,0,22.4161,0
2015-03-11 21:02:53,3,0,1.25681,0,3.02993,0,22.4161,0
2015-03-11 21:07:53,0,0,1.2344,0,5.75494,0,22.4161,0
2015-03-11 21:12:53,2,0,1.28046,0,8.74408,0,22.4161,0
2015-03-11 21:17:53,0,0,1.23173,0,6.58209,0,22.4161,0
2015-03-11 21:22:53,0,0,1.30448,0,6.08946,0,22.4161,0
2015-03-11 21:27:53,0,0,1.17747,0,7.60933,0,22.4161,0
2015-03-11 21:32:53,1,0,1.33103,0,6.48164,0,22.4161,0
2015-03-11 21:37:53,0,0,1.16233,0,5.59942,0,22.4161,0
2015-03-11 21:42:53,0,0,1.34703,0,4.35679,0,22.4161,0
2015-03-11 21:47:53,0,0,1.12919,0,7.66478,0,22.4161,0
2015-03-11 21:52:53,0,0,1.39575,0,7.31024,0,22.4161,0
2015-03-11 21:57:53,0,0,1.16277,0,7.6952,0,22.4161,0
2015-03-11 22:02:53,2,0,1.30758,0,7.01629,0,22.4161,0
2015-03-11 22:07:53,0,0,1.20549,0,7.16929,0,22.4161,0
2015-03-11 22:12:53,1,0,1.33607,0,6.72595,0,22.4161,0
2015-03-11 22:17:53,0,0,1.16573,0,5.66978,0,22.4161,0
2015-03-11 22:22:53,0,0,1.43313,0,4.45433,0,22.4161,0
2015-03-11 22:27:53,1,0,1.11755,0,6.77281,0,22.4161,0
2015-03-11 22:32:53,0,0,1.36806,0,5.48101,0,22.4161,0
2015-03-11 22:37:53,0,0,1.17636,0,4.90256,0,22.4161,0
2015-03-11 22:42:53,1,0,1.27226,0,6.26513,0,22.4161,0
2015-03-11 22:47:53,0,0,1.24935,0,5.72916,0,22.4161,0
2015-03-11 22:52:53,0,0,1.25139,0,4.32294,0,22.4161,0
2015-03-11 22:57:53,2,0,1.25645,0,7.06409,0,22.4161,0
2015-03-11 23:02:53,0,0,1.17762,0,6.50173,0,22.4161,0
2015-03-11 23:07:53,1,0,1.31745,0,4.93636,0,22.4161,0
2015-03-11 23:12:53,0,0,1.15752,0,5.44203,0,22.4161,0
2015-03-11 23:17:53,0,0,1.35048,0,4.32528,0,22.4161,0
2015-03-11 23:22:53,0,0,1.17503,0,7.61788,0,22.4161,0
2015-03-11 23:27:53,0,0,1.31501,0,7.34853,0,22.4161,0
2015-03-11 23:32:53,0,0,1.19223,0,7.71651,0,22.4161,0
2015-03-11 23:37:53,0,0,1.32509,0,7.34733,0,22.4161,0
2015-03-11 23:42:53,0,0,1.18429,0,7.65458,0,22.4161,0
2015-03-11 23:47:53,1,0,1.25781,0,6.41116,0,22.4161,0
2015-03-11 23:52:53,0,0,1.20793,0,5.60167,0,22.4161,0
2015-03-11 23:57:53,0,0,1.26517,0,4.27642,0,22.4161,0
2015-03-12 00:02:53,1,0,1.19719,0,6.45446,0,22.4161,0
2015-03-12 00:07:53,0,0,1.28047,0,5.35131,0,22.4161,0
2015-03-12 00:12:53,0,0,1.15706,0,4.47037,0,22.4161,0
2015-03-12 00:17:53,0,0,1.36414,0,7.30956,0,22.4161,0
2015-03-12 00:22:53,2,0,1.0781,0,6.79139,0,22.4161,0
2015-03-12 00:27:53,2,0,1.38499,0,5.66478,0,22.4161,0
2015-03-12 00:32:53,0,0,1.11623,0,5.13636,0,22.4161,0
2015-03-12 00:37:53,0,0,1.38878,0,6.6519,0,22.4161,0
2015-03-12 00:42:53,0,0,1.11117,0,7.77621,0,22.4161,0
2015-03-12 00:47:53,0,0,1.34844,0,7.23743,0,22.4161,0
2015-03-12 00:52:53,2,0,1.16673,0,7.04023,0,22.4161,0
2015-03-12 00:57:53,0,0,1.23767,0,5.80335,0,22.4161,0
2015-03-12 01:02:53,0,0,1.26174,0,5.52581,0,22.4161,0
2015-03-12 01:07:53,0,0,1.25339,0,7.23726,0,22.4161,0
2015-03-12 01:12:53,0,0,1.26357,0,7.48989,0,22.4161,0
2015-03-12 01:17:53,0,0,1.23709,0,7.55556,0,22.4161,0
2015-03-12 01:22:53,1,0,1.27182,0,6.5244,0,22.4161,0
2015-03-12 01:27:53,0,0,1.13509,0,5.53669,0,22.4161,0
2015-03-12 01:32:53,1,0,1.37575,0,3.38999,0,22.4161,0
2015-03-12 01:37:53,1,0,1.18051,0,4.46139,0,22.4161,0
2015-03-12 01:42:53,0,0,1.32072,0,2.33726,0,22.4161,0
2015-03-12 01:47:53,0,0,1.25172,0,4.80897,0,22.4161,0
2015-03-12 01:52:53,0,0,1.18333,0,7.43467,0,22.4161,0
2015-03-12 01:57:53,0,0,1.30372,0,7.64891,0,22.4161,0
2015-03-12 02:02:53,0,0,1.24728,0,7.42552,0,22.4161,0
2015-03-12 02:07:53,2,0,1.23206,0,6.91014,0,22.4161,0
2015-03-12 02:12:53,0,0,1.25799,0,6.64866,0,22.4161,0
2015-03-12 02:17:53,0,0,1.23921,0,5.98028,0,22.4161,0
2015-03-12 02:22:53,0,0,1.26168,0,7.45137,0,22.4161,0
2015-03-12 02:27:53,1,0,1.24238,0,6.51405,0,22.4161,0
2015-03-12 02:32:53,1,0,1.24272,0,4.48336,0,22.4161,0
2015-03-12 02:37:53,0,0,1.21663,0,2.51252,0,22.4161,0
2015-03-12 02:42:53,1,0,1.25385,0,3.4292,0,22.4161,0
2015-03-12 02:47:53,0,0,1.23156,0,5.41527,0,22.4161,0
2015-03-12 02:52:53,0,0,1.36236,0,4.38915,0,22.4161,0
2015-03-12 02:57:53,0,0,1.16174,0,7.58705,0,22.4161,0
2015-03-12 03:02:53,0,0,1.33756,0,7.58115,0,22.4161,0
2015-03-12 03:07:53,0,0,1.15136,0,7.74812,0,22.4161,0
2015-03-12 03:12:53,0,0,1.2276,0,7.31169,0,22.4161,0
2015-03-12 03:17:53,0,0,1.30362,0,7.543,0,22.4161,0
2015-03-12 03:22:53,1,0,1.1626,0,6.21291,0,22.4161,0
2015-03-12 03:27:53,1,0,1.36345,0,4.45264,0,22.4161,0
2015-03-12 03:32:53,0,0,1.12936,0,2.59951,0,22.4161,0
2015-03-12 03:37:53,0,0,1.31791,0,4.34407,0,22.4161,0
2015-03-12 03:42:53,0,0,1.16799,0,7.66699,0,22.4161,0
2015-03-12 03:47:53,1,0,1.31685,0,6.19189,0,22.4161,0
2015-03-12 03:52:53,0,0,1.1666,0,5.60655,0,22.4161,0
2015-03-12 03:57:53,0,0,1.31654,0,4.30426,0,22.4161,0
2015-03-12 04:02:53,1,0,1.21585,0,6.60029,0,22.4161,0
2015-03-12 04:07:53,0,0,1.27997,0,5.34871,0,22.4161,0
2015-03-12 04:12:53,1,0,1.25071,0,3.66127,0,22.4161,0
2015-03-12 04:17:53,0,0,1.14133,0,5.45819,0,22.4161,0
2015-03-12 04:22:53,0,0,1.33238,0,4.48265,0,22.4161,0
2015-03-12 04:27:53,0,0,1.16128,0,7.36716,0,22.4161,0
2015-03-12 04:32:53,1,0,1.30239,0,6.25002,0,22.4161,0
2015-03-12 04:37:53,0,0,1.19499,0,5.62209,0,22.4161,0
2015-03-12 04:42:53,0,0,1.30557,0,4.28361,0,22.4161,0
2015-03-12 04:47:53,0,0,1.22342,0,7.60271,0,22.4161,0
2015-03-12 04:52:53,0,0,1.23354,0,7.41952,0,22.4161,0
2015-03-12 04:57:53,0,0,1.31981,0,7.59707,0,22.4161,0
2015-03-12 05:02:53,0,0,1.1367,0,7.45714,0,22.4161,0
2015-03-12 05:07:53,0,0,1.31705,0,7.47694,0,22.4161,0
2015-03-12 05:12:53,0,0,1.21317,0,7.54989,0,22.4161,0
2015-03-12 05:17:53,0,0,1.26083,0,7.25737,0,22.4161,0
2015-03-12 05:22:53,1,0,1.28979,0,6.63832,0,22.4161,0
2015-03-12 05:27:53,0,0,1.1366,0,5.45094,0,22.4161,0
2015-03-12 05:32:53,0,0,1.36866,0,4.49866,0,22.4161,0
2015-03-12 05:37:53,0,0,1.05988,0,7.51121,0,22.4161,0
2015-03-12 05:42:53,0,0,1.43862,0,7.20699,0,22.4161,0
2015-03-12 05:47:53,0,0,1.08757,0,7.66435,0,22.4161,0
2015-03-12 05:52:53,0,0,1.36704,0,7.14445,0,22.4161,0
2015-03-12 05:57:53,0,0,1.12497,0,7.85806,0,22.4161,0
2015-03-12 06:02:53,0,0,1.3072,0,7.12177,0,22.4161,0
2015-03-12 06:07:53,0,0,1.23133,0,7.65827,0,22.4161,0
2015-03-12 06:12:53,0,0,1.20997,0,7.22064,0,22.4161,0
2015-03-12 06:17:53,0,0,1.27591,0,7.59422,0,22.4161,0
2015-03-12 06:22:53,0,0,1.10053,0,7.38983,0,22.4161,0
2015-03-12 06:27:53,0,0,1.42908,0,7.28224,0,22.4161,0
2015-03-12 06:32:53,0,0,1.06997,0,7.45785,0,22.4161,0
2015-03-12 06:37:53,0,0,1.38499,0,7.22971,0,22.4161,0
2015-03-12 06:42:53,0,0,1.11475,0,7.81217,0,22.4161,0
2015-03-12 06:47:53,0,0,1.26877,0,7.09463,0,22.4161,0
2015-03-12 06:52:53,0,0,1.21973,0,7.65325,0,22.4161,0
2015-03-12 06:57:53,0,0,1.19433,0,7.10151,0,22.4161,0
2015-03-12 07:02:53,0,0,1.30074,0,7.44009,0,22.4161,0
2015-03-12 07:07:53,0,0,1.16767,0,7.34858,0,22.4161,0
2015-03-12 07:12:53,1,0,1.24722,0,6.35214,0,22.4161,0
2015-03-12 07:17:53,0,0,1.18262,0,5.48477,0,22.4161,0
2015-03-12 07:22:53,0,0,1.28023,0,4.18007,0,22.4161,0
2015-03-12 07:27:53,0,0,1.19241,0,7.38713,0,22.4161,0
2015-03-12 07:32:53,0,0,1.23398,0,7.30072,0,22.4161,0
2015-03-12 07:37:53,2,0,1.25477,0,6.99153,0,22.4161,0
2015-03-12 07:42:53,0,0,1.09436,0,6.36403,0,22.4161,0
2015-03-12 07:47:53,0,0,1.46404,0,5.90196,0,22.4161,0
2015-03-12 07:52:53,0,0,0.991724,0,7.41705,0,22.4161,0
2015-03-12 07:57:53,0,0,1.47722,0,7.20288,0,22.4161,0
2015-03-12 08:02:53,0,0,1.02615,0,7.8528,0,22.4161,0
2015-03-12 08:07:53,0,0,1.38275,0,6.95577,0,22.4161,0
2015-03-12 08:12:53,0,0,1.09214,0,7.86672,0,22.4161,0
2015-03-12 08:17:53,1,0,1.32216,0,5.93609,0,22.4161,0
2015-03-12 08:22:53,0,0,1.21116,0,5.65468,0,22.4161,0
2015-03-12 08:27:53,0,0,1.28907,0,4.13188,0,22.4161,0
2015-03-12 08:32:53,0,0,1.24184,0,7.67785,0,22.4161,0
2015-03-12 08:37:53,0,0,1.22628,0,7.45345,0,22.4161,0
2015-03-12 08:42:53,0,0,1.21362,0,7.57718,0,22.4161,0
2015-03-12 08:47:53,0,0,1.2677,0,7.39171,0,22.4161,0
2015-03-12 08:52:53,0,0,1.21814,0,7.37378,0,22.4161,0
2015-03-12 08:57:53,0,0,1.35113,0,7.39439,0,22.4161,0
2015-03-12 09:02:53,0,0,1.14157,0,7.59051,0,22.4161,0
2015-03-12 09:07:53,0,0,1.35992,0,7.49824,0,22.4161,0
2015-03-12 09:12:53,0,0,1.14027,0,7.69644,0,22.4161,0
2015-03-12 09:17:53,0,0,1.28703,0,7.2848,0,22.4161,0
2015-03-12 09:22:53,0,0,1.1774,0,7.64731,0,22.4161,0
2015-03-12 09:27:53,0,0,1.26668,0,7.17226,0,22.4161,0
2015-03-12 09:32:53,0,0,1.21867,0,7.48257,0,22.4161,0
2015-03-12 09:37:53,0,0,1.24798,0,7.28423,0,22.4161,0
2015-03-12 09:42:53,0,0,1.2332,0,7.48537,0,22.4161,0
2015-03-12 09:47:53,0,0,1.19746,0,7.38519,0,22.4161,0
2015-03-12 09:52:53,0,0,1.28537,0,7.40781,0,22.4161,0
2015-03-12 09:57:53,0,0,1.10149,0,7.37989,0,22.4161,0
2015-03-12 10:02:53,0,0,1.33682,0,7.2646,0,22.4161,0
2015-03-12 10:07:53,0,0,1.09272,0,7.39591,0,22.4161,0
2015-03-12 10:12:53,0,0,1.33712,0,7.07083,0,22.4161,0
2015-03-12 10:17:53,0,0,1.15904,0,7.53303,0,22.4161,0
2015-03-12 10:22:53,2,0,1.18045,0,6.79336,0,22.4161,0
2015-03-12 10:27:53,0,0,1.17153,0,6.87371,0,22.4161,0
2015-03-12 10:32:53,0,0,1.27466,0,6.05529,0,22.4161,0
2015-03-12 10:37:53,2,0,1.09625,0,6.60973,0,22.4161,0
2015-03-12 10:42:53,0,0,1.2996,0,6.06151,0,22.4161,0
2015-03-12 10:47:53,0,0,1.20844,0,5.66811,0,22.4161,0
2015-03-12 10:52:53,0,0,1.19783,0,7.0964,0,22.4161,0
2015-03-12 10:57:53,0,0,1.22841,0,7.51352,0,22.4161,0
2015-03-12 11:02:53,0,0,1.21254,0,7.24939,0,22.4161,0
2015-03-12 11:07:53,0,0,1.2228,0,7.26284,0,22.4161,0
2015-03-12 11:12:53,0,0,1.23029,0,7.33312,0,22.4161,0
2015-03-12 11:17:53,1,0,1.2394,0,6.31351,0,22.4161,0
2015-03-12 11:22:53,2,0,1.22564,0,4.88958,0,22.4161,0
2015-03-12 11:27:53,0,0,1.16272,0,3.4377,0,22.4161,0
2015-03-12 11:32:53,0,0,1.37285,0,5.8958,0,22.4161,0
2015-03-12 11:37:53,0,0,1.1024,0,7.37523,0,22.4161,0
2015-03-12 11:42:53,0,0,1.40951,0,7.33626,0,22.4161,0
2015-03-12 11:47:53,0,0,1.09917,0,7.73285,0,22.4161,0
2015-03-12 11:52:53,0,0,1.32222,0,7.22538,0,22.4161,0
2015-03-12 11:57:53,0,0,1.24586,0,7.7491,0,22.4161,0
2015-03-12 12:02:53,0,0,1.25558,0,7.18782,0,22.4161,0
2015-03-12 12:07:53,0,0,1.27005,0,7.71397,0,22.4161,0
2015-03-12 12:12:53,1,0,1.2131,0,6.51879,0,22.4161,0
2015-03-12 12:17:53,0,0,1.25058,0,5.51995,0,22.4161,0
2015-03-12 12:22:53,0,0,1.20208,0,4.48694,0,22.4161,0
2015-03-12 12:27:53,2,0,1.23006,0,6.93837,0,22.4161,0
2015-03-12 12:32:53,0,0,1.22305,0,6.57764,0,22.4161,0
2015-03-12 12:37:53,0,0,1.35144,0,6.07693,0,22.4161,0
2015-03-12 12:42:53,2,0,1.12939,0,6.78484,0,22.4161,0
2015-03-12 12:47:53,1,0,1.27641,0,5.09566,0,22.4161,0
2015-03-12 12:52:53,0,0,1.27621,0,3.48088,0,22.4161,0
2015-03-12 12:57:53,0,0,1.18959,0,4.21721,0,22.4161,0
2015-03-12 13:02:53,3,0,1.29498,0,8.19206,0,22.4161,0
2015-03-12 13:07:53,0,0,1.13847,0,8.74444,0,22.4161,0
2015-03-12 13:12:53,0,0,1.37064,0,9.15967,0,22.4161,0
2015-03-12 13:17:53,0,0,1.06988,0,7.53253,0,22.4161,0
2015-03-12 13:22:53,2,0,1.36445,0,7.08683,0,22.4161,0
2015-03-12 13:27:53,1,0,1.14337,0,6.94617,0,22.4161,0
2015-03-12 13:32:53,1,0,1.28612,0,3.59933,0,22.4161,0
2015-03-12 13:37:53,0,0,1.19098,0,2.66622,0,22.4161,0
2015-03-12 13:42:53,0,0,1.29758,0,4.19334,0,22.4161,0
2015-03-12 13:47:53,0,0,1.25985,0,7.53791,0,22.4161,0
2015-03-12 13:52:53,0,0,1.23237,0,7.42796,0,22.4161,0
2015-03-12 13:57:53,0,0,1.28807,0,7.64482,0,22.4161,0
2015-03-12 14:02:53,1,0,1.21129,0,6.53236,0,22.4161,0
2015-03-12 14:07:53,1,0,1.23726,0,4.48455,0,22.4161,0
2015-03-12 14:12:53,0,0,1.29111,0,2.52406,0,22.4161,0
2015-03-12 14:17:53,0,0,1.22819,0,4.39951,0,22.4161,0
2015-03-12 14:22:53,0,0,1.33142,0,7.52218,0,22.4161,0
2015-03-12 14:27:53,1,0,1.16439,0,6.66112,0,22.4161,0
2015-03-12 14:32:53,0,0,1.26395,0,5.5118,0,22.4161,0
2015-03-12 14:37:53,0,0,1.25284,0,4.58699,0,22.4161,0
2015-03-12 14:42:53,0,0,1.28811,0,7.27392,0,22.4161,0
2015-03-12 14:47:53,0,0,1.23128,0,7.58564,0,22.4161,0
2015-03-12 14:52:53,0,0,1.24388,0,7.56602,0,22.4161,0
2015-03-12 14:57:53,0,0,1.30108,0,7.57078,0,22.4161,0
2015-03-12 15:02:53,1,0,1.16999,0,6.48268,0,22.4161,0
2015-03-12 15:07:53,2,0,1.29142,0,5.16382,0,22.4161,0
2015-03-12 15:12:53,2,0,1.15328,0,3.27184,0,22.4161,0
2015-03-12 15:17:53,1,0,1.34447,0,4.06047,0,22.4161,0
2015-03-12 15:22:53,0,0,1.16459,0,3.77676,0,22.4161,0
2015-03-12 15:27:53,0,0,1.33616,0,4.31336,0,22.4161,0
2015-03-12 15:32:53,1,0,1.14582,0,6.69874,0,22.4161,0
2015-03-12 15:37:53,0,0,1.28275,0,5.31191,0,22.4161,0
2015-03-12 15:42:53,1,0,1.21614,0,3.58288,0,22.4161,0
2015-03-12 15:47:53,1,0,1.22966,0,4.21912,0,22.4161,0
2015-03-12 15:52:53,1,0,1.26491,0,1.5102,0,22.4161,0
2015-03-12 15:57:53,1,0,1.23018,0,1.37264,0,22.4161,0
2015-03-12 16:02:53,0,0,1.26366,0,2.44897,0,22.4161,0
2015-03-12 16:07:53,0,0,1.22821,0,4.51873,0,22.4161,0
2015-03-12 16:12:53,0,0,1.20916,0,7.44606,0,22.4161,0
2015-03-12 16:17:53,0,0,1.27265,0,7.45655,0,22.4161,0
2015-03-12 16:22:53,1,0,1.22333,0,6.37559,0,22.4161,0
2015-03-12 16:27:53,0,0,1.32397,0,5.3961,0,22.4161,0
2015-03-12 16:32:53,0,0,1.22473,0,4.58857,0,22.4161,0
2015-03-12 16:37:53,0,0,1.31783,0,7.54266,0,22.4161,0
2015-03-12 16:42:53,0,0,1.21009,0,7.7392,0,22.4161,0
2015-03-12 16:47:53,0,0,1.31566,0,7.51993,0,22.4161,0
2015-03-12 16:52:53,0,0,1.16859,0,7.68932,0,22.4161,0
2015-03-12 16:57:53,0,0,1.26591,0,7.43018,0,22.4161,0
2015-03-12 17:02:53,0,0,1.28178,0,7.55007,0,22.4161,0
2015-03-12 17:07:53,1,0,1.29446,0,6.31939,0,22.4161,0
2015-03-12 17:12:53,0,0,1.20384,0,5.65575,0,22.4161,0
2015-03-12 17:17:53,2,0,1.29044,0,4.23042,0,22.4161,0
2015-03-12 17:22:53,0,0,1.1773,0,6.76612,0,22.4161,0
2015-03-12 17:27:53,2,0,1.34247,0,5.79205,0,22.4161,0
2015-03-12 17:32:53,1,0,1.14345,0,7.64112,0,22.4161,0
2015-03-12 17:37:53,0,0,1.35439,0,4.2965,0,22.4161,0
2015-03-12 17:42:53,2,0,1.19126,0,3.95991,0,22.4161,0
2015-03-12 17:47:53,1,0,1.25726,0,4.91283,0,22.4161,0
2015-03-12 17:52:53,0,0,1.26637,0,3.57662,0,22.4161,0
2015-03-12 17:57:53,0,0,1.20261,0,4.35468,0,22.4161,0
2015-03-12 18:02:53,1,0,1.2673,0,6.50712,0,22.4161,0
2015-03-12 18:07:53,0,0,1.20555,0,5.47163,0,22.4161,0
2015-03-12 18:12:53,1,0,1.32008,0,3.34798,0,22.4161,0
2015-03-12 18:17:53,1,0,1.14032,0,4.53308,0,22.4161,0
2015-03-12 18:22:53,1,0,1.35383,0,1.39713,0,22.4161,0
2015-03-12 18:27:53,0,0,1.20259,0,2.59472,0,22.4161,0
2015-03-12 18:32:53,0,0,1.26848,0,4.33122,0,22.4161,0
2015-03-12 18:37:53,0,0,1.27949,0,7.73514,0,22.4161,0
2015-03-12 18:42:53,0,0,1.1804,0,7.42421,0,22.4161,0
2015-03-12 18:47:53,0,0,1.36902,0,7.54482,0,22.4161,0
2015-03-12 18:52:53,1,0,1.17686,0,6.56829,0,22.4161,0
2015-03-12 18:57:53,0,0,1.33678,0,5.45608,0,22.4161,0
2015-03-12 19:02:53,0,0,1.27511,0,4.79755,0,22.4161,0
2015-03-12 19:07:53,0,0,1.22507,0,7.47924,0,22.4161,0
2015-03-12 19:12:53,0,0,1.31355,0,7.78561,0,22.4161,0
2015-03-12 19:17:53,0,0,1.17079,0,7.589,0,22.4161,0
2015-03-12 19:22:53,0,0,1.32482,0,7.47308,0,22.4161,0
2015-03-12 19:27:53,0,0,1.17273,0,7.60703,0,22.4161,0
2015-03-12 19:32:53,1,0,1.37202,0,6.33473,0,22.4161,0
2015-03-12 19:37:53,1,0,1.17322,0,4.69195,0,22.4161,0
2015-03-12 19:42:53,0,0,1.34912,0,2.43547,0,22.4161,0
2015-03-12 19:47:53,0,0,1.17746,0,4.81163,0,22.4161,0
2015-03-12 19:52:53,0,0,1.28249,0,7.39536,0,22.4161,0
2015-03-12 19:57:53,1,0,1.27435,0,6.68478,0,22.4161,0
2015-03-12 20:02:53,2,0,1.17372,0,4.82301,0,22.4161,0
2015-03-12 20:07:53,0,0,1.31323,0,3.4725,0,22.4161,0
2015-03-12 20:12:53,0,0,1.19311,0,5.83762,0,22.4161,0
2015-03-12 20:17:53,0,0,1.28106,0,7.34072,0,22.4161,0
2015-03-12 20:22:53,0,0,1.26087,0,7.60697,0,22.4161,0
2015-03-12 20:27:53,0,0,1.17572,0,7.40231,0,22.4161,0
2015-03-12 20:32:53,0,0,1.27602,0,7.54064,0,22.4161,0
2015-03-12 20:37:53,0,0,1.11744,0,7.41007,0,22.4161,0
2015-03-12 20:42:53,0,0,1.36412,0,7.19665,0,22.4161,0
2015-03-12 20:47:53,0,0,1.1773,0,7.42705,0,22.4161,0
2015-03-12 20:52:53,0,0,1.33587,0,7.25785,0,22.4161,0
2015-03-12 20:57:53,0,0,1.14721,0,7.78283,0,22.4161,0
2015-03-12 21:02:53,1,0,1.25047,0,6.35087,0,22.4161,0
2015-03-12 21:07:53,0,0,1.20888,0,5.5525,0,22.4161,0
2015-03-12 21:12:53,0,0,1.26303,0,4.15143,0,22.4161,0
2015-03-12 21:17:53,1,0,1.28069,0,6.43219,0,22.4161,0
2015-03-12 21:22:53,1,0,1.20742,0,4.4334,0,22.4161,0
2015-03-12 21:27:53,0,0,1.30843,0,2.5579,0,22.4161,0
2015-03-12 21:32:53,0,0,1.17459,0,4.56534,0,22.4161,0
2015-03-12 21:37:53,0,0,1.29687,0,7.41373,0,22.4161,0
2015-03-12 21:42:53,2,0,1.18362,0,6.97762,0,22.4161,0
2015-03-12 21:47:53,0,0,1.26146,0,6.11366,0,22.4161,0
2015-03-12 21:52:53,0,0,1.25034,0,5.73809,0,22.4161,0
2015-03-12 21:57:53,0,0,1.21363,0,7.32411,0,22.4161,0
2015-03-12 22:02:53,0,0,1.3073,0,7.49869,0,22.4161,0
2015-03-12 22:07:53,0,0,1.23253,0,7.48558,0,22.4161,0
2015-03-12 22:12:53,0,0,1.25045,0,7.48801,0,22.4161,0
2015-03-12 22:17:53,0,0,1.23121,0,7.63741,0,22.4161,0
2015-03-12 22:22:53,0,0,1.24867,0,7.42971,0,22.4161,0
2015-03-12 22:27:53,1,0,1.27537,0,6.46245,0,22.4161,0
2015-03-12 22:32:53,1,0,1.21946,0,4.46636,0,22.4161,0
2015-03-12 22:37:53,0,0,1.34939,0,2.51622,0,22.4161,0
2015-03-12 22:42:53,1,0,1.16824,0,3.61443,0,22.4161,0
2015-03-12 22:47:53,1,0,1.23469,0,4.5254,0,22.4161,0
2015-03-12 22:52:53,0,0,1.28172,0,2.61933,0,22.4161,0
2015-03-12 22:57:53,0,0,1.2138,0,4.25582,0,22.4161,0
2015-03-12 23:02:53,0,0,1.2856,0,7.48132,0,22.4161,0
2015-03-12 23:07:53,1,0,1.20316,0,6.55836,0,22.4161,0
2015-03-12 23:12:53,0,0,1.28029,0,5.41574,0,22.4161,0
2015-03-12 23:17:53,0,0,1.2737,0,4.54339,0,22.4161,0
2015-03-12 23:22:53,0,0,1.1718,0,7.44376,0,22.4161,0
2015-03-12 23:27:53,0,0,1.31659,0,7.56008,0,22.4161,0
2015-03-12 23:32:53,0,0,1.14746,0,7.48129,0,22.4161,0
2015-03-12 23:37:53,0,0,1.36823,0,7.29603,0,22.4161,0
2015-03-12 23:42:53,0,0,1.14664,0,7.61292,0,22.4161,0
2015-03-12 23:47:53,1,0,1.32872,0,6.32548,0,22.4161,0
2015-03-12 23:52:53,0,0,1.17082,0,5.72668,0,22.4161,0
2015-03-12 23:57:53,0,0,1.37727,0,4.26817,0,22.4161,0
2015-03-13 00:02:53,0,0,1.15782,0,7.70506,0,22.4161,0
2015-03-13 00:07:53,2,0,1.35227,0,7.10918,0,22.4161,0
2015-03-13 00:12:53,0,0,1.08283,0,7.16844,0,22.4161,0
2015-03-13 00:17:53,1,0,1.38662,0,6.75176,0,22.4161,0
2015-03-13 00:22:53,0,0,1.11954,0,5.60909,0,22.4161,0
2015-03-13 00:27:53,0,0,1.38393,0,4.14128,0,22.4161,0
2015-03-13 00:32:53,0,0,1.11011,0,7.78287,0,22.4161,0
2015-03-13 00:37:53,0,0,1.32261,0,7.23659,0,22.4161,0
2015-03-13 00:42:53,0,0,1.13881,0,7.69461,0,22.4161,0
2015-03-13 00:47:53,0,0,1.31599,0,7.11436,0,22.4161,0
2015-03-13 00:52:53,0,0,1.16514,0,7.56143,0,22.4161,0
2015-03-13 00:57:53,1,0,1.3354,0,6.21354,0,22.4161,0
2015-03-13 01:02:53,1,0,1.18184,0,4.61364,0,22.4161,0
2015-03-13 01:07:53,1,0,1.3,0,1.34807,0,22.4161,0
2015-03-13 01:12:53,1,0,1.143,0,1.66988,0,22.4161,0
2015-03-13 01:17:53,0,0,1.31833,0,2.28851,0,22.4161,0
2015-03-13 01:22:53,1,0,1.24642,0,3.50434,0,22.4161,0
2015-03-13 01:27:53,0,0,1.24762,0,5.31208,0,22.4161,0
2015-03-13 01:32:53,0,0,1.23897,0,4.69546,0,22.4161,0
2015-03-13 01:37:53,0,0,1.23671,0,7.47347,0,22.4161,0
2015-03-13 01:42:53,0,0,1.28747,0,7.45752,0,22.4161,0
2015-03-13 01:47:53,0,0,1.2395,0,7.4778,0,22.4161,0
2015-03-13 01:52:53,0,0,1.25385,0,7.52457,0,22.4161,0
2015-03-13 01:57:53,0,0,1.16635,0,7.59525,0,22.4161,0
2015-03-13 02:02:53,1,0,1.32368,0,6.39254,0,22.4161,0
2015-03-13 02:07:53,0,0,1.14532,0,5.41792,0,22.4161,0
2015-03-13 02:12:53,0,0,1.3801,0,4.29172,0,22.4161,0
2015-03-13 02:17:53,0,0,1.14368,0,7.64178,0,22.4161,0
2015-03-13 02:22:53,0,0,1.38357,0,7.33983,0,22.4161,0
2015-03-13 02:27:53,1,0,1.1358,0,6.81122,0,22.4161,0
2015-03-13 02:32:53,0,0,1.37414,0,5.33398,0,22.4161,0
2015-03-13 02:37:53,0,0,1.15556,0,4.79644,0,22.4161,0
2015-03-13 02:42:53,0,0,1.34938,0,7.31124,0,22.4161,0
2015-03-13 02:47:53,1,0,1.19141,0,6.78291,0,22.4161,0
2015-03-13 02:52:53,0,0,1.2686,0,5.35683,0,22.4161,0
2015-03-13 02:57:53,0,0,1.21939,0,4.69954,0,22.4161,0
2015-03-13 03:02:53,0,0,1.1755,0,7.33081,0,22.4161,0
2015-03-13 03:07:53,0,0,1.29242,0,7.42008,0,22.4161,0
2015-03-13 03:12:53,0,0,1.22603,0,7.3016,0,22.4161,0
2015-03-13 03:17:53,1,0,1.20992,0,6.33736,0,22.4161,0
2015-03-13 03:22:53,0,0,1.28484,0,5.53923,0,22.4161,0
2015-03-13 03:27:53,0,0,1.19766,0,4.38276,0,22.4161,0
2015-03-13 03:32:53,0,0,1.29607,0,7.39711,0,22.4161,0
2015-03-13 03:37:53,0,0,1.22062,0,7.54593,0,22.4161,0
2015-03-13 03:42:53,1,0,1.28605,0,6.40576,0,22.4161,0
2015-03-13 03:47:53,0,0,1.1768,0,5.61551,0,22.4161,0
2015-03-13 03:52:53,0,0,1.27771,0,4.41078,0,22.4161,0
2015-03-13 03:57:53,0,0,1.17579,0,7.48948,0,22.4161,0
2015-03-13 04:02:53,0,0,1.30944,0,7.26163,0,22.4161,0
2015-03-13 04:07:53,1,0,1.21021,0,6.49417,0,22.4161,0
2015-03-13 04:12:53,0,0,1.22088,0,5.35647,0,22.4161,0
2015-03-13 04:17:53,0,0,1.24021,0,4.56963,0,22.4161,0
2015-03-13 04:22:53,0,0,1.16158,0,7.31261,0,22.4161,0
2015-03-13 04:27:53,0,0,1.35945,0,7.30465,0,22.4161,0
2015-03-13 04:32:53,0,0,1.12286,0,7.40326,0,22.4161,0
2015-03-13 04:37:53,0,0,1.36278,0,7.32652,0,22.4161,0
2015-03-13 04:42:53,0,0,1.13667,0,7.68687,0,22.4161,0
2015-03-13 04:47:53,0,0,1.28195,0,7.23082,0,22.4161,0
2015-03-13 04:52:53,0,0,1.24308,0,7.64362,0,22.4161,0
2015-03-13 04:57:53,0,0,1.24558,0,7.21698,0,22.4161,0
2015-03-13 05:02:53,1,0,1.29015,0,6.57758,0,22.4161,0
2015-03-13 05:07:53,0,0,1.17183,0,5.51054,0,22.4161,0
2015-03-13 05:12:53,1,0,1.30701,0,3.48887,0,22.4161,0
2015-03-13 05:17:53,0,0,1.16456,0,5.52112,0,22.4161,0
2015-03-13 05:22:53,1,0,1.34313,0,3.29408,0,22.4161,0
2015-03-13 05:27:53,0,0,1.14658,0,5.59329,0,22.4161,0
2015-03-13 05:32:53,0,0,1.33367,0,4.32654,0,22.4161,0
2015-03-13 05:37:53,0,0,1.12297,0,7.65622,0,22.4161,0
2015-03-13 05:42:53,0,0,1.35664,0,7.23006,0,22.4161,0
2015-03-13 05:47:53,0,0,1.15948,0,7.60359,0,22.4161,0
2015-03-13 05:52:53,0,0,1.30543,0,7.24168,0,22.4161,0
2015-03-13 05:57:53,2,0,1.19263,0,7.08344,0,22.4161,0
2015-03-13 06:02:53,0,0,1.2262,0,6.06019,0,22.4161,0
2015-03-13 06:07:53,0,0,1.32074,0,5.69516,0,22.4161,0
2015-03-13 06:12:53,2,0,1.14071,0,6.70956,0,22.4161,0
2015-03-13 06:17:53,0,0,1.25191,0,6.17784,0,22.4161,0
2015-03-13 06:22:53,0,0,1.36271,0,5.5711,0,22.4161,0
2015-03-13 06:27:53,0,0,1.04847,0,7.28866,0,22.4161,0
2015-03-13 06:32:53,0,0,1.46334,0,7.52962,0,22.4161,0
2015-03-13 06:37:53,0,0,1.05888,0,7.64842,0,22.4161,0
2015-03-13 06:42:53,0,0,1.41013,0,7.13097,0,22.4161,0
2015-03-13 06:47:53,0,0,1.12034,0,7.91791,0,22.4161,0
2015-03-13 06:52:53,0,0,1.33526,0,7.11724,0,22.4161,0
2015-03-13 06:57:53,0,0,1.19683,0,7.80634,0,22.4161,0
2015-03-13 07:02:53,0,0,1.20562,0,7.22836,0,22.4161,0
2015-03-13 07:07:53,0,0,1.32058,0,7.60505,0,22.4161,0
2015-03-13 07:12:53,0,0,1.12799,0,7.32232,0,22.4161,0
2015-03-13 07:17:53,1,0,1.40033,0,6.38602,0,22.4161,0
2015-03-13 07:22:53,0,0,1.08641,0,5.61805,0,22.4161,0
2015-03-13 07:27:53,0,0,1.42321,0,4.27105,0,22.4161,0
2015-03-13 07:32:53,1,0,1.10232,0,6.79701,0,22.4161,0
2015-03-13 07:37:53,0,0,1.34337,0,5.20797,0,22.4161,0
2015-03-13 07:42:53,0,0,1.22535,0,4.81762,0,22.4161,0
2015-03-13 07:47:53,0,0,1.20512,0,7.21904,0,22.4161,0
2015-03-13 07:52:53,0,0,1.30026,0,7.68592,0,22.4161,0
2015-03-13 07:57:53,0,0,1.11467,0,7.38655,0,22.4161,0
2015-03-13 08:02:53,0,0,1.32915,0,7.33055,0,22.4161,0
2015-03-13 08:07:53,0,0,1.13822,0,7.45926,0,22.4161,0
2015-03-13 08:12:53,0,0,1.30127,0,7.14053,0,22.4161,0
2015-03-13 08:17:53,1,0,1.1705,0,6.56514,0,22.4161,0
2015-03-13 08:22:53,0,0,1.18417,0,5.18768,0,22.4161,0
2015-03-13 08:27:53,0,0,1.37419,0,4.42898,0,22.4161,0
2015-03-13 08:32:53,0,0,1.03624,0,7.25404,0,22.4161,0
2015-03-13 08:37:53,0,0,1.47754,0,7.33713,0,22.4161,0
2015-03-13 08:42:53,1,0,0.98449,0,6.67259,0,22.4161,0
2015-03-13 08:47:53,1,0,1.42618,0,4.07931,0,22.4161,0
2015-03-13 08:52:53,0,0,1.07764,0,2.88983,0,22.4161,0
2015-03-13 08:57:53,1,0,1.32482,0,3.94551,0,22.4161,0
2015-03-13 09:02:53,0,0,1.19408,0,6.6966,0,22.4161,0
2015-03-13 09:07:53,0,0,1.25117,0,4.07664,0,22.4161,0
2015-03-13 09:12:53,0,0,1.22967,0,7.61379,0,22.4161,0
2015-03-13 09:17:53,2,0,1.18847,0,6.85491,0,22.4161,0
2015-03-13 09:22:53,0,0,1.20482,0,6.48266,0,22.4161,0
2015-03-13 09:27:53,0,0,1.30606,0,5.89275,0,22.4161,0
2015-03-13 09:32:53,0,0,1.1775,0,7.28111,0,22.4161,0
2015-03-13 09:37:53,0,0,1.32676,0,7.40408,0,22.4161,0
2015-03-13 09:42:53,0,0,1.1759,0,7.59995,0,22.4161,0
2015-03-13 09:47:53,0,0,1.29154,0,7.36193,0,22.4161,0
2015-03-13 09:52:53,0,0,1.17868,0,7.62362,0,22.4161,0
2015-03-13 09:57:53,0,0,1.35157,0,7.28945,0,22.4161,0
2015-03-13 10:02:53,0,0,1.1944,0,7.58355,0,22.4161,0
2015-03-13 10:07:53,0,0,1.29942,0,7.4336,0,22.4161,0
2015-03-13 10:12:53,0,0,1.21719,0,7.74294,0,22.4161,0
2015-03-13 10:17:53,2,0,1.27145,0,6.96487,0,22.4161,0
2015-03-13 10:22:53,0,0,1.1789,0,6.73534,0,22.4161,0
2015-03-13 10:27:53,0,0,1.29111,0,6.07024,0,22.4161,0
2015-03-13 10:32:53,0,0,1.2151,0,7.46326,0,22.4161,0
2015-03-13 10:37:53,0,0,1.30278,0,7.33403,0,22.4161,0
2015-03-13 10:42:53,0,0,1.18323,0,7.6063,0,22.4161,0
2015-03-13 10:47:53,0,0,1.27295,0,7.43409,0,22.4161,0
2015-03-13 10:52:53,0,0,1.19627,0,7.54773,0,22.4161,0
2015-03-13 10:57:53,0,0,1.2707,0,7.29185,0,22.4161,0
2015-03-13 11:02:53,0,0,1.21686,0,7.4821,0,22.4161,0
2015-03-13 11:07:53,0,0,1.2222,0,7.34709,0,22.4161,0
2015-03-13 11:12:53,0,0,1.28108,0,7.46803,0,22.4161,0
2015-03-13 11:17:53,0,0,1.1415,0,7.37606,0,22.4161,0
2015-03-13 11:22:53,1,0,1.32264,0,6.37026,0,22.4161,0
2015-03-13 11:27:53,0,0,1.09948,0,5.44888,0,22.4161,0
2015-03-13 11:32:53,0,0,1.37846,0,4.16925,0,22.4161,0
2015-03-13 11:37:53,1,0,1.12129,0,6.54533,0,22.4161,0
2015-03-13 11:42:53,0,0,1.27465,0,5.17665,0,22.4161,0
2015-03-13 11:47:53,0,0,1.22258,0,4.6526,0,22.4161,0
2015-03-13 11:52:53,0,0,1.24487,0,7.13574,0,22.4161,0
2015-03-13 11:57:53,0,0,1.21597,0,7.51396,0,22.4161,0
2015-03-13 12:02:53,1,0,1.2181,0,6.37344,0,22.4161,0
2015-03-13 12:07:53,3,0,1.17711,0,5.94844,0,22.4161,0
2015-03-13 12:12:53,0,0,1.2077,0,5.38884,0,22.4161,0
2015-03-13 12:17:53,0,0,1.28745,0,8.90763,0,22.4161,0
2015-03-13 12:22:53,0,0,1.20294,0,7.23419,0,22.4161,0
2015-03-13 12:27:53,0,0,1.23326,0,7.40094,0,22.4161,0
2015-03-13 12:32:53,0,0,1.27995,0,7.50148,0,22.4161,0
2015-03-13 12:37:53,0,0,1.12196,0,7.35529,0,22.4161,0
2015-03-13 12:42:53,0,0,1.35268,0,7.38163,0,22.4161,0
2015-03-13 12:47:53,0,0,1.15717,0,7.43646,0,22.4161,0
2015-03-13 12:52:53,0,0,1.38222,0,7.22842,0,22.4161,0
2015-03-13 12:57:53,1,0,1.15836,0,6.7546,0,22.4161,0
2015-03-13 13:02:53,0,0,1.2579,0,5.3943,0,22.4161,0
2015-03-13 13:07:53,0,0,1.21591,0,4.72128,0,22.4161,0
2015-03-13 13:12:53,0,0,1.18807,0,7.20679,0,22.4161,0
2015-03-13 13:17:53,0,0,1.35304,0,7.39359,0,22.4161,0
2015-03-13 13:22:53,0,0,1.21427,0,7.37692,0,22.4161,0
2015-03-13 13:27:53,2,0,1.27632,0,7.05602,0,22.4161,0
2015-03-13 13:32:53,0,0,1.14786,0,6.90689,0,22.4161,0
2015-03-13 13:37:53,0,0,1.37279,0,6.05767,0,22.4161,0
2015-03-13 13:42:53,0,0,1.13834,0,7.49746,0,22.4161,0
2015-03-13 13:47:53,0,0,1.31837,0,7.3275,0,22.4161,0
2015-03-13 13:52:53,0,0,1.20866,0,7.7134,0,22.4161,0
2015-03-13 13:57:53,0,0,1.18431,0,7.26041,0,22.4161,0
2015-03-13 14:02:53,1,0,1.28956,0,6.55674,0,22.4161,0
2015-03-13 14:07:53,1,0,1.15337,0,4.28417,0,22.4161,0
2015-03-13 14:12:53,0,0,1.33382,0,2.28541,0,22.4161,0
2015-03-13 14:17:53,1,0,1.17982,0,3.50925,0,22.4161,0
2015-03-13 14:22:53,0,0,1.25392,0,5.30756,0,22.4161,0
2015-03-13 14:27:53,0,0,1.21766,0,4.615,0,22.4161,0
2015-03-13 14:32:53,1,0,1.19784,0,6.26494,0,22.4161,0
2015-03-13 14:37:53,1,0,1.28967,0,4.3949,0,22.4161,0
2015-03-13 14:42:53,0,0,1.22357,0,2.33832,0,22.4161,0
2015-03-13 14:47:53,0,0,1.28928,0,4.39643,0,22.4161,0
2015-03-13 14:52:53,0,0,1.14741,0,7.60543,0,22.4161,0
2015-03-13 14:57:53,0,0,1.30899,0,7.39668,0,22.4161,0
2015-03-13 15:02:53,0,0,1.16136,0,7.47163,0,22.4161,0
2015-03-13 15:07:53,0,0,1.2489,0,7.22156,0,22.4161,0
2015-03-13 15:12:53,0,0,1.26719,0,7.49858,0,22.4161,0
2015-03-13 15:17:53,0,0,1.16935,0,7.24905,0,22.4161,0
2015-03-13 15:22:53,0,0,1.38484,0,7.45042,0,22.4161,0
2015-03-13 15:27:53,0,0,1.10907,0,7.52511,0,22.4161,0
2015-03-13 15:32:53,1,0,1.33792,0,6.3868,0,22.4161,0
2015-03-13 15:37:53,1,0,1.11085,0,4.71058,0,22.4161,0
2015-03-13 15:42:53,1,0,1.3768,0,1.11389,0,22.4161,0
2015-03-13 15:47:53,2,0,1.12274,0,1.85867,0,22.4161,0
2015-03-13 15:52:53,0,0,1.3338,0,2.70171,0,22.4161,0
2015-03-13 15:57:53,1,0,1.22592,0,4.44891,0,22.4161,0
2015-03-13 16:02:53,0,0,1.23412,0,5.26176,0,22.4161,0
2015-03-13 16:07:53,0,0,1.30084,0,4.68736,0,22.4161,0
2015-03-13 16:12:53,0,0,1.17023,0,7.44683,0,22.4161,0
2015-03-13 16:17:53,0,0,1.26883,0,7.47426,0,22.4161,0
2015-03-13 16:22:53,0,0,1.17078,0,7.51181,0,22.4161,0
2015-03-13 16:27:53,1,0,1.32254,0,6.21911,0,22.4161,0
2015-03-13 16:32:53,1,0,1.2331,0,4.47058,0,22.4161,0
2015-03-13 16:37:53,0,0,1.21696,0,2.39052,0,22.4161,0
2015-03-13 16:42:53,0,0,1.31928,0,4.6508,0,22.4161,0
2015-03-13 16:47:53,0,0,1.11742,0,7.45252,0,22.4161,0
2015-03-13 16:52:53,0,0,1.37389,0,7.40688,0,22.4161,0
2015-03-13 16:57:53,0,0,1.16324,0,7.56659,0,22.4161,0
2015-03-13 17:02:53,0,0,1.33339,0,7.26328,0,22.4161,0
2015-03-13 17:07:53,0,0,1.23585,0,7.78152,0,22.4161,0
2015-03-13 17:12:53,1,0,1.27066,0,6.39233,0,22.4161,0
2015-03-13 17:17:53,0,0,1.24622,0,5.74251,0,22.4161,0
2015-03-13 17:22:53,0,0,1.25373,0,4.49508,0,22.4161,0
2015-03-13 17:27:53,0,0,1.20126,0,7.55816,0,22.4161,0
2015-03-13 17:32:53,2,0,1.2479,0,7.04486,0,22.4161,0
2015-03-13 17:37:53,0,0,1.17491,0,6.60658,0,22.4161,0
2015-03-13 17:42:53,0,0,1.33169,0,6.06693,0,22.4161,0
2015-03-13 17:47:53,0,0,1.15887,0,7.42521,0,22.4161,0
2015-03-13 17:52:53,0,0,1.36076,0,7.34699,0,22.4161,0
2015-03-13 17:57:53,1,0,1.13633,0,6.67357,0,22.4161,0
2015-03-13 18:02:53,0,0,1.32835,0,5.33446,0,22.4161,0
2015-03-13 18:07:53,1,0,1.16973,0,3.68329,0,22.4161,0
2015-03-13 18:12:53,0,0,1.30064,0,5.23543,0,22.4161,0
2015-03-13 18:17:53,0,0,1.23179,0,4.62516,0,22.4161,0
2015-03-13 18:22:53,0,0,1.25957,0,7.34226,0,22.4161,0
2015-03-13 18:27:53,0,0,1.25153,0,7.62507,0,22.4161,0
2015-03-13 18:32:53,0,0,1.16923,0,7.46605,0,22.4161,0
2015-03-13 18:37:53,1,0,1.29148,0,6.451,0,22.4161,0
2015-03-13 18:42:53,0,0,1.16276,0,5.38452,0,22.4161,0
2015-03-13 18:47:53,0,0,1.31779,0,4.25341,0,22.4161,0
2015-03-13 18:52:53,0,0,1.23665,0,7.51775,0,22.4161,0
2015-03-13 18:57:53,0,0,1.22856,0,7.36049,0,22.4161,0
2015-03-13 19:02:53,0,0,1.27399,0,7.65521,0,22.4161,0
2015-03-13 19:07:53,0,0,1.20462,0,7.44104,0,22.4161,0
2015-03-13 19:12:53,0,0,1.25233,0,7.43827,0,22.4161,0
2015-03-13 19:17:53,0,0,1.22549,0,7.48354,0,22.4161,0
2015-03-13 19:22:53,1,0,1.25099,0,6.34399,0,22.4161,0
2015-03-13 19:27:53,1,0,1.23902,0,4.45895,0,22.4161,0
2015-03-13 19:32:53,1,0,1.26242,0,1.41747,0,22.4161,0
2015-03-13 19:37:53,0,0,1.22192,0,2.49343,0,22.4161,0
2015-03-13 19:42:53,0,0,1.25922,0,4.4638,0,22.4161,0
2015-03-13 19:47:53,0,0,1.23879,0,7.49032,0,22.4161,0
2015-03-13 19:52:53,0,0,1.23497,0,7.423,0,22.4161,0
2015-03-13 19:57:53,2,0,1.24254,0,7.02028,0,22.4161,0
2015-03-13 20:02:53,0,0,1.18474,0,6.48896,0,22.4161,0
2015-03-13 20:07:53,0,0,1.35835,0,5.9649,0,22.4161,0
2015-03-13 20:12:53,0,0,1.15284,0,7.45544,0,22.4161,0
2015-03-13 20:17:53,0,0,1.32152,0,7.42376,0,22.4161,0
2015-03-13 20:22:53,0,0,1.18704,0,7.70224,0,22.4161,0
2015-03-13 20:27:53,0,0,1.22879,0,7.28859,0,22.4161,0
2015-03-13 20:32:53,1,0,1.24814,0,6.56742,0,22.4161,0
2015-03-13 20:37:53,0,0,1.26618,0,5.26685,0,22.4161,0
2015-03-13 20:42:53,0,0,1.26316,0,4.44885,0,22.4161,0
2015-03-13 20:47:53,0,0,1.26458,0,7.53994,0,22.4161,0
2015-03-13 20:52:53,3,0,1.24451,0,8.06027,0,22.4161,0
2015-03-13 20:57:53,2,0,1.16289,0,8.01581,0,22.4161,0
2015-03-13 21:02:53,1,0,1.2994,0,6.88015,0,22.4161,0
2015-03-13 21:07:53,1,0,1.19267,0,2.89165,0,22.4161,0
2015-03-13 21:12:53,0,0,1.3097,0,2.28013,0,22.4161,0
2015-03-13 21:17:53,0,0,1.27545,0,4.59323,0,22.4161,0
2015-03-13 21:22:53,2,0,1.18494,0,6.92197,0,22.4161,0
2015-03-13 21:27:53,0,0,1.22743,0,6.56315,0,22.4161,0
2015-03-13 21:32:53,0,0,1.30069,0,5.77095,0,22.4161,0
2015-03-13 21:37:53,0,0,1.19183,0,7.31037,0,22.4161,0
2015-03-13 21:42:53,0,0,1.34133,0,7.47549,0,22.4161,0
2015-03-13 21:47:53,1,0,1.16882,0,6.62705,0,22.4161,0
2015-03-13 21:52:53,1,0,1.33023,0,4.42696,0,22.4161,0
2015-03-13 21:57:53,1,0,1.14103,0,1.69186,0,22.4161,0
2015-03-13 22:02:53,3,0,1.35617,0,3.0259,0,22.4161,0
2015-03-13 22:07:53,0,0,1.17189,0,6.38785,0,22.4161,0
2015-03-13 22:12:53,0,0,1.41686,0,9.01128,0,22.4161,0
2015-03-13 22:17:53,0,0,1.11183,0,7.82915,0,22.4161,0
2015-03-13 22:22:53,2,0,1.37784,0,7.23756,0,22.4161,0
2015-03-13 22:27:53,0,0,1.16502,0,7.40477,0,22.4161,0
2015-03-13 22:32:53,1,0,1.36137,0,6.58876,0,22.4161,0
2015-03-13 22:37:53,0,0,1.15852,0,5.82495,0,22.4161,0
2015-03-13 22:42:53,0,0,1.34921,0,4.37632,0,22.4161,0
2015-03-13 22:47:53,0,0,1.19372,0,7.75035,0,22.4161,0
2015-03-13 22:52:53,0,0,1.23756,0,7.3677,0,22.4161,0
2015-03-13 22:57:53,3,0,1.27464,0,8.19751,0,22.4161,0
2015-03-13 23:02:53,1,0,1.17419,0,7.38067,0,22.4161,0
2015-03-13 23:07:53,0,0,1.35713,0,7.0108,0,22.4161,0
2015-03-13 23:12:53,0,0,1.17103,0,4.52944,0,22.4161,0
2015-03-13 23:17:53,1,0,1.35155,0,6.40786,0,22.4161,0
2015-03-13 23:22:53,2,0,1.21761,0,5.06189,0,22.4161,0
2015-03-13 23:27:53,0,0,1.2437,0,3.0276,0,22.4161,0
2015-03-13 23:32:53,1,0,1.29939,0,4.62428,0,22.4161,0
2015-03-13 23:37:53,3,0,1.17888,0,5.84084,0,22.4161,0
2015-03-13 23:42:53,0,0,1.3216,0,5.31119,0,22.4161,0
2015-03-13 23:47:53,1,0,1.21146,0,7.78118,0,22.4161,0
2015-03-13 23:52:53,0,0,1.22217,0,5.39128,0,22.4161,0
2015-03-13 23:57:53,0,0,1.31143,0,4.60986,0,22.4161,0
2015-03-14 00:02:53,2,0,1.1608,0,6.76727,0,22.4161,0
2015-03-14 00:07:53,1,0,1.29798,0,5.20444,0,22.4161,0
2015-03-14 00:12:53,4,0,1.18202,0,5.08934,0,22.4161,0
2015-03-14 00:17:53,1,0,1.31957,0,6.06847,0,22.4161,0
2015-03-14 00:22:53,0,0,1.20678,0,9.78969,0,22.4161,0
2015-03-14 00:27:53,0,0,1.32915,0,4.39199,0,22.4161,0
2015-03-14 00:32:53,1,0,1.22384,0,6.70143,0,22.4161,0
2015-03-14 00:37:53,1,0,1.2811,0,4.50248,0,22.4161,0
2015-03-14 00:42:53,0,0,1.20907,0,2.71623,0,22.4161,0
2015-03-14 00:47:53,0,0,1.25395,0,4.44279,0,22.4161,0
2015-03-14 00:52:53,0,0,1.30028,0,7.5154,0,22.4161,0
2015-03-14 00:57:53,0,0,1.3151,0,7.43538,0,22.4161,0
2015-03-14 01:02:53,0,0,1.20985,0,7.6775,0,22.4161,0
2015-03-14 01:07:53,2,0,1.26669,0,7.32117,0,22.4161,0
2015-03-14 01:12:53,0,0,1.18716,0,6.79228,0,22.4161,0
2015-03-14 01:17:53,1,0,1.30729,0,5.09099,0,22.4161,0
2015-03-14 01:22:53,0,0,1.23038,0,5.4817,0,22.4161,0
2015-03-14 01:27:53,1,0,1.34092,0,3.40645,0,22.4161,0
2015-03-14 01:32:53,2,0,1.20461,0,5.0417,0,22.4161,0
2015-03-14 01:37:53,0,0,1.29138,0,3.21391,0,22.4161,0
2015-03-14 01:42:53,0,0,1.21561,0,5.67784,0,22.4161,0
2015-03-14 01:47:53,0,0,1.30414,0,7.4122,0,22.4161,0
2015-03-14 01:52:53,0,0,1.22536,0,7.60948,0,22.4161,0
2015-03-14 01:57:53,1,0,1.28417,0,6.48047,0,22.4161,0
2015-03-14 02:02:53,0,0,1.22228,0,5.64732,0,22.4161,0
2015-03-14 02:07:53,2,0,1.2561,0,4.02215,0,22.4161,0
2015-03-14 02:12:53,1,0,1.21545,0,5.66407,0,22.4161,0
2015-03-14 02:17:53,1,0,1.27532,0,3.06081,0,22.4161,0
2015-03-14 02:22:53,1,0,1.19418,0,1.47452,0,22.4161,0
2015-03-14 02:27:53,1,0,1.32329,0,1.39115,0,22.4161,0
2015-03-14 02:32:53,0,0,1.13203,0,2.5376,0,22.4161,0
2015-03-14 02:37:53,0,0,1.37104,0,4.36115,0,22.4161,0
2015-03-14 02:42:53,4,0,1.18676,0,8.86289,0,22.4161,0
2015-03-14 02:47:53,0,0,1.24754,0,9.84076,0,22.4161,0
2015-03-14 02:52:53,0,0,1.34506,0,11.5079,0,22.4161,0
2015-03-14 02:57:53,0,0,1.09413,0,7.40041,0,22.4161,0
2015-03-14 03:02:53,1,0,1.40489,0,6.52687,0,22.4161,0
2015-03-14 03:07:53,1,0,1.08985,0,4.62834,0,22.4161,0
2015-03-14 03:12:53,0,0,1.33955,0,2.18202,0,22.4161,0
2015-03-14 03:17:53,1,0,1.18887,0,3.73393,0,22.4161,0
2015-03-14 03:22:53,0,0,1.2912,0,5.13752,0,22.4161,0
2015-03-14 03:27:53,0,0,1.27895,0,4.68758,0,22.4161,0
2015-03-14 03:32:53,1,0,1.20655,0,6.42796,0,22.4161,0
2015-03-14 03:37:53,1,0,1.31269,0,4.63803,0,22.4161,0
2015-03-14 03:42:53,0,0,1.19544,0,2.56263,0,22.4161,0
2015-03-14 03:47:53,0,0,1.33276,0,4.44047,0,22.4161,0
2015-03-14 03:52:53,0,0,1.18905,0,7.66172,0,22.4161,0
2015-03-14 03:57:53,0,0,1.3595,0,7.44091,0,22.4161,0
2015-03-14 04:02:53,1,0,1.20221,0,6.73589,0,22.4161,0
2015-03-14 04:07:53,0,0,1.2491,0,5.48837,0,22.4161,0
2015-03-14 04:12:53,0,0,1.31809,0,4.73203,0,22.4161,0
2015-03-14 04:17:53,1,0,1.14934,0,6.42292,0,22.4161,0
2015-03-14 04:22:53,0,0,1.37565,0,5.53282,0,22.4161,0
2015-03-14 04:27:53,0,0,1.1121,0,4.62859,0,22.4161,0
2015-03-14 04:32:53,0,0,1.36423,0,7.31141,0,22.4161,0
2015-03-14 04:37:53,0,0,1.19783,0,7.71537,0,22.4161,0
2015-03-14 04:42:53,1,0,1.27676,0,6.26258,0,22.4161,0
2015-03-14 04:47:53,0,0,1.23334,0,5.7651,0,22.4161,0
2015-03-14 04:52:53,0,0,1.23063,0,4.38034,0,22.4161,0
2015-03-14 04:57:53,1,0,1.27454,0,6.52758,0,22.4161,0
2015-03-14 05:02:53,0,0,1.18496,0,5.43581,0,22.4161,0
2015-03-14 05:07:53,0,0,1.33027,0,4.42593,0,22.4161,0
2015-03-14 05:12:53,0,0,1.1815,0,7.52382,0,22.4161,0
2015-03-14 05:17:53,0,0,1.27238,0,7.39693,0,22.4161,0
2015-03-14 05:22:53,1,0,1.21496,0,6.62618,0,22.4161,0
2015-03-14 05:27:53,1,0,1.19375,0,4.30422,0,22.4161,0
2015-03-14 05:32:53,0,0,1.31187,0,2.44083,0,22.4161,0
2015-03-14 05:37:53,0,0,1.16109,0,4.34425,0,22.4161,0
2015-03-14 05:42:53,0,0,1.29327,0,7.36607,0,22.4161,0
2015-03-14 05:47:53,0,0,1.19731,0,7.55105,0,22.4161,0
2015-03-14 05:52:53,0,0,1.2537,0,7.26712,0,22.4161,0
2015-03-14 05:57:53,0,0,1.24309,0,7.52814,0,22.4161,0
2015-03-14 06:02:53,1,0,1.20294,0,6.34241,0,22.4161,0
2015-03-14 06:07:53,0,0,1.29624,0,5.45023,0,22.4161,0
2015-03-14 06:12:53,0,0,1.18945,0,4.43138,0,22.4161,0
2015-03-14 06:17:53,0,0,1.32965,0,7.39074,0,22.4161,0
2015-03-14 06:22:53,0,0,1.14693,0,7.59727,0,22.4161,0
2015-03-14 06:27:53,1,0,1.31601,0,6.37458,0,22.4161,0
2015-03-14 06:32:53,0,0,1.15053,0,5.59882,0,22.4161,0
2015-03-14 06:37:53,0,0,1.32007,0,4.22333,0,22.4161,0
2015-03-14 06:42:53,0,0,1.24387,0,7.56914,0,22.4161,0
2015-03-14 06:47:53,0,0,1.25865,0,7.33558,0,22.4161,0
2015-03-14 06:52:53,0,0,1.23822,0,7.7066,0,22.4161,0
2015-03-14 06:57:53,0,0,1.19686,0,7.48714,0,22.4161,0
2015-03-14 07:02:53,0,0,1.28583,0,7.44926,0,22.4161,0
2015-03-14 07:07:53,0,0,1.22522,0,7.39422,0,22.4161,0
2015-03-14 07:12:53,0,0,1.26369,0,7.38746,0,22.4161,0
2015-03-14 07:17:53,0,0,1.23285,0,7.57162,0,22.4161,0
2015-03-14 07:22:53,0,0,1.26822,0,7.43587,0,22.4161,0
2015-03-14 07:27:53,0,0,1.17788,0,7.52498,0,22.4161,0
2015-03-14 07:32:53,0,0,1.27885,0,7.41287,0,22.4161,0
2015-03-14 07:37:53,0,0,1.2356,0,7.43928,0,22.4161,0
2015-03-14 07:42:53,0,0,1.21939,0,7.32693,0,22.4161,0
2015-03-14 07:47:53,0,0,1.2634,0,7.52713,0,22.4161,0
2015-03-14 07:52:53,1,0,1.19243,0,6.40898,0,22.4161,0
2015-03-14 07:57:53,1,0,1.28553,0,4.37741,0,22.4161,0
2015-03-14 08:02:53,0,0,1.23948,0,2.46058,0,22.4161,0
2015-03-14 08:07:53,0,0,1.23028,0,4.38782,0,22.4161,0
2015-03-14 08:12:53,1,0,1.18901,0,6.56582,0,22.4161,0
2015-03-14 08:17:53,0,0,1.22908,0,5.368,0,22.4161,0
2015-03-14 08:22:53,0,0,1.26603,0,4.29793,0,22.4161,0
2015-03-14 08:27:53,0,0,1.18833,0,7.29122,0,22.4161,0
2015-03-14 08:32:53,0,0,1.27987,0,7.40764,0,22.4161,0
2015-03-14 08:37:53,0,0,1.23029,0,7.45462,0,22.4161,0
2015-03-14 08:42:53,2,0,1.28054,0,6.89445,0,22.4161,0
2015-03-14 08:47:53,0,0,1.10342,0,6.65957,0,22.4161,0
2015-03-14 08:52:53,0,0,1.39533,0,5.97362,0,22.4161,0
2015-03-14 08:57:53,1,0,1.04982,0,6.44379,0,22.4161,0
2015-03-14 09:02:53,2,0,1.41213,0,5.05109,0,22.4161,0
2015-03-14 09:07:53,1,0,1.1601,0,2.73943,0,22.4161,0
2015-03-14 09:12:53,0,0,1.27835,0,3.44319,0,22.4161,0
2015-03-14 09:17:53,0,0,1.23564,0,4.83492,0,22.4161,0
2015-03-14 09:22:53,0,0,1.25619,0,7.27263,0,22.4161,0
2015-03-14 09:27:53,0,0,1.31201,0,7.56251,0,22.4161,0
2015-03-14 09:32:53,2,0,1.21641,0,6.90728,0,22.4161,0
2015-03-14 09:37:53,0,0,1.19456,0,6.36095,0,22.4161,0
2015-03-14 09:42:53,0,0,1.31847,0,5.69135,0,22.4161,0
2015-03-14 09:47:53,0,0,1.19421,0,7.35681,0,22.4161,0
2015-03-14 09:52:53,0,0,1.35947,0,7.41481,0,22.4161,0
2015-03-14 09:57:53,2,0,1.17241,0,6.98435,0,22.4161,0
2015-03-14 10:02:53,1,0,1.27336,0,5.03611,0,22.4161,0
2015-03-14 10:07:53,1,0,1.20955,0,2.53978,0,22.4161,0
2015-03-14 10:12:53,1,0,1.28606,0,1.2735,0,22.4161,0
2015-03-14 10:17:53,0,0,1.30652,0,2.52523,0,22.4161,0
2015-03-14 10:22:53,0,0,1.2974,0,4.50729,0,22.4161,0
2015-03-14 10:27:53,0,0,1.26033,0,7.76861,0,22.4161,0
2015-03-14 10:32:53,0,0,1.19916,0,7.7747,0,22.4161,0
2015-03-14 10:37:53,0,0,1.29915,0,7.61204,0,22.4161,0
2015-03-14 10:42:53,0,0,1.20421,0,7.47848,0,22.4161,0
2015-03-14 10:47:53,0,0,1.3051,0,7.4,0,22.4161,0
2015-03-14 10:52:53,0,0,1.24325,0,7.61097,0,22.4161,0
2015-03-14 10:57:53,0,0,1.24155,0,7.46607,0,22.4161,0
2015-03-14 11:02:53,0,0,1.22121,0,7.64334,0,22.4161,0
2015-03-14 11:07:53,0,0,1.26536,0,7.43403,0,22.4161,0
2015-03-14 11:12:53,0,0,1.21389,0,7.43241,0,22.4161,0
2015-03-14 11:17:53,0,0,1.3229,0,7.40824,0,22.4161,0
2015-03-14 11:22:53,0,0,1.17257,0,7.54678,0,22.4161,0
2015-03-14 11:27:53,1,0,1.32808,0,6.46005,0,22.4161,0
2015-03-14 11:32:53,1,0,1.18562,0,4.64191,0,22.4161,0
2015-03-14 11:37:53,0,0,1.28814,0,2.35949,0,22.4161,0
2015-03-14 11:42:53,0,0,1.17506,0,4.64362,0,22.4161,0
2015-03-14 11:47:53,0,0,1.27463,0,7.3082,0,22.4161,0
2015-03-14 11:52:53,0,0,1.15249,0,7.48918,0,22.4161,0
2015-03-14 11:57:53,0,0,1.30027,0,7.22693,0,22.4161,0
2015-03-14 12:02:53,0,0,1.13175,0,7.42914,0,22.4161,0
2015-03-14 12:07:53,0,0,1.28691,0,7.18976,0,22.4161,0
2015-03-14 12:12:53,0,0,1.19531,0,7.45121,0,22.4161,0
2015-03-14 12:17:53,0,0,1.24404,0,7.16437,0,22.4161,0
2015-03-14 12:22:53,0,0,1.21797,0,7.49539,0,22.4161,0
2015-03-14 12:27:53,0,0,1.20406,0,7.29198,0,22.4161,0
2015-03-14 12:32:53,0,0,1.2239,0,7.37212,0,22.4161,0
2015-03-14 12:37:53,0,0,1.28595,0,7.28593,0,22.4161,0
2015-03-14 12:42:53,0,0,1.19235,0,7.34592,0,22.4161,0
2015-03-14 12:47:53,0,0,1.31597,0,7.43594,0,22.4161,0
2015-03-14 12:52:53,0,0,1.12312,0,7.55852,0,22.4161,0
2015-03-14 12:57:53,1,0,1.26065,0,6.33212,0,22.4161,0
2015-03-14 13:02:53,2,0,1.22693,0,4.93352,0,22.4161,0
2015-03-14 13:07:53,0,0,1.2317,0,3.075,0,22.4161,0
2015-03-14 13:12:53,0,0,1.25432,0,5.90362,0,22.4161,0
2015-03-14 13:17:53,0,0,1.17116,0,7.39851,0,22.4161,0
2015-03-14 13:22:53,0,0,1.28344,0,7.3749,0,22.4161,0
2015-03-14 13:27:53,0,0,1.18469,0,7.38871,0,22.4161,0
2015-03-14 13:32:53,2,0,1.27869,0,6.89565,0,22.4161,0
2015-03-14 13:37:53,0,0,1.15829,0,6.75961,0,22.4161,0
2015-03-14 13:42:53,0,0,1.35152,0,6.16159,0,22.4161,0
2015-03-14 13:47:53,0,0,1.12171,0,7.50416,0,22.4161,0
2015-03-14 13:52:53,0,0,1.38208,0,7.29962,0,22.4161,0
2015-03-14 13:57:53,0,0,1.17788,0,7.68008,0,22.4161,0
2015-03-14 14:02:53,0,0,1.26271,0,7.30718,0,22.4161,0
2015-03-14 14:07:53,0,0,1.22083,0,7.76471,0,22.4161,0
2015-03-14 14:12:53,0,0,1.24065,0,7.27989,0,22.4161,0
2015-03-14 14:17:53,0,0,1.30184,0,7.47044,0,22.4161,0
2015-03-14 14:22:53,0,0,1.23246,0,7.44562,0,22.4161,0
2015-03-14 14:27:53,0,0,1.24249,0,7.55808,0,22.4161,0
2015-03-14 14:32:53,0,0,1.25491,0,7.61292,0,22.4161,0
2015-03-14 14:37:53,3,0,1.20881,0,7.92745,0,22.4161,0
2015-03-14 14:42:53,0,0,1.20588,0,8.42645,0,22.4161,0
2015-03-14 14:47:53,0,0,1.32436,0,8.85877,0,22.4161,0
2015-03-14 14:52:53,0,0,1.15417,0,7.36254,0,22.4161,0
2015-03-14 14:57:53,0,0,1.32888,0,7.42052,0,22.4161,0
2015-03-14 15:02:53,0,0,1.17708,0,7.61031,0,22.4161,0
2015-03-14 15:07:53,0,0,1.27778,0,7.29736,0,22.4161,0
2015-03-14 15:12:53,1,0,1.15836,0,6.6186,0,22.4161,0
2015-03-14 15:17:53,0,0,1.27508,0,5.24517,0,22.4161,0
2015-03-14 15:22:53,1,0,1.22353,0,3.42515,0,22.4161,0
2015-03-14 15:27:53,0,0,1.24864,0,5.24878,0,22.4161,0
2015-03-14 15:32:53,0,0,1.28189,0,4.52094,0,22.4161,0
2015-03-14 15:37:53,0,0,1.16052,0,7.44975,0,22.4161,0
2015-03-14 15:42:53,1,0,1.2261,0,6.47022,0,22.4161,0
2015-03-14 15:47:53,0,0,1.21528,0,5.3928,0,22.4161,0
2015-03-14 15:52:53,0,0,1.26528,0,4.14903,0,22.4161,0
2015-03-14 15:57:53,0,0,1.26771,0,7.37412,0,22.4161,0
2015-03-14 16:02:53,0,0,1.21168,0,7.44409,0,22.4161,0
2015-03-14 16:07:53,0,0,1.30549,0,7.54293,0,22.4161,0
2015-03-14 16:12:53,0,0,1.15958,0,7.53198,0,22.4161,0
2015-03-14 16:17:53,0,0,1.25164,0,7.40561,0,22.4161,0
2015-03-14 16:22:53,0,0,1.19819,0,7.48729,0,22.4161,0
2015-03-14 16:27:53,1,0,1.21333,0,6.18022,0,22.4161,0
2015-03-14 16:32:53,0,0,1.26164,0,5.36464,0,22.4161,0
2015-03-14 16:37:53,2,0,1.26225,0,3.75959,0,22.4161,0
2015-03-14 16:42:53,0,0,1.15773,0,6.37895,0,22.4161,0
2015-03-14 16:47:53,0,0,1.32446,0,5.89731,0,22.4161,0
2015-03-14 16:52:53,0,0,1.13718,0,7.42669,0,22.4161,0
2015-03-14 16:57:53,0,0,1.30597,0,7.25931,0,22.4161,0
2015-03-14 17:02:53,0,0,1.21183,0,7.55372,0,22.4161,0
2015-03-14 17:07:53,0,0,1.26789,0,7.23531,0,22.4161,0
2015-03-14 17:12:53,0,0,1.18254,0,7.60947,0,22.4161,0
2015-03-14 17:17:53,2,0,1.29966,0,6.98874,0,22.4161,0
2015-03-14 17:22:53,2,0,1.13845,0,6.13892,0,22.4161,0
2015-03-14 17:27:53,0,0,1.30417,0,4.99149,0,22.4161,0
2015-03-14 17:32:53,0,0,1.16182,0,5.68208,0,22.4161,0
2015-03-14 17:37:53,0,0,1.28267,0,7.18551,0,22.4161,0
2015-03-14 17:42:53,1,0,1.22104,0,6.51881,0,22.4161,0
2015-03-14 17:47:53,1,0,1.22401,0,4.27184,0,22.4161,0
2015-03-14 17:52:53,0,0,1.27848,0,2.5141,0,22.4161,0
2015-03-14 17:57:53,0,0,1.22364,0,4.38963,0,22.4161,0
2015-03-14 18:02:53,0,0,1.27594,0,7.45262,0,22.4161,0
2015-03-14 18:07:53,1,0,1.21673,0,6.55865,0,22.4161,0
2015-03-14 18:12:53,0,0,1.27186,0,5.43954,0,22.4161,0
2015-03-14 18:17:53,0,0,1.20081,0,4.53316,0,22.4161,0
2015-03-14 18:22:53,1,0,1.23326,0,6.39472,0,22.4161,0
2015-03-14 18:27:53,0,0,1.23058,0,5.45044,0,22.4161,0
2015-03-14 18:32:53,0,0,1.30363,0,4.29951,0,22.4161,0
2015-03-14 18:37:53,0,0,1.23998,0,7.46457,0,22.4161,0
2015-03-14 18:42:53,0,0,1.26433,0,7.53899,0,22.4161,0
2015-03-14 18:47:53,2,0,1.20223,0,7.12652,0,22.4161,0
2015-03-14 18:52:53,0,0,1.22611,0,6.39349,0,22.4161,0
2015-03-14 18:57:53,0,0,1.33929,0,5.83757,0,22.4161,0
2015-03-14 19:02:53,0,0,1.1865,0,7.3982,0,22.4161,0
2015-03-14 19:07:53,2,0,1.3142,0,7.17042,0,22.4161,0
2015-03-14 19:12:53,0,0,1.14637,0,6.95906,0,22.4161,0
2015-03-14 19:17:53,0,0,1.3681,0,6.21527,0,22.4161,0
2015-03-14 19:22:53,0,0,1.07007,0,7.60342,0,22.4161,0
2015-03-14 19:27:53,0,0,1.39444,0,7.24536,0,22.4161,0
2015-03-14 19:32:53,0,0,1.144,0,7.63886,0,22.4161,0
2015-03-14 19:37:53,0,0,1.27958,0,7.14307,0,22.4161,0
2015-03-14 19:42:53,0,0,1.27547,0,7.75088,0,22.4161,0
2015-03-14 19:47:53,1,0,1.17744,0,6.26662,0,22.4161,0
2015-03-14 19:52:53,0,0,1.30093,0,5.5671,0,22.4161,0
2015-03-14 19:57:53,0,0,1.19583,0,4.48221,0,22.4161,0
2015-03-14 20:02:53,0,0,1.29168,0,7.33,0,22.4161,0
2015-03-14 20:07:53,0,0,1.17313,0,7.58613,0,22.4161,0
2015-03-14 20:12:53,0,0,1.2809,0,7.34398,0,22.4161,0
2015-03-14 20:17:53,0,0,1.19702,0,7.5022,0,22.4161,0
2015-03-14 20:22:53,0,0,1.30427,0,7.2782,0,22.4161,0
2015-03-14 20:27:53,0,0,1.20919,0,7.54102,0,22.4161,0
2015-03-14 20:32:53,0,0,1.23099,0,7.4088,0,22.4161,0
2015-03-14 20:37:53,0,0,1.23451,0,7.5622,0,22.4161,0
2015-03-14 20:42:53,1,0,1.21186,0,6.32407,0,22.4161,0
2015-03-14 20:47:53,1,0,1.22014,0,4.37386,0,22.4161,0
2015-03-14 20:52:53,1,0,1.20137,0,1.34739,0,22.4161,0
2015-03-14 20:57:53,0,0,1.2535,0,2.27723,0,22.4161,0
2015-03-14 21:02:53,0,0,1.27288,0,4.31667,0,22.4161,0
2015-03-14 21:07:53,0,0,1.16437,0,7.38401,0,22.4161,0
2015-03-14 21:12:53,0,0,1.31265,0,7.47065,0,22.4161,0
2015-03-14 21:17:53,0,0,1.13884,0,7.46003,0,22.4161,0
2015-03-14 21:22:53,0,0,1.35527,0,7.25724,0,22.4161,0
2015-03-14 21:27:53,0,0,1.15284,0,7.57089,0,22.4161,0
2015-03-14 21:32:53,0,0,1.27456,0,7.27991,0,22.4161,0
2015-03-14 21:37:53,0,0,1.20935,0,7.64606,0,22.4161,0
2015-03-14 21:42:53,1,0,1.27584,0,6.21699,0,22.4161,0
2015-03-14 21:47:53,0,0,1.18253,0,5.51821,0,22.4161,0
2015-03-14 21:52:53,0,0,1.27833,0,4.36224,0,22.4161,0
2015-03-14 21:57:53,0,0,1.1501,0,7.4709,0,22.4161,0
2015-03-14 22:02:53,0,0,1.33524,0,7.25435,0,22.4161,0
2015-03-14 22:07:53,0,0,1.18045,0,7.47042,0,22.4161,0
2015-03-14 22:12:53,0,0,1.34792,0,7.30121,0,22.4161,0
2015-03-14 22:17:53,0,0,1.11163,0,7.71452,0,22.4161,0
2015-03-14 22:22:53,1,0,1.39138,0,6.34881,0,22.4161,0
2015-03-14 22:27:53,0,0,1.09102,0,5.6584,0,22.4161,0
2015-03-14 22:32:53,0,0,1.36455,0,4.20868,0,22.4161,0
2015-03-14 22:37:53,0,0,1.08169,0,7.72073,0,22.4161,0
2015-03-14 22:42:53,0,0,1.36937,0,7.08384,0,22.4161,0
2015-03-14 22:47:53,0,0,1.1398,0,7.62641,0,22.4161,0
2015-03-14 22:52:53,2,0,1.32562,0,6.844,0,22.4161,0
2015-03-14 22:57:53,0,0,1.10873,0,7.15412,0,22.4161,0
2015-03-14 23:02:53,1,0,1.36161,0,6.70191,0,22.4161,0
2015-03-14 23:07:53,0,0,1.13851,0,5.55594,0,22.4161,0
2015-03-14 23:12:53,0,0,1.38207,0,4.18792,0,22.4161,0
2015-03-14 23:17:53,0,0,1.13207,0,7.74393,0,22.4161,0
2015-03-14 23:22:53,0,0,1.29983,0,7.31176,0,22.4161,0
2015-03-14 23:27:53,0,0,1.16416,0,7.7102,0,22.4161,0
2015-03-14 23:32:53,0,0,1.2821,0,7.16004,0,22.4161,0
2015-03-14 23:37:53,0,0,1.21087,0,7.50992,0,22.4161,0
2015-03-14 23:42:53,0,0,1.26949,0,7.26754,0,22.4161,0
2015-03-14 23:47:53,0,0,1.23383,0,7.53754,0,22.4161,0
2015-03-14 23:52:53,0,0,1.19292,0,7.40542,0,22.4161,0
2015-03-14 23:57:53,0,0,1.2868,0,7.46905,0,22.4161,0
2015-03-15 00:02:53,0,0,1.15262,0,7.37412,0,22.4161,0
2015-03-15 00:07:53,1,0,1.33403,0,6.30498,0,22.4161,0
2015-03-15 00:12:53,0,0,1.16242,0,5.49968,0,22.4161,0
2015-03-15 00:17:53,0,0,1.33447,0,4.28836,0,22.4161,0
2015-03-15 00:22:53,0,0,1.1879,0,7.66142,0,22.4161,0
2015-03-15 00:27:53,0,0,1.28404,0,7.34411,0,22.4161,0
2015-03-15 00:32:53,0,0,1.19517,0,7.66327,0,22.4161,0
2015-03-15 00:37:53,0,0,1.25881,0,7.32696,0,22.4161,0
2015-03-15 00:42:53,0,0,1.15684,0,7.50127,0,22.4161,0
2015-03-15 00:47:53,0,0,1.35888,0,7.25997,0,22.4161,0
2015-03-15 00:52:53,1,0,1.11538,0,6.44899,0,22.4161,0
2015-03-15 00:57:53,0,0,1.30369,0,5.30367,0,22.4161,0
2015-03-15 01:02:53,0,0,1.16654,0,4.61109,0,22.4161,0
2015-03-15 01:07:53,0,0,1.24507,0,7.12006,0,22.4161,0
2015-03-15 01:12:53,0,0,1.1806,0,7.48922,0,22.4161,0
2015-03-15 01:17:53,0,0,1.32853,0,7.17036,0,22.4161,0
2015-03-15 01:22:53,0,0,1.1316,0,7.42492,0,22.4161,0
2015-03-15 01:27:53,0,0,1.37013,0,7.33045,0,22.4161,0
2015-03-15 01:32:53,0,0,1.11111,0,7.61892,0,22.4161,0
2015-03-15 01:37:53,0,0,1.32405,0,7.24616,0,22.4161,0
2015-03-15 01:42:53,0,0,1.17949,0,7.65664,0,22.4161,0
2015-03-15 01:47:53,0,0,1.23198,0,7.1609,0,22.4161,0
2015-03-15 01:52:53,0,0,1.16885,0,7.5631,0,22.4161,0
2015-03-15 01:57:53,0,0,1.24937,0,7.17128,0,22.4161,0
2015-03-15 02:02:53,0,0,1.19548,0,7.28302,0,22.4161,0
2015-03-15 02:07:53,0,0,1.29675,0,7.20076,0,22.4161,0
2015-03-15 02:12:53,0,0,1.14266,0,7.43582,0,22.4161,0
2015-03-15 02:17:53,0,0,1.27913,0,7.32259,0,22.4161,0
2015-03-15 02:22:53,0,0,1.14865,0,7.45469,0,22.4161,0
2015-03-15 02:27:53,0,0,1.30979,0,7.13489,0,22.4161,0
2015-03-15 02:32:53,0,0,1.1535,0,7.44448,0,22.4161,0
2015-03-15 02:37:53,1,0,1.29523,0,6.21901,0,22.4161,0
2015-03-15 02:42:53,0,0,1.13764,0,5.53159,0,22.4161,0
2015-03-15 02:47:53,0,0,1.35664,0,4.1886,0,22.4161,0
2015-03-15 02:52:53,0,0,1.08324,0,7.51761,0,22.4161,0
2015-03-15 02:57:53,0,0,1.35995,0,7.20943,0,22.4161,0
2015-03-15 03:02:53,0,0,1.09185,0,7.59634,0,22.4161,0
2015-03-15 03:07:53,0,0,1.27628,0,7.06147,0,22.4161,0
2015-03-15 03:12:53,0,0,1.21312,0,7.53981,0,22.4161,0
2015-03-15 03:17:53,0,0,1.22054,0,7.04122,0,22.4161,0
2015-03-15 03:22:53,0,0,1.28928,0,7.47561,0,22.4161,0
2015-03-15 03:27:53,0,0,1.16906,0,7.36972,0,22.4161,0
2015-03-15 03:32:53,0,0,1.27129,0,7.40924,0,22.4161,0
2015-03-15 03:37:53,0,0,1.11976,0,7.47727,0,22.4161,0
2015-03-15 03:42:53,0,0,1.31181,0,7.16953,0,22.4161,0
2015-03-15 03:47:53,0,0,1.15904,0,7.36522,0,22.4161,0
2015-03-15 03:52:53,0,0,1.2973,0,7.14194,0,22.4161,0
2015-03-15 03:57:53,0,0,1.23005,0,7.55081,0,22.4161,0
2015-03-15 04:02:53,0,0,1.17076,0,7.30175,0,22.4161,0
2015-03-15 04:07:53,0,0,1.33059,0,7.52276,0,22.4161,0
2015-03-15 04:12:53,0,0,1.11819,0,7.36226,0,22.4161,0
2015-03-15 04:17:53,0,0,1.30295,0,7.29164,0,22.4161,0
2015-03-15 04:22:53,0,0,1.08228,0,7.53109,0,22.4161,0
2015-03-15 04:27:53,1,0,1.35756,0,6.04274,0,22.4161,0
2015-03-15 04:32:53,0,0,1.09993,0,5.43097,0,22.4161,0
2015-03-15 04:37:53,0,0,1.36715,0,4.06187,0,22.4161,0
2015-03-15 04:42:53,2,0,1.08026,0,6.90539,0,22.4161,0
2015-03-15 04:47:53,0,0,1.21882,0,5.64574,0,22.4161,0
2015-03-15 04:52:53,1,0,1.33932,0,4.2779,0,22.4161,0
2015-03-15 04:57:53,0,0,1.04342,0,5.01774,0,22.4161,0
2015-03-15 05:02:53,0,0,1.44547,0,4.37853,0,22.4161,0
2015-03-15 05:07:53,0,0,1.03309,0,7.55027,0,22.4161,0
2015-03-15 05:12:53,0,0,1.43642,0,7.0543,0,22.4161,0
2015-03-15 05:17:53,0,0,1.05611,0,7.83903,0,22.4161,0
2015-03-15 05:22:53,0,0,1.34169,0,7.02823,0,22.4161,0
2015-03-15 05:27:53,0,0,1.16249,0,7.76318,0,22.4161,0
2015-03-15 05:32:53,0,0,1.24691,0,7.0142,0,22.4161,0
2015-03-15 05:37:53,0,0,1.27786,0,7.59698,0,22.4161,0
2015-03-15 05:42:53,0,0,1.19082,0,7.25916,0,22.4161,0
2015-03-15 05:47:53,0,0,1.27868,0,7.48728,0,22.4161,0
2015-03-15 05:52:53,0,0,1.21259,0,7.4939,0,22.4161,0
2015-03-15 05:57:53,0,0,1.25152,0,7.34241,0,22.4161,0
2015-03-15 06:02:53,0,0,1.33576,0,7.51273,0,22.4161,0
2015-03-15 06:07:53,0,0,1.12384,0,7.47655,0,22.4161,0
2015-03-15 06:12:53,0,0,1.39787,0,7.54991,0,22.4161,0
2015-03-15 06:17:53,0,0,1.08556,0,7.65284,0,22.4161,0
2015-03-15 06:22:53,0,0,1.37385,0,7.25282,0,22.4161,0
2015-03-15 06:27:53,0,0,1.10492,0,7.7386,0,22.4161,0
2015-03-15 06:32:53,0,0,1.28151,0,7.10931,0,22.4161,0
2015-03-15 06:37:53,0,0,1.20792,0,7.61291,0,22.4161,0
2015-03-15 06:42:53,0,0,1.20883,0,7.08569,0,22.4161,0
2015-03-15 06:47:53,0,0,1.23506,0,7.4692,0,22.4161,0
2015-03-15 06:52:53,0,0,1.15358,0,7.27649,0,22.4161,0
2015-03-15 06:57:53,0,0,1.32801,0,7.25019,0,22.4161,0
2015-03-15 07:02:53,0,0,1.08187,0,7.34035,0,22.4161,0
2015-03-15 07:07:53,1,0,1.38191,0,6.19863,0,22.4161,0
2015-03-15 07:12:53,0,0,1.02751,0,5.52968,0,22.4161,0
2015-03-15 07:17:53,0,0,1.42249,0,4.03693,0,22.4161,0
2015-03-15 07:22:53,0,0,1.03786,0,7.62324,0,22.4161,0
2015-03-15 07:27:53,0,0,1.31914,0,6.96536,0,22.4161,0
2015-03-15 07:32:53,0,0,1.17776,0,7.66231,0,22.4161,0
2015-03-15 07:37:53,0,0,1.14638,0,6.92961,0,22.4161,0
2015-03-15 07:42:53,0,0,1.25142,0,7.4593,0,22.4161,0
2015-03-15 07:47:53,0,0,1.18464,0,7.07744,0,22.4161,0
2015-03-15 07:52:53,0,0,1.21235,0,7.1266,0,22.4161,0
2015-03-15 07:57:53,0,0,1.24315,0,7.33588,0,22.4161,0
2015-03-15 08:02:53,0,0,1.15795,0,7.22176,0,22.4161,0
2015-03-15 08:07:53,0,0,1.25685,0,7.28129,0,22.4161,0
2015-03-15 08:12:53,0,0,1.11791,0,7.3022,0,22.4161,0
2015-03-15 08:17:53,0,0,1.34779,0,7.10547,0,22.4161,0
2015-03-15 08:22:53,0,0,1.10142,0,7.35415,0,22.4161,0
2015-03-15 08:27:53,0,0,1.4101,0,7.15074,0,22.4161,0
2015-03-15 08:32:53,0,0,1.05234,0,7.6563,0,22.4161,0
2015-03-15 08:37:53,0,0,1.36198,0,7.1768,0,22.4161,0
2015-03-15 08:42:53,0,0,1.12434,0,7.69695,0,22.4161,0
2015-03-15 08:47:53,0,0,1.32193,0,7.00533,0,22.4161,0
2015-03-15 08:52:53,0,0,1.16237,0,7.65656,0,22.4161,0
2015-03-15 08:57:53,0,0,1.1985,0,7.17926,0,22.4161,0
2015-03-15 09:02:53,0,0,1.30267,0,7.48905,0,22.4161,0
2015-03-15 09:07:53,0,0,1.11863,0,7.18679,0,22.4161,0
2015-03-15 09:12:53,0,0,1.32923,0,7.31948,0,22.4161,0
2015-03-15 09:17:53,0,0,1.1398,0,7.4745,0,22.4161,0
2015-03-15 09:22:53,0,0,1.28164,0,7.15413,0,22.4161,0
2015-03-15 09:27:53,0,0,1.16127,0,7.54893,0,22.4161,0
2015-03-15 09:32:53,0,0,1.29209,0,7.14395,0,22.4161,0
2015-03-15 09:37:53,0,0,1.17728,0,7.45956,0,22.4161,0
2015-03-15 09:42:53,0,0,1.26798,0,7.24527,0,22.4161,0
2015-03-15 09:47:53,0,0,1.17957,0,7.4988,0,22.4161,0
2015-03-15 09:52:53,0,0,1.18445,0,7.24737,0,22.4161,0
2015-03-15 09:57:53,0,0,1.23898,0,7.34754,0,22.4161,0
2015-03-15 10:02:53,0,0,1.12301,0,7.14659,0,22.4161,0
2015-03-15 10:07:53,0,0,1.2447,0,7.15433,0,22.4161,0
2015-03-15 10:12:53,0,0,1.22824,0,7.20767,0,22.4161,0
2015-03-15 10:17:53,0,0,1.12511,0,7.08667,0,22.4161,0
2015-03-15 10:22:53,0,0,1.30291,0,7.31569,0,22.4161,0
2015-03-15 10:27:53,0,0,1.07142,0,7.23786,0,22.4161,0
2015-03-15 10:32:53,0,0,1.32214,0,7.05258,0,22.4161,0
2015-03-15 10:37:53,0,0,1.06171,0,7.37371,0,22.4161,0
2015-03-15 10:42:53,0,0,1.37,0,6.92024,0,22.4161,0
2015-03-15 10:47:53,0,0,1.07523,0,7.45984,0,22.4161,0
2015-03-15 10:52:53,0,0,1.33621,0,7.00036,0,22.4161,0
2015-03-15 10:57:53,0,0,1.09492,0,7.59667,0,22.4161,0
2015-03-15 11:02:53,0,0,1.2876,0,6.99303,0,22.4161,0
2015-03-15 11:07:53,0,0,1.19628,0,7.48607,0,22.4161,0
2015-03-15 11:12:53,0,0,1.23005,0,7.05625,0,22.4161,0
2015-03-15 11:17:53,0,0,1.19286,0,7.48541,0,22.4161,0
2015-03-15 11:22:53,0,0,1.15684,0,7.24179,0,22.4161,0
2015-03-15 11:27:53,0,0,1.31324,0,7.2327,0,22.4161,0
2015-03-15 11:32:53,0,0,1.14252,0,7.20548,0,22.4161,0
2015-03-15 11:37:53,1,0,1.26469,0,6.23951,0,22.4161,0
2015-03-15 11:42:53,0,0,1.12726,0,5.48944,0,22.4161,0
2015-03-15 11:47:53,0,0,1.34266,0,4.0842,0,22.4161,0
2015-03-15 11:52:53,0,0,1.07052,0,7.39124,0,22.4161,0
2015-03-15 11:57:53,0,0,1.38034,0,7.13762,0,22.4161,0
2015-03-15 12:02:53,0,0,1.11481,0,7.54935,0,22.4161,0
2015-03-15 12:07:53,0,0,1.28219,0,7.08704,0,22.4161,0
2015-03-15 12:12:53,0,0,1.10724,0,7.65284,0,22.4161,0
2015-03-15 12:17:53,0,0,1.3115,0,7.01606,0,22.4161,0
2015-03-15 12:22:53,0,0,1.21822,0,7.37254,0,22.4161,0
2015-03-15 12:27:53,0,0,1.22079,0,7.16293,0,22.4161,0
2015-03-15 12:32:53,0,0,1.25291,0,7.59173,0,22.4161,0
2015-03-15 12:37:53,0,0,1.13047,0,7.34915,0,22.4161,0
2015-03-15 12:42:53,0,0,1.2544,0,7.29863,0,22.4161,0
2015-03-15 12:47:53,1,0,1.23732,0,6.27405,0,22.4161,0
2015-03-15 12:52:53,0,0,1.16814,0,5.13752,0,22.4161,0
2015-03-15 12:57:53,0,0,1.42385,0,4.40597,0,22.4161,0
2015-03-15 13:02:53,0,0,0.999482,0,7.47207,0,22.4161,0
2015-03-15 13:07:53,0,0,1.45133,0,7.35159,0,22.4161,0
2015-03-15 13:12:53,0,0,1.07388,0,7.72185,0,22.4161,0
2015-03-15 13:17:53,0,0,1.31708,0,6.97498,0,22.4161,0
2015-03-15 13:22:53,1,0,1.11896,0,10.8142,0,22.4161,0
2015-03-15 13:27:53,0,0,1.20796,0,4.97474,0,22.4161,0
2015-03-15 13:32:53,0,0,1.36376,0,4.39711,0,22.4161,0
2015-03-15 13:37:53,0,0,1.06079,0,7.13655,0,22.4161,0
2015-03-15 13:42:53,0,0,1.41012,0,7.41219,0,22.4161,0
2015-03-15 13:47:53,0,0,1.02669,0,7.623,0,22.4161,0
2015-03-15 13:52:53,0,0,1.36105,0,7.02931,0,22.4161,0
2015-03-15 13:57:53,0,0,1.08899,0,7.64479,0,22.4161,0
2015-03-15 14:02:53,0,0,1.38582,0,6.89116,0,22.4161,0
2015-03-15 14:07:53,0,0,1.219,0,7.64697,0,22.4161,0
2015-03-15 14:12:53,0,0,1.2277,0,7.25763,0,22.4161,0
2015-03-15 14:17:53,0,0,1.27751,0,7.82319,0,22.4161,0
2015-03-15 14:22:53,0,0,1.11425,0,7.38993,0,22.4161,0
2015-03-15 14:27:53,0,0,1.29031,0,7.35238,0,22.4161,0
2015-03-15 14:32:53,0,0,1.16414,0,7.35135,0,22.4161,0
2015-03-15 14:37:53,0,0,1.24426,0,7.08752,0,22.4161,0
2015-03-15 14:42:53,0,0,1.32678,0,7.44346,0,22.4161,0
2015-03-15 14:47:53,0,0,1.07304,0,7.30773,0,22.4161,0
2015-03-15 14:52:53,0,0,1.38032,0,7.45938,0,22.4161,0
2015-03-15 14:57:53,0,0,1.04754,0,7.50676,0,22.4161,0
2015-03-15 15:02:53,0,0,1.37858,0,7.02731,0,22.4161,0
2015-03-15 15:07:53,0,0,1.02937,0,7.61463,0,22.4161,0
2015-03-15 15:12:53,0,0,1.39034,0,6.92915,0,22.4161,0
2015-03-15 15:17:53,0,0,1.10672,0,7.58482,0,22.4161,0
2015-03-15 15:22:53,0,0,1.3082,0,6.9755,0,22.4161,0
2015-03-15 15:27:53,0,0,1.16045,0,7.69266,0,22.4161,0
2015-03-15 15:32:53,0,1,1.17459,0,7.097,0,22.4161,0
2015-03-15 15:37:53,0,1,1.29212,0,7.42008,0,22.4161,0
2015-03-15 15:42:53,0,1,1.09358,0,7.12264,0,22.4161,0
2015-03-15 15:47:53,0,1,1.31936,0,7.20159,0,22.4161,0
2015-03-15 15:52:53,0,1,1.12912,0,7.38287,0,22.4161,0
2015-03-15 15:57:53,0,1,1.28634,0,7.04858,0,22.4161,0
2015-03-15 16:02:53,0,1,1.19933,0,7.50266,0,22.4161,0
2015-03-15 16:07:53,0,1,1.14097,0,7.15938,0,22.4161,0
2015-03-15 16:12:53,0,1,1.28326,0,7.39864,0,22.4161,0
2015-03-15 16:17:53,0,1,1.07816,0,7.16319,0,22.4161,0
2015-03-15 16:22:53,0,1,1.33394,0,7.06759,0,22.4161,0
2015-03-15 16:27:53,0,1,1.15777,0,7.34004,0,22.4161,0
2015-03-15 16:32:53,0,1,1.24483,0,7.06013,0,22.4161,0
2015-03-15 16:37:53,0,1,1.20651,0,7.56219,0,22.4161,0
2015-03-15 16:42:53,1,1,1.17036,0,6.16946,0,22.4161,0
2015-03-15 16:47:53,0,1,1.21757,0,5.31787,0,22.4161,0
2015-03-15 16:52:53,0,1,1.25087,0,4.17783,0,22.4161,0
2015-03-15 16:57:53,0,1,1.17808,0,7.19711,0,22.4161,0
2015-03-15 17:02:53,0,1,1.23535,0,7.33254,0,22.4161,0
2015-03-15 17:07:53,1,1,1.26449,0,6.34414,0,22.4161,0
2015-03-15 17:12:53,0,1,1.12507,0,5.26944,0,22.4161,0
2015-03-15 17:17:53,2,1,1.32728,0,4.10996,0,22.4161,0
2015-03-15 17:22:53,0,1,1.09886,0,7.10587,0,22.4161,0
2015-03-15 17:27:53,0,1,1.43659,0,6.37821,0,22.4161,0
2015-03-15 17:32:53,0,1,1.02028,0,7.61615,0,22.4161,0
2015-03-15 17:37:53,0,1,1.40875,0,7.19005,0,22.4161,0
2015-03-15 17:42:53,0,1,1.09058,0,7.75909,0,22.4161,0
2015-03-15 17:47:53,0,1,1.31409,0,6.96892,0,22.4161,0
2015-03-15 17:52:53,0,1,1.17423,0,7.72148,0,22.4161,0
2015-03-15 17:57:53,0,1,1.30115,0,7.07413,0,22.4161,0
2015-03-15 18:02:53,0,1,1.28116,0,7.59187,0,22.4161,0
2015-03-15 18:07:53,0,1,1.16355,0,7.40614,0,22.4161,0
2015-03-15 18:12:53,0,1,1.31735,0,7.62932,0,22.4161,0
2015-03-15 18:17:53,1,1,1.15135,0,6.48791,0,22.4161,0
2015-03-15 18:22:53,0,1,1.24964,0,5.27668,0,22.4161,0
2015-03-15 18:27:53,0,1,1.33969,0,4.50438,0,22.4161,0
2015-03-15 18:32:53,0,1,1.12014,0,7.29302,0,22.4161,0
2015-03-15 18:37:53,0,1,1.45162,0,7.54844,0,22.4161,0
2015-03-15 18:42:53,1,1,1.04618,0,6.71096,0,22.4161,0
2015-03-15 18:47:53,0,1,1.34688,0,5.30982,0,22.4161,0
2015-03-15 18:52:53,0,1,1.16601,0,4.79409,0,22.4161,0
2015-03-15 18:57:53,0,1,1.25442,0,6.99829,0,22.4161,0
2015-03-15 19:02:53,0,1,1.24906,0,7.62707,0,22.4161,0
2015-03-15 19:07:53,1,1,1.19027,0,6.25592,0,22.4161,0
2015-03-15 19:12:53,0,1,1.26075,0,5.45165,0,22.4161,0
2015-03-15 19:17:53,0,1,1.17637,0,4.38848,0,22.4161,0
2015-03-15 19:22:53,0,1,1.26965,0,7.26869,0,22.4161,0
2015-03-15 19:27:53,0,1,1.17405,0,7.40465,0,22.4161,0
2015-03-15 19:32:53,0,1,1.32724,0,7.24245,0,22.4161,0
2015-03-15 19:37:53,0,1,1.13925,0,7.48429,0,22.4161,0
2015-03-15 19:42:53,0,1,1.28288,0,7.31587,0,22.4161,0
2015-03-15 19:47:53,0,1,1.21983,0,7.5431,0,22.4161,0
2015-03-15 19:52:53,0,1,1.241,0,7.20335,0,22.4161,0
2015-03-15 19:57:53,0,1,1.25806,0,7.52932,0,22.4161,0
2015-03-15 20:02:53,0,1,1.157,0,7.39957,0,22.4161,0
2015-03-15 20:07:53,0,1,1.22591,0,7.39613,0,22.4161,0
2015-03-15 20:12:53,0,1,1.19527,0,7.31409,0,22.4161,0
2015-03-15 20:17:53,0,1,1.23867,0,7.11808,0,22.4161,0
2015-03-15 20:22:53,0,1,1.27339,0,7.30695,0,22.4161,0
2015-03-15 20:27:53,0,1,1.15374,0,7.33654,0,22.4161,0
2015-03-15 20:32:53,0,1,1.28359,0,7.41654,0,22.4161,0
2015-03-15 20:37:53,1,1,1.11707,0,6.41125,0,22.4161,0
2015-03-15 20:42:53,0,1,1.32252,0,5.14547,0,22.4161,0
2015-03-15 20:47:53,0,1,1.15641,0,4.40742,0,22.4161,0
2015-03-15 20:52:53,1,1,1.28335,0,6.15266,0,22.4161,0
2015-03-15 20:57:53,0,1,1.14279,0,5.56374,0,22.4161,0
2015-03-15 21:02:53,0,1,1.32804,0,4.17872,0,22.4161,0
2015-03-15 21:07:53,0,1,1.13137,0,7.46367,0,22.4161,0
2015-03-15 21:12:53,0,1,1.29143,0,7.21581,0,22.4161,0
2015-03-15 21:17:53,1,1,1.2004,0,6.5383,0,22.4161,0
2015-03-15 21:22:53,0,1,1.24504,0,5.17736,0,22.4161,0
2015-03-15 21:27:53,0,1,1.19654,0,4.52014,0,22.4161,0
2015-03-15 21:32:53,0,1,1.24338,0,7.28781,0,22.4161,0
2015-03-15 21:37:53,0,1,1.24882,0,7.37159,0,22.4161,0
2015-03-15 21:42:53,1,1,1.22735,0,6.32519,0,22.4161,0
2015-03-15 21:47:53,0,1,1.22209,0,5.45515,0,22.4161,0
2015-03-15 21:52:53,0,1,1.23392,0,4.42326,0,22.4161,0
2015-03-15 21:57:53,0,1,1.23859,0,7.36017,0,22.4161,0
2015-03-15 22:02:53,0,1,1.25222,0,7.37271,0,22.4161,0
2015-03-15 22:07:53,0,1,1.25033,0,7.43116,0,22.4161,0
2015-03-15 22:12:53,0,1,1.27252,0,7.47054,0,22.4161,0
2015-03-15 22:17:53,0,1,1.18029,0,7.52986,0,22.4161,0
2015-03-15 22:22:53,0,1,1.3042,0,7.47632,0,22.4161,0
2015-03-15 22:27:53,0,1,1.20031,0,7.48234,0,22.4161,0
2015-03-15 22:32:53,0,1,1.26313,0,7.34957,0,22.4161,0
2015-03-15 22:37:53,0,1,1.25724,0,7.57635,0,22.4161,0
2015-03-15 22:42:53,0,1,1.20985,0,7.38444,0,22.4161,0
2015-03-15 22:47:53,0,1,1.24699,0,7.51374,0,22.4161,0
2015-03-15 22:52:53,0,1,1.26416,0,7.43843,0,22.4161,0
2015-03-15 22:57:53,0,1,1.16489,0,7.3877,0,22.4161,0
2015-03-15 23:02:53,0,1,1.34819,0,7.43419,0,22.4161,0
2015-03-15 23:07:53,0,1,1.15662,0,7.47045,0,22.4161,0
2015-03-15 23:12:53,0,1,1.30668,0,7.34767,0,22.4161,0
2015-03-15 23:17:53,0,1,1.20423,0,7.66449,0,22.4161,0
2015-03-15 23:22:53,0,1,1.18528,0,7.28745,0,22.4161,0
2015-03-15 23:27:53,0,1,1.26708,0,7.51378,0,22.4161,0
2015-03-15 23:32:53,0,1,1.18296,0,7.25033,0,22.4161,0
2015-03-15 23:37:53,0,1,1.20852,0,7.27298,0,22.4161,0
2015-03-15 23:42:53,1,1,1.27062,0,6.37569,0,22.4161,0
2015-03-15 23:47:53,0,1,1.09395,0,5.23655,0,22.4161,0
2015-03-15 23:52:53,1,1,1.35389,0,3.26077,0,22.4161,0
2015-03-15 23:57:53,1,1,1.09172,0,4.35366,0,22.4161,0
2015-03-16 00:02:53,0,1,1.28048,0,2.08136,0,22.4161,0
2015-03-16 00:07:53,0,1,1.21564,0,4.52558,0,22.4161,0
2015-03-16 00:12:53,0,1,1.19512,0,7.05174,0,22.4161,0
2015-03-16 00:17:53,0,1,1.25716,0,7.46782,0,22.4161,0
2015-03-16 00:22:53,0,1,1.21988,0,7.2943,0,22.4161,0
2015-03-16 00:27:53,1,1,1.19118,0,6.31955,0,22.4161,0
2015-03-16 00:32:53,0,1,1.21798,0,5.40241,0,22.4161,0
2015-03-16 00:37:53,0,1,1.30663,0,4.25997,0,22.4161,0
2015-03-16 00:42:53,0,1,1.14864,0,7.31612,0,22.4161,0
2015-03-16 00:47:53,1,1,1.31413,0,6.41583,0,22.4161,0
2015-03-16 00:52:53,0,1,1.1464,0,5.53128,0,22.4161,0
2015-03-16 00:57:53,0,1,1.34602,0,4.22056,0,22.4161,0
2015-03-16 01:02:53,1,1,1.15247,0,6.5812,0,22.4161,0
2015-03-16 01:07:53,0,1,1.28885,0,5.2837,0,22.4161,0
2015-03-16 01:12:53,0,1,1.32976,0,4.63184,0,22.4161,0
2015-03-16 01:17:53,0,1,1.2085,0,7.36487,0,22.4161,0
2015-03-16 01:22:53,0,1,1.28868,0,7.73458,0,22.4161,0
2015-03-16 01:27:53,0,1,1.23239,0,7.69497,0,22.4161,0
2015-03-16 01:32:53,0,1,1.21727,0,7.43525,0,22.4161,0
2015-03-16 01:37:53,0,1,1.29674,0,7.54808,0,22.4161,0
2015-03-16 01:42:53,0,1,1.22442,0,7.42845,0,22.4161,0
2015-03-16 01:47:53,0,1,1.30718,0,7.4697,0,22.4161,0
2015-03-16 01:52:53,0,1,1.16469,0,7.64625,0,22.4161,0
2015-03-16 01:57:53,0,1,1.31407,0,7.45233,0,22.4161,0
2015-03-16 02:02:53,0,1,1.16851,0,7.56502,0,22.4161,0
2015-03-16 02:07:53,1,1,1.34318,0,6.29074,0,22.4161,0
2015-03-16 02:12:53,1,1,1.13459,0,4.62243,0,22.4161,0
2015-03-16 02:17:53,0,1,1.32965,0,2.3265,0,22.4161,0
2015-03-16 02:22:53,0,1,1.25564,0,4.62839,0,22.4161,0
2015-03-16 02:27:53,1,1,1.17744,0,6.31872,0,22.4161,0
2015-03-16 02:32:53,0,1,1.30175,0,5.67767,0,22.4161,0
2015-03-16 02:37:53,0,1,1.15869,0,4.42354,0,22.4161,0
2015-03-16 02:42:53,0,1,1.23941,0,7.29449,0,22.4161,0
2015-03-16 02:47:53,0,1,1.20527,0,7.46203,0,22.4161,0
2015-03-16 02:52:53,0,1,1.24157,0,7.16016,0,22.4161,0
2015-03-16 02:57:53,1,1,1.26014,0,6.37035,0,22.4161,0
2015-03-16 03:02:53,0,1,1.16474,0,5.35909,0,22.4161,0
2015-03-16 03:07:53,0,1,1.30611,0,4.40972,0,22.4161,0
2015-03-16 03:12:53,0,1,1.09625,0,7.41602,0,22.4161,0
2015-03-16 03:17:53,1,1,1.37533,0,6.2027,0,22.4161,0
2015-03-16 03:22:53,0,1,1.09733,0,5.48615,0,22.4161,0
2015-03-16 03:27:53,1,1,1.41608,0,3.13673,0,22.4161,0
2015-03-16 03:32:53,0,1,1.06456,0,5.73672,0,22.4161,0
2015-03-16 03:37:53,0,1,1.42476,0,4.1887,0,22.4161,0
2015-03-16 03:42:53,0,1,1.14509,0,7.80211,0,22.4161,0
2015-03-16 03:47:53,0,1,1.30957,0,7.18829,0,22.4161,0
2015-03-16 03:52:53,0,1,1.21138,0,7.87405,0,22.4161,0
2015-03-16 03:57:53,0,1,1.1783,0,7.2658,0,22.4161,0
2015-03-16 04:02:53,0,1,1.32806,0,7.52978,0,22.4161,0
2015-03-16 04:07:53,2,1,1.17161,0,6.66269,0,22.4161,0
2015-03-16 04:12:53,0,1,1.26217,0,6.0504,0,22.4161,0
2015-03-16 04:17:53,1,1,1.28423,0,4.62121,0,22.4161,0
2015-03-16 04:22:53,0,1,1.14407,0,5.32341,0,22.4161,0
2015-03-16 04:27:53,0,1,1.37668,0,4.49903,0,22.4161,0
2015-03-16 04:32:53,1,1,1.13491,0,6.51751,0,22.4161,0
2015-03-16 04:37:53,0,1,1.3474,0,5.32047,0,22.4161,0
2015-03-16 04:42:53,0,1,1.17854,0,4.74725,0,22.4161,0
2015-03-16 04:47:53,0,1,1.33875,0,7.27807,0,22.4161,0
2015-03-16 04:52:53,1,1,1.2233,0,6.73801,0,22.4161,0
2015-03-16 04:57:53,0,1,1.22558,0,5.43642,0,22.4161,0
2015-03-16 05:02:53,0,1,1.31081,0,4.68844,0,22.4161,0
2015-03-16 05:07:53,0,1,1.10268,0,7.43188,0,22.4161,0
2015-03-16 05:12:53,0,1,1.36356,0,7.40104,0,22.4161,0
2015-03-16 05:17:53,0,1,1.12717,0,7.50136,0,22.4161,0
2015-03-16 05:22:53,0,1,1.35957,0,7.16233,0,22.4161,0
2015-03-16 05:27:53,0,1,1.18813,0,7.70458,0,22.4161,0
2015-03-16 05:32:53,0,1,1.28581,0,7.28878,0,22.4161,0
2015-03-16 05:37:53,0,1,1.22205,0,7.74079,0,22.4161,0
2015-03-16 05:42:53,0,1,1.27697,0,7.35806,0,22.4161,0
2015-03-16 05:47:53,0,1,1.22315,0,7.57848,0,22.4161,0
2015-03-16 05:52:53,0,1,1.28699,0,7.44323,0,22.4161,0
2015-03-16 05:57:53,0,1,1.14945,0,7.5642,0,22.4161,0
2015-03-16 06:02:53,0,1,1.34589,0,7.39289,0,22.4161,0
2015-03-16 06:07:53,0,1,1.12802,0,7.50577,0,22.4161,0
2015-03-16 06:12:53,1,1,1.35766,0,6.26814,0,22.4161,0
2015-03-16 06:17:53,0,1,1.04667,0,5.65137,0,22.4161,0
2015-03-16 06:22:53,0,1,1.39971,0,4.14604,0,22.4161,0
2015-03-16 06:27:53,0,1,1.02802,0,7.56603,0,22.4161,0
2015-03-16 06:32:53,0,1,1.4842,0,6.96745,0,22.4161,0
2015-03-16 06:37:53,0,1,0.998087,0,7.73938,0,22.4161,0
2015-03-16 06:42:53,0,1,1.39965,0,7.05055,0,22.4161,0
2015-03-16 06:47:53,1,1,1.10113,0,6.84842,0,22.4161,0
2015-03-16 06:52:53,0,1,1.25279,0,4.8947,0,22.4161,0
2015-03-16 06:57:53,0,1,1.28602,0,4.65401,0,22.4161,0
2015-03-16 07:02:53,0,1,1.14446,0,7.09499,0,22.4161,0
2015-03-16 07:07:53,0,1,1.31308,0,7.47487,0,22.4161,0
2015-03-16 07:12:53,0,1,1.14583,0,7.46006,0,22.4161,0
2015-03-16 07:17:53,1,1,1.25708,0,6.20536,0,22.4161,0
2015-03-16 07:22:53,0,1,1.22463,0,5.48797,0,22.4161,0
2015-03-16 07:27:53,0,1,1.23055,0,4.17627,0,22.4161,0
2015-03-16 07:32:53,0,1,1.26936,0,7.45106,0,22.4161,0
2015-03-16 07:37:53,1,1,1.16046,0,6.40436,0,22.4161,0
2015-03-16 07:42:53,0,1,1.2783,0,5.39084,0,22.4161,0
2015-03-16 07:47:53,0,1,1.20526,0,4.4073,0,22.4161,0
2015-03-16 07:52:53,0,1,1.23248,0,7.24326,0,22.4161,0
2015-03-16 07:57:53,1,1,1.26632,0,6.47792,0,22.4161,0
2015-03-16 08:02:53,1,1,1.17864,0,4.34708,0,22.4161,0
2015-03-16 08:07:53,0,1,1.35597,0,2.40873,0,22.4161,0
2015-03-16 08:12:53,0,1,1.13076,0,4.51221,0,22.4161,0
2015-03-16 08:17:53,0,1,1.34332,0,7.37861,0,22.4161,0
2015-03-16 08:22:53,0,1,1.13028,0,7.67274,0,22.4161,0
2015-03-16 08:27:53,0,1,1.38469,0,7.20919,0,22.4161,0
2015-03-16 08:32:53,0,1,1.10368,0,7.67522,0,22.4161,0
2015-03-16 08:37:53,1,1,1.37533,0,6.26389,0,22.4161,0
2015-03-16 08:42:53,0,1,1.13795,0,5.73676,0,22.4161,0
2015-03-16 08:47:53,0,1,1.35019,0,4.19964,0,22.4161,0
2015-03-16 08:52:53,1,1,1.20896,0,6.75207,0,22.4161,0
2015-03-16 08:57:53,0,1,1.25231,0,5.32318,0,22.4161,0
2015-03-16 09:02:53,0,1,1.25281,0,4.72078,0,22.4161,0
2015-03-16 09:07:53,0,1,1.17056,0,7.38431,0,22.4161,0
2015-03-16 09:12:53,0,1,1.37667,0,7.4331,0,22.4161,0
2015-03-16 09:17:53,0,1,1.2098,0,7.47621,0,22.4161,0
2015-03-16 09:22:53,0,1,1.30766,0,7.4748,0,22.4161,0
2015-03-16 09:27:53,1,1,1.17521,0,6.85725,0,22.4161,0
2015-03-16 09:32:53,0,1,1.26236,0,5.41992,0,22.4161,0
2015-03-16 09:37:53,0,1,1.24576,0,4.53575,0,22.4161,0
2015-03-16 09:42:53,0,1,1.19221,0,7.29612,0,22.4161,0
2015-03-16 09:47:53,0,1,1.29974,0,7.47081,0,22.4161,0
2015-03-16 09:52:53,1,1,1.2146,0,6.42144,0,22.4161,0
2015-03-16 09:57:53,2,1,1.22368,0,4.96149,0,22.4161,0
2015-03-16 10:02:53,0,1,1.20819,0,3.6937,0,22.4161,0
2015-03-16 10:07:53,0,1,1.29319,0,6.01175,0,22.4161,0
2015-03-16 10:12:53,0,1,1.22864,0,7.38062,0,22.4161,0
2015-03-16 10:17:53,1,1,1.25296,0,6.43958,0,22.4161,0
2015-03-16 10:22:53,0,1,1.22095,0,5.58981,0,22.4161,0
2015-03-16 10:27:53,0,1,1.20978,0,4.41279,0,22.4161,0
2015-03-16 10:32:53,1,1,1.24866,0,6.41056,0,22.4161,0
2015-03-16 10:37:53,1,1,1.23738,0,4.33108,0,22.4161,0
2015-03-16 10:42:53,0,1,1.28626,0,2.36403,0,22.4161,0
2015-03-16 10:47:53,0,1,1.21227,0,4.50702,0,22.4161,0
2015-03-16 10:52:53,0,1,1.25214,0,7.49694,0,22.4161,0
2015-03-16 10:57:53,0,1,1.17812,0,7.53547,0,22.4161,0
2015-03-16 11:02:53,0,1,1.31244,0,7.31921,0,22.4161,0
2015-03-16 11:07:53,0,1,1.21408,0,7.4251,0,22.4161,0
2015-03-16 11:12:53,0,1,1.31257,0,7.37332,0,22.4161,0
2015-03-16 11:17:53,0,1,1.25903,0,7.67807,0,22.4161,0
2015-03-16 11:22:53,0,1,1.22896,0,7.52642,0,22.4161,0
2015-03-16 11:27:53,0,1,1.2705,0,7.68474,0,22.4161,0
2015-03-16 11:32:53,0,1,1.21323,0,7.50552,0,22.4161,0
2015-03-16 11:37:53,0,1,1.27473,0,7.44113,0,22.4161,0
2015-03-16 11:42:53,0,1,1.23463,0,7.5127,0,22.4161,0
2015-03-16 11:47:53,0,1,1.21642,0,7.42379,0,22.4161,0
2015-03-16 11:52:53,0,1,1.312,0,7.50986,0,22.4161,0
2015-03-16 11:57:53,0,1,1.21335,0,7.44872,0,22.4161,0
2015-03-16 12:02:53,0,1,1.26042,0,7.48661,0,22.4161,0
2015-03-16 12:07:53,0,1,1.20977,0,7.62314,0,22.4161,0
2015-03-16 12:12:53,1,1,1.24021,0,6.37066,0,22.4161,0
2015-03-16 12:17:53,0,1,1.17768,0,5.441,0,22.4161,0
2015-03-16 12:22:53,0,1,1.32183,0,4.28741,0,22.4161,0
2015-03-16 12:27:53,0,1,1.14825,0,7.39783,0,22.4161,0
2015-03-16 12:32:53,0,1,1.3524,0,7.32495,0,22.4161,0
2015-03-16 12:37:53,0,1,1.11672,0,7.61439,0,22.4161,0
2015-03-16 12:42:53,0,1,1.27221,0,7.26628,0,22.4161,0
2015-03-16 12:47:53,1,1,1.15182,0,6.56284,0,22.4161,0
2015-03-16 12:52:53,0,1,1.23242,0,5.04639,0,22.4161,0
2015-03-16 12:57:53,0,1,1.28996,0,4.35267,0,22.4161,0
2015-03-16 13:02:53,0,1,1.18443,0,7.21024,0,22.4161,0
2015-03-16 13:07:53,0,1,1.24698,0,7.4616,0,22.4161,0
2015-03-16 13:12:53,1,1,1.22431,0,6.48571,0,22.4161,0
2015-03-16 13:17:53,0,1,1.1282,0,5.27156,0,22.4161,0
2015-03-16 13:22:53,0,1,1.31735,0,4.31777,0,22.4161,0
2015-03-16 13:27:53,0,1,1.1282,0,7.24669,0,22.4161,0
2015-03-16 13:32:53,1,1,1.38667,0,6.14751,0,22.4161,0
2015-03-16 13:37:53,1,1,1.08674,0,4.59512,0,22.4161,0
2015-03-16 13:42:53,0,1,1.3557,0,2.2447,0,22.4161,0
2015-03-16 13:47:53,0,1,1.11757,0,4.68921,0,22.4161,0
2015-03-16 13:52:53,0,1,1.33539,0,7.0892,0,22.4161,0
2015-03-16 13:57:53,0,1,1.22,0,7.63763,0,22.4161,0
2015-03-16 14:02:53,0,1,1.24485,0,7.24349,0,22.4161,0
2015-03-16 14:07:53,0,1,1.23235,0,7.691,0,22.4161,0
2015-03-16 14:12:53,0,1,1.19301,0,7.38204,0,22.4161,0
2015-03-16 14:17:53,0,1,1.35682,0,7.39225,0,22.4161,0
2015-03-16 14:22:53,0,1,1.18915,0,7.43989,0,22.4161,0
2015-03-16 14:27:53,0,1,1.30667,0,7.48181,0,22.4161,0
2015-03-16 14:32:53,0,1,1.18767,0,7.75541,0,22.4161,0
2015-03-16 14:37:53,0,1,1.26198,0,7.36844,0,22.4161,0
2015-03-16 14:42:53,0,1,1.25644,0,7.55731,0,22.4161,0
2015-03-16 14:47:53,0,1,1.24536,0,7.34341,0,22.4161,0
2015-03-16 14:52:53,1,1,1.30052,0,6.54419,0,22.4161,0
2015-03-16 14:57:53,0,1,1.16755,0,5.56056,0,22.4161,0
2015-03-16 15:02:53,1,1,1.33828,0,3.50467,0,22.4161,0
2015-03-16 15:07:53,0,1,1.11311,0,5.57495,0,22.4161,0
2015-03-16 15:12:53,0,1,1.39012,0,4.29234,0,22.4161,0
2015-03-16 15:17:53,2,1,1.11862,0,6.85094,0,22.4161,0
2015-03-16 15:22:53,0,1,1.22996,0,5.67771,0,22.4161,0
2015-03-16 15:27:53,0,1,1.3229,0,5.29683,0,22.4161,0
2015-03-16 15:32:53,2,1,1.07437,0,6.49288,0,22.4161,0
2015-03-16 15:37:53,1,1,1.3436,0,5.11844,0,22.4161,0
2015-03-16 15:42:53,0,1,1.1565,0,3.52364,0,22.4161,0
2015-03-16 15:47:53,0,1,1.30542,0,4.0668,0,22.4161,0
2015-03-16 15:52:53,0,1,1.1665,0,7.64922,0,22.4161,0
2015-03-16 15:57:53,0,1,1.28447,0,7.24683,0,22.4161,0
2015-03-16 16:02:53,0,1,1.24066,0,7.53373,0,22.4161,0
2015-03-16 16:07:53,1,1,1.18348,0,6.30911,0,22.4161,0
2015-03-16 16:12:53,0,1,1.3279,0,5.51821,0,22.4161,0
2015-03-16 16:17:53,0,1,1.19825,0,4.41682,0,22.4161,0
2015-03-16 16:22:53,0,1,1.27275,0,7.40448,0,22.4161,0
2015-03-16 16:27:53,0,1,1.24669,0,7.65296,0,22.4161,0
2015-03-16 16:32:53,0,1,1.23254,0,7.38696,0,22.4161,0
2015-03-16 16:37:53,0,1,1.28347,0,7.54417,0,22.4161,0
2015-03-16 16:42:53,0,1,1.17114,0,7.4886,0,22.4161,0
2015-03-16 16:47:53,0,1,1.37103,0,7.43569,0,22.4161,0
2015-03-16 16:52:53,1,1,1.20669,0,6.56372,0,22.4161,0
2015-03-16 16:57:53,2,1,1.27141,0,5.04878,0,22.4161,0
2015-03-16 17:02:53,0,1,1.17898,0,3.97111,0,22.4161,0
2015-03-16 17:07:53,0,1,1.32737,0,6.10173,0,22.4161,0
2015-03-16 17:12:53,0,1,1.17273,0,7.49955,0,22.4161,0
2015-03-16 17:17:53,0,1,1.34252,0,7.36441,0,22.4161,0
2015-03-16 17:22:53,0,1,1.14615,0,7.67008,0,22.4161,0
2015-03-16 17:27:53,0,1,1.28593,0,7.34937,0,22.4161,0
2015-03-16 17:32:53,1,1,1.22093,0,6.60579,0,22.4161,0
2015-03-16 17:37:53,3,1,1.23722,0,5.78938,0,22.4161,0
2015-03-16 17:42:53,0,1,1.24902,0,5.65316,0,22.4161,0
2015-03-16 17:47:53,0,1,1.25687,0,9.06067,0,22.4161,0
2015-03-16 17:52:53,0,1,1.17591,0,7.46655,0,22.4161,0
2015-03-16 17:57:53,0,1,1.30744,0,7.43669,0,22.4161,0
2015-03-16 18:02:53,1,1,1.16001,0,6.42985,0,22.4161,0
2015-03-16 18:07:53,0,1,1.30039,0,5.30262,0,22.4161,0
2015-03-16 18:12:53,0,1,1.1958,0,4.54275,0,22.4161,0
2015-03-16 18:17:53,0,1,1.27768,0,7.27662,0,22.4161,0
2015-03-16 18:22:53,0,1,1.24616,0,7.57044,0,22.4161,0
2015-03-16 18:27:53,0,1,1.2209,0,7.38891,0,22.4161,0
2015-03-16 18:32:53,0,1,1.25761,0,7.54625,0,22.4161,0
2015-03-16 18:37:53,1,1,1.18302,0,6.4379,0,22.4161,0
2015-03-16 18:42:53,0,1,1.23058,0,5.36095,0,22.4161,0
2015-03-16 18:47:53,1,1,1.28211,0,3.36946,0,22.4161,0
2015-03-16 18:52:53,0,1,1.21696,0,5.29232,0,22.4161,0
2015-03-16 18:57:53,0,1,1.33377,0,4.47291,0,22.4161,0
2015-03-16 19:02:53,1,1,1.11996,0,6.61403,0,22.4161,0
2015-03-16 19:07:53,1,1,1.30571,0,4.43838,0,22.4161,0
2015-03-16 19:12:53,0,1,1.23303,0,2.54694,0,22.4161,0
2015-03-16 19:17:53,1,1,1.24834,0,3.20432,0,22.4161,0
2015-03-16 19:22:53,1,1,1.27037,0,4.63152,0,22.4161,0
2015-03-16 19:27:53,0,1,1.2055,0,2.46615,0,22.4161,0
2015-03-16 19:32:53,0,1,1.31298,0,4.49127,0,22.4161,0
2015-03-16 19:37:53,1,1,1.17489,0,6.5351,0,22.4161,0
2015-03-16 19:42:53,1,1,1.26826,0,4.41736,0,22.4161,0
2015-03-16 19:47:53,1,1,1.18709,0,1.55699,0,22.4161,0
2015-03-16 19:52:53,0,1,1.27971,0,2.2483,0,22.4161,0
2015-03-16 19:57:53,0,1,1.25508,0,4.45867,0,22.4161,0
2015-03-16 20:02:53,0,1,1.28044,0,7.37576,0,22.4161,0
2015-03-16 20:07:53,0,1,1.26117,0,7.62972,0,22.4161,0
2015-03-16 20:12:53,3,1,1.23849,0,8.06496,0,22.4161,0
2015-03-16 20:17:53,0,1,1.19656,0,8.55748,0,22.4161,0
2015-03-16 20:22:53,0,1,1.2979,0,8.89003,0,22.4161,0
2015-03-16 20:27:53,1,1,1.19882,0,6.40648,0,22.4161,0
2015-03-16 20:32:53,0,1,1.31933,0,5.38431,0,22.4161,0
2015-03-16 20:37:53,1,1,1.2319,0,3.61067,0,22.4161,0
2015-03-16 20:42:53,1,1,1.26049,0,4.46702,0,22.4161,0
2015-03-16 20:47:53,1,1,1.15536,0,1.68229,0,22.4161,0
2015-03-16 20:52:53,1,1,1.34281,0,1.37205,0,22.4161,0
2015-03-16 20:57:53,0,1,1.20649,0,2.43501,0,22.4161,0
2015-03-16 21:02:53,3,1,1.3282,0,4.94522,0,22.4161,0
2015-03-16 21:07:53,1,1,1.14845,0,10.3342,0,22.4161,0
2015-03-16 21:12:53,0,1,1.35176,0,7.18537,0,22.4161,0
2015-03-16 21:17:53,0,1,1.17358,0,4.63326,0,22.4161,0
2015-03-16 21:22:53,1,1,1.34031,0,6.32245,0,22.4161,0
2015-03-16 21:27:53,0,1,1.18348,0,5.74275,0,22.4161,0
2015-03-16 21:32:53,0,1,1.3524,0,4.38484,0,22.4161,0
2015-03-16 21:37:53,0,1,1.15844,0,7.74028,0,22.4161,0
2015-03-16 21:42:53,1,1,1.35481,0,6.41367,0,22.4161,0
2015-03-16 21:47:53,1,1,1.20132,0,4.72889,0,22.4161,0
2015-03-16 21:52:53,1,1,1.28575,0,1.38626,0,22.4161,0
2015-03-16 21:57:53,1,1,1.25676,0,1.75281,0,22.4161,0
2015-03-16 22:02:53,2,1,1.23985,0,1.9187,0,22.4161,0
2015-03-16 22:07:53,1,1,1.25924,0,2.58357,0,22.4161,0
2015-03-16 22:12:53,1,1,1.29769,0,2.96866,0,22.4161,0
2015-03-16 22:17:53,0,1,1.19928,0,2.53571,0,22.4161,0
2015-03-16 22:22:53,0,1,1.36751,0,4.57236,0,22.4161,0
2015-03-16 22:27:53,0,1,1.17417,0,7.65914,0,22.4161,0
2015-03-16 22:32:53,2,1,1.299,0,7.15871,0,22.4161,0
2015-03-16 22:37:53,0,1,1.22052,0,7.0532,0,22.4161,0
2015-03-16 22:42:53,0,1,1.33419,0,6.29601,0,22.4161,0
2015-03-16 22:47:53,1,1,1.17203,0,6.67222,0,22.4161,0
2015-03-16 22:52:53,0,1,1.32552,0,5.50196,0,22.4161,0
2015-03-16 22:57:53,2,1,1.21109,0,4.02111,0,22.4161,0
2015-03-16 23:02:53,0,1,1.24669,0,6.07615,0,22.4161,0
2015-03-16 23:07:53,1,1,1.29022,0,4.6923,0,22.4161,0
2015-03-16 23:12:53,1,1,1.18019,0,4.41686,0,22.4161,0
2015-03-16 23:17:53,0,1,1.41266,0,2.50068,0,22.4161,0
2015-03-16 23:22:53,1,1,1.14533,0,3.64369,0,22.4161,0
2015-03-16 23:27:53,1,1,1.37914,0,4.5112,0,22.4161,0
2015-03-16 23:32:53,0,1,1.13976,0,2.90776,0,22.4161,0
2015-03-16 23:37:53,1,1,1.34489,0,3.33402,0,22.4161,0
2015-03-16 23:42:53,0,1,1.20248,0,5.76184,0,22.4161,0
2015-03-16 23:47:53,0,1,1.30331,0,4.31155,0,22.4161,0
2015-03-16 23:52:53,1,1,1.22445,0,6.74295,0,22.4161,0
2015-03-16 23:57:53,1,1,1.23584,0,4.43852,0,22.4161,0
2015-03-17 00:02:53,0,1,1.24111,0,2.59467,0,22.4161,0
2015-03-17 00:07:53,0,1,1.31853,0,4.38613,0,22.4161,0
2015-03-17 00:12:53,0,1,1.19693,0,7.50826,0,22.4161,0
2015-03-17 00:17:53,0,1,1.36009,0,7.55733,0,22.4161,0
2015-03-17 00:22:53,0,1,1.14286,0,7.70954,0,22.4161,0
2015-03-17 00:27:53,1,0,0.898126,0,6.45382,0,22.4161,0
2015-03-17 00:32:53,0,0,0.989702,0,5.26412,0,22.4161,0
2015-03-17 00:37:53,1,0,0.990446,0,2.23512,0,22.4161,0
2015-03-17 00:42:53,1,0,0.88022,0,2.72453,0,22.4161,0
2015-03-17 00:47:53,1,0,1.03571,0,0.169783,0,22.4161,0
2015-03-17 00:52:53,2,0,0.897188,0,1.23251,0,22.4161,0
2015-03-17 00:57:53,0,0,0.904349,0,3.1851,0,22.4161,0
2015-03-17 01:02:53,0,0,1.03297,0,5.59159,0,22.4161,0
2015-03-17 01:07:53,0,0,0.964005,0,5.53323,0,22.4161,0
2015-03-17 01:12:53,0,0,0.963849,0,5.74298,0,22.4161,0
2015-03-17 01:17:53,0,0,1.01436,0,5.99076,0,22.4161,0
2015-03-17 01:22:53,0,0,0.882603,0,5.83407,0,22.4161,0
2015-03-17 01:27:53,1,0,1.06622,0,6.89307,0,22.4161,0
2015-03-17 01:32:53,1,0,0.9167,0,4.1995,0,22.4161,0
2015-03-17 01:37:53,0,0,0.921634,0,1.40134,0,22.4161,0
2015-03-17 01:42:53,0,0,1.00274,0,2.9537,0,22.4161,0
2015-03-17 01:47:53,1,0,0.911102,0,4.59611,0,22.4161,0
2015-03-17 01:52:53,1,0,0.975633,0,2.85928,0,22.4161,0
2015-03-17 01:57:53,0,0,0.949842,0,1.16166,0,22.4161,0
2015-03-17 02:02:53,0,0,0.953102,0,3.27822,0,22.4161,0
2015-03-17 02:07:53,4,0,0.97299,0,7.89357,0,22.4161,0
2015-03-17 02:12:53,2,0,0.863234,0,9.97033,0,22.4161,0
2015-03-17 02:17:53,0,0,1.08297,0,12.0579,0,22.4161,0
2015-03-17 02:22:53,0,0,0.872433,0,5.89047,0,22.4161,0
2015-03-17 02:27:53,0,0,0.937763,0,5.62807,0,22.4161,0
2015-03-17 02:32:53,1,0,1.03713,0,8.33538,0,22.4161,0
2015-03-17 02:37:53,1,0,0.906916,0,2.77891,0,22.4161,0
2015-03-17 02:42:53,0,0,1.01638,0,1.16789,0,22.4161,0
2015-03-17 02:47:53,1,0,0.914903,0,1.9416,0,22.4161,0
2015-03-17 02:52:53,0,0,0.979203,0,3.6684,0,22.4161,0
2015-03-17 02:57:53,1,0,1.02827,0,1.89973,0,22.4161,0
2015-03-17 03:02:53,0,0,0.795795,0,3.81457,0,22.4161,0
2015-03-17 03:07:53,0,0,1.08679,0,2.55538,0,22.4161,0
2015-03-17 03:12:53,0,0,0.937346,0,5.17884,0,22.4161,0
2015-03-17 03:17:53,0,0,0.892632,0,5.49832,0,22.4161,0
2015-03-17 03:22:53,1,0,1.02223,0,7.65521,0,22.4161,0
2015-03-17 03:27:53,0,0,0.90596,0,4.049,0,22.4161,0
2015-03-17 03:32:53,0,0,1.01928,0,3.21403,0,22.4161,0
2015-03-17 03:37:53,0,0,0.890518,0,5.63799,0,22.4161,0
2015-03-17 03:42:53,0,0,0.924843,0,5.64696,0,22.4161,0
2015-03-17 03:47:53,0,0,1.02653,0,5.76372,0,22.4161,0
2015-03-17 03:52:53,0,0,0.853278,0,5.54777,0,22.4161,0
2015-03-17 03:57:53,1,0,1.03282,0,6.53638,0,22.4161,0
2015-03-17 04:02:53,1,0,0.955299,0,4.10522,0,22.4161,0
2015-03-17 04:07:53,1,0,0.930734,0,0.550512,0,22.4161,0
2015-03-17 04:12:53,0,0,1.09603,0,1.1186,0,22.4161,0
2015-03-17 04:17:53,0,0,0.817254,0,3.0916,0,22.4161,0
2015-03-17 04:22:53,0,0,1.01361,0,5.63396,0,22.4161,0
2015-03-17 04:27:53,0,0,0.963867,0,5.93619,0,22.4161,0
2015-03-17 04:32:53,0,0,0.928493,0,5.44284,0,22.4161,0
2015-03-17 04:37:53,2,0,0.970251,0,6.04006,0,22.4161,0
2015-03-17 04:42:53,0,0,0.888857,0,6.00487,0,22.4161,0
2015-03-17 04:47:53,0,0,1.06876,0,6.04388,0,22.4161,0
2015-03-17 04:52:53,0,0,0.931799,0,5.75723,0,22.4161,0
2015-03-17 04:57:53,0,0,0.868095,0,5.73589,0,22.4161,0
2015-03-17 05:02:53,0,0,1.03423,0,5.93798,0,22.4161,0
2015-03-17 05:07:53,0,0,0.867005,0,5.56581,0,22.4161,0
2015-03-17 05:12:53,1,0,1.0186,0,6.27811,0,22.4161,0
2015-03-17 05:17:53,0,0,0.89973,0,4.85965,0,22.4161,0
2015-03-17 05:22:53,0,0,0.963392,0,3.28698,0,22.4161,0
2015-03-17 05:27:53,0,0,1.02419,0,5.53645,0,22.4161,0
2015-03-17 05:32:53,0,0,0.818362,0,5.65016,0,22.4161,0
2015-03-17 05:37:53,0,0,1.06223,0,5.75692,0,22.4161,0
2015-03-17 05:42:53,0,0,0.847485,0,5.77153,0,22.4161,0
2015-03-17 05:47:53,1,0,0.916439,0,6.00552,0,22.4161,0
2015-03-17 05:52:53,1,0,1.04358,0,3.84874,0,22.4161,0
2015-03-17 05:57:53,0,0,0.854975,0,1.66825,0,22.4161,0
2015-03-17 06:02:53,0,0,0.998889,0,3.02992,0,22.4161,0
2015-03-17 06:07:53,1,0,0.855394,0,4.45032,0,22.4161,0
2015-03-17 06:12:53,0,0,0.970791,0,3.42254,0,22.4161,0
2015-03-17 06:17:53,1,0,1.0351,0,1.74333,0,22.4161,0
2015-03-17 06:22:53,0,0,0.79838,0,3.6597,0,22.4161,0
2015-03-17 06:27:53,0,0,1.03459,0,2.61727,0,22.4161,0
2015-03-17 06:32:53,0,0,0.931086,0,5.16688,0,22.4161,0
2015-03-17 06:37:53,0,0,0.892822,0,5.3954,0,22.4161,0
2015-03-17 06:42:53,0,0,1.09152,0,5.85876,0,22.4161,0
2015-03-17 06:47:53,1,0,0.7639,0,4.67042,0,22.4161,0
2015-03-17 06:52:53,0,0,1.01245,0,3.62541,0,22.4161,0
2015-03-17 06:57:53,1,0,0.907995,0,1.81481,0,22.4161,0
2015-03-17 07:02:53,0,0,0.903585,0,3.22459,0,22.4161,0
2015-03-17 07:07:53,0,0,1.03491,0,2.75692,0,22.4161,0
2015-03-17 07:12:53,0,0,0.82529,0,5.56607,0,22.4161,0
2015-03-17 07:17:53,0,0,1.02618,0,5.60587,0,22.4161,0
2015-03-17 07:22:53,1,0,0.953785,0,4.7815,0,22.4161,0
2015-03-17 07:27:53,1,0,0.868795,0,2.57445,0,22.4161,0
2015-03-17 07:32:53,0,0,1.03541,0,1.03977,0,22.4161,0
2015-03-17 07:37:53,0,0,0.859437,0,2.91164,0,22.4161,0
2015-03-17 07:42:53,1,0,0.987145,0,6.29295,0,22.4161,0
2015-03-17 07:47:53,0,0,0.939808,0,4.84968,0,22.4161,0
2015-03-17 07:52:53,0,0,0.98081,0,3.42024,0,22.4161,0
2015-03-17 07:57:53,0,0,0.985863,0,5.73127,0,22.4161,0
2015-03-17 08:02:53,0,0,0.843625,0,5.76691,0,22.4161,0
2015-03-17 08:07:53,0,0,1.05613,0,5.75778,0,22.4161,0
2015-03-17 08:12:53,0,0,0.931734,0,5.70097,0,22.4161,0
2015-03-17 08:17:53,1,0,0.90502,0,6.0859,0,22.4161,0
2015-03-17 08:22:53,0,0,0.999769,0,4.58444,0,22.4161,0
2015-03-17 08:27:53,0,0,0.945117,0,3.01461,0,22.4161,0
2015-03-17 08:32:53,1,0,0.94379,0,6.39048,0,22.4161,0
2015-03-17 08:37:53,1,0,0.846192,0,3.78675,0,22.4161,0
2015-03-17 08:42:53,0,0,1.04301,0,1.12326,0,22.4161,0
2015-03-17 08:47:53,0,0,0.923523,0,2.90402,0,22.4161,0
2015-03-17 08:52:53,0,0,0.944571,0,5.54811,0,22.4161,0
2015-03-17 08:57:53,0,0,0.977793,0,5.92064,0,22.4161,0
2015-03-17 09:02:53,0,0,0.960293,0,5.6375,0,22.4161,0
2015-03-17 09:07:53,0,0,0.946756,0,5.74959,0,22.4161,0
2015-03-17 09:12:53,0,0,0.900396,0,5.80072,0,22.4161,0
2015-03-17 09:17:53,1,0,0.975371,0,4.874,0,22.4161,0
2015-03-17 09:22:53,0,0,0.982163,0,4.01485,0,22.4161,0
2015-03-17 09:27:53,0,0,0.881423,0,3.23172,0,22.4161,0
2015-03-17 09:32:53,0,0,1.07163,0,5.48303,0,22.4161,0
2015-03-17 09:37:53,0,0,0.911215,0,5.78097,0,22.4161,0
2015-03-17 09:42:53,0,0,0.904663,0,5.69875,0,22.4161,0
2015-03-17 09:47:53,0,0,0.954448,0,5.94199,0,22.4161,0
2015-03-17 09:52:53,0,0,0.937197,0,5.49742,0,22.4161,0
2015-03-17 09:57:53,0,0,0.965912,0,5.56008,0,22.4161,0
2015-03-17 10:02:53,0,0,0.941979,0,5.70365,0,22.4161,0
2015-03-17 10:07:53,0,0,0.954496,0,5.68539,0,22.4161,0
2015-03-17 10:12:53,0,0,0.925859,0,5.73619,0,22.4161,0
2015-03-17 10:17:53,0,0,0.945522,0,5.66079,0,22.4161,0
2015-03-17 10:22:53,0,0,0.958192,0,5.66073,0,22.4161,0
2015-03-17 10:27:53,0,0,0.956654,0,5.62681,0,22.4161,0
2015-03-17 10:32:53,1,0,0.878165,0,4.7963,0,22.4161,0
2015-03-17 10:37:53,1,0,0.9776,0,3.0831,0,22.4161,0
2015-03-17 10:42:53,0,0,1.00834,0,1.35131,0,22.4161,0
2015-03-17 10:47:53,0,0,0.843703,0,3.32904,0,22.4161,0
2015-03-17 10:52:53,1,0,1.00061,0,4.52018,0,22.4161,0
2015-03-17 10:57:53,0,0,0.918968,0,5.24863,0,22.4161,0
2015-03-17 11:02:53,0,0,0.956669,0,3.38394,0,22.4161,0
2015-03-17 11:07:53,0,0,0.955066,0,5.55397,0,22.4161,0
2015-03-17 11:12:53,1,0,0.982797,0,4.71518,0,22.4161,0
2015-03-17 11:17:53,2,0,0.881067,0,3.97708,0,22.4161,0
2015-03-17 11:22:53,3,0,0.925524,0,4.28814,0,22.4161,0
2015-03-17 11:27:53,0,0,0.905405,0,8.215,0,22.4161,0
2015-03-17 11:32:53,0,0,1.00047,0,9.11325,0,22.4161,0
2015-03-17 11:37:53,0,0,0.913443,0,5.58785,0,22.4161,0
2015-03-17 11:42:53,1,0,0.93019,0,6.42532,0,22.4161,0
2015-03-17 11:47:53,0,0,0.980784,0,4.72632,0,22.4161,0
2015-03-17 11:52:53,1,0,0.965013,0,2.90103,0,22.4161,0
2015-03-17 11:57:53,1,0,0.952496,0,2.86399,0,22.4161,0
2015-03-17 12:02:53,1,0,0.952384,0,0.175127,0,22.4161,0
2015-03-17 12:07:53,0,0,0.89392,0,1.15235,0,22.4161,0
2015-03-17 12:12:53,0,0,0.964489,0,3.01462,0,22.4161,0
2015-03-17 12:17:53,0,0,0.938172,0,5.62455,0,22.4161,0
2015-03-17 12:22:53,1,0,0.962579,0,6.39029,0,22.4161,0
2015-03-17 12:27:53,1,0,0.921192,0,3.84329,0,22.4161,0
2015-03-17 12:32:53,0,0,0.940999,0,1.18152,0,22.4161,0
2015-03-17 12:37:53,0,0,1.01243,0,2.89565,0,22.4161,0
2015-03-17 12:42:53,1,0,0.959824,0,4.65801,0,22.4161,0
2015-03-17 12:47:53,1,0,0.909306,0,2.88804,0,22.4161,0
2015-03-17 12:52:53,2,0,0.93804,0,1.20834,0,22.4161,0
2015-03-17 12:57:53,0,0,0.949651,0,3.23996,0,22.4161,0
2015-03-17 13:02:53,0,0,1.00007,0,6.09781,0,22.4161,0
2015-03-17 13:07:53,0,0,0.910426,0,5.71349,0,22.4161,0
2015-03-17 13:12:53,1,0,1.00641,0,6.69082,0,22.4161,0
2015-03-17 13:17:53,2,0,0.975335,0,4.97154,0,22.4161,0
2015-03-17 13:22:53,1,0,0.920437,0,2.28056,0,22.4161,0
2015-03-17 13:27:53,1,0,1.02885,0,3.10965,0,22.4161,0
2015-03-17 13:32:53,0,0,0.928609,0,1.26197,0,22.4161,0
2015-03-17 13:37:53,2,0,0.95934,0,3.33341,0,22.4161,0
2015-03-17 13:42:53,2,0,0.954922,0,6.0232,0,22.4161,0
2015-03-17 13:47:53,4,0,0.932641,0,8.34057,0,22.4161,0
2015-03-17 13:52:53,5,0,1.01127,0,13.2795,0,22.4161,0
2015-03-17 13:57:53,1,0,0.912214,0,17.2812,0,22.4161,0
2015-03-17 14:02:53,4,0,1.04112,0,15.3124,0,22.4161,0
2015-03-17 14:07:53,6,0,0.899432,0,11.1851,0,22.4161,0
2015-03-17 14:12:53,6,0,0.914312,0,24.2461,0,22.4161,1
2015-03-17 14:17:53,4,0,1.0128,0,28.1635,0,22.4161,1
2015-03-17 14:22:53,1,0,0.920414,0,37.1158,0,22.4161,1
2015-03-17 14:27:53,0,0,0.999521,0,10.2031,0,22.4161,0
2015-03-17 14:32:53,2,0,0.963343,0,2.87969,0,22.4161,0
2015-03-17 14:37:53,0,0,0.991479,0,5.72554,0,22.4161,0
2015-03-17 14:42:53,0,0,1.00204,0,5.9196,0,22.4161,0
2015-03-17 14:47:53,0,0,0.914342,0,5.87503,0,22.4161,0
2015-03-17 14:52:53,2,0,1.00818,0,6.06418,0,22.4161,0
2015-03-17 14:57:53,3,0,0.955093,0,7.16926,0,22.4161,0
2015-03-17 15:02:53,0,0,0.923905,0,8.1957,0,22.4161,0
2015-03-17 15:07:53,1,0,1.01973,0,7.96173,0,22.4161,0
2015-03-17 15:12:53,1,0,0.908887,0,3.0372,0,22.4161,0
2015-03-17 15:17:53,0,0,0.965578,0,1.17664,0,22.4161,0
2015-03-17 15:22:53,0,0,0.995651,0,2.84256,0,22.4161,0
2015-03-17 15:27:53,0,0,0.9492,0,5.65347,0,22.4161,0
2015-03-17 15:32:53,0,0,0.999616,0,5.83723,0,22.4161,0
2015-03-17 15:37:53,0,0,0.920561,0,5.88497,0,22.4161,0
2015-03-17 15:42:53,1,0,1.00441,0,6.72461,0,22.4161,0
2015-03-17 15:47:53,0,0,0.961244,0,4.96124,0,22.4161,0
2015-03-17 15:52:53,0,0,0.932455,0,3.21473,0,22.4161,0
2015-03-17 15:57:53,0,0,1.06003,0,5.69875,0,22.4161,0
2015-03-17 16:02:53,0,0,0.894346,0,5.80868,0,22.4161,0
2015-03-17 16:07:53,0,0,1.03422,0,5.81178,0,22.4161,0
2015-03-17 16:12:53,0,0,1.01071,0,6.00301,0,22.4161,0
2015-03-17 16:17:53,0,0,0.937273,0,5.76219,0,22.4161,0
2015-03-17 16:22:53,0,0,0.991719,0,6.06136,0,22.4161,0
2015-03-17 16:27:53,1,0,0.950248,0,4.91496,0,22.4161,0
2015-03-17 16:32:53,0,0,0.983184,0,3.77863,0,22.4161,0
2015-03-17 16:37:53,0,0,0.96189,0,2.90852,0,22.4161,0
2015-03-17 16:42:53,0,0,0.898776,0,5.779,0,22.4161,0
2015-03-17 16:47:53,0,0,1.02907,0,5.77211,0,22.4161,0
2015-03-17 16:52:53,1,0,0.930151,0,4.7123,0,22.4161,0
2015-03-17 16:57:53,0,0,0.95568,0,3.68463,0,22.4161,0
2015-03-17 17:02:53,1,0,0.975886,0,1.99185,0,22.4161,0
2015-03-17 17:07:53,0,0,0.920654,0,3.85498,0,22.4161,0
2015-03-17 17:12:53,1,0,0.963303,0,2.17027,0,22.4161,0
2015-03-17 17:17:53,1,0,0.943743,0,2.96851,0,22.4161,0
2015-03-17 17:22:53,0,0,0.955492,0,1.25517,0,22.4161,0
2015-03-17 17:27:53,0,0,0.974493,0,2.95307,0,22.4161,0
2015-03-17 17:32:53,2,0,0.963384,0,5.76772,0,22.4161,0
2015-03-17 17:37:53,0,0,0.95489,0,5.88088,0,22.4161,0
2015-03-17 17:42:53,0,0,0.88805,0,5.95818,0,22.4161,0
2015-03-17 17:47:53,0,0,0.973885,0,5.68798,0,22.4161,0
2015-03-17 17:52:53,1,0,0.937332,0,4.66688,0,22.4161,0
2015-03-17 17:57:53,1,0,0.910103,0,2.77905,0,22.4161,0
2015-03-17 18:02:53,0,0,0.909937,0,1.11378,0,22.4161,0
2015-03-17 18:07:53,0,0,0.919265,0,2.91815,0,22.4161,0
2015-03-17 18:12:53,0,0,0.971238,0,5.46945,0,22.4161,0
2015-03-17 18:17:53,2,0,0.928872,0,5.5971,0,22.4161,0
2015-03-17 18:22:53,1,0,0.939241,0,4.88645,0,22.4161,0
2015-03-17 18:27:53,0,0,0.917546,0,4.16778,0,22.4161,0
2015-03-17 18:32:53,0,0,0.928664,0,3.00941,0,22.4161,0
2015-03-17 18:37:53,2,0,0.961522,0,5.72415,0,22.4161,0
2015-03-17 18:42:53,2,0,0.924187,0,5.93379,0,22.4161,0
2015-03-17 18:47:53,0,0,0.88746,0,6.21515,0,22.4161,0
2015-03-17 18:52:53,0,0,0.949158,0,5.85127,0,22.4161,0
2015-03-17 18:57:53,3,0,0.948543,0,6.59832,0,22.4161,0
2015-03-17 19:02:53,0,0,0.900149,0,7.71261,0,22.4161,0
2015-03-17 19:07:53,0,0,1.00118,0,8.94976,0,22.4161,0
2015-03-17 19:12:53,0,0,0.905733,0,5.6471,0,22.4161,0
2015-03-17 19:17:53,0,0,0.932557,0,5.60853,0,22.4161,0
2015-03-17 19:22:53,1,0,0.983332,0,8.36085,0,22.4161,0
2015-03-17 19:27:53,1,0,0.936412,0,2.86875,0,22.4161,0
2015-03-17 19:32:53,0,0,0.949514,0,1.17208,0,22.4161,0
2015-03-17 19:37:53,0,0,0.942252,0,2.87234,0,22.4161,0
2015-03-17 19:42:53,0,0,0.955436,0,5.65051,0,22.4161,0
2015-03-17 19:47:53,0,0,1.00422,0,5.68848,0,22.4161,0
2015-03-17 19:52:53,0,0,0.866072,0,5.74184,0,22.4161,0
2015-03-17 19:57:53,0,0,1.03379,0,5.74081,0,22.4161,0
2015-03-17 20:02:53,0,0,0.930337,0,5.77858,0,22.4161,0
2015-03-17 20:07:53,0,0,0.897061,0,5.59614,0,22.4161,0
2015-03-17 20:12:53,0,0,1.0501,0,5.85911,0,22.4161,0
2015-03-17 20:17:53,0,0,0.899999,0,5.63524,0,22.4161,0
2015-03-17 20:22:53,1,0,0.958223,0,6.47964,0,22.4161,0
2015-03-17 20:27:53,0,0,0.915711,0,4.89678,0,22.4161,0
2015-03-17 20:32:53,0,0,1.01123,0,3.27247,0,22.4161,0
2015-03-17 20:37:53,0,0,1.00926,0,5.75689,0,22.4161,0
2015-03-17 20:42:53,0,0,0.835835,0,5.77885,0,22.4161,0
2015-03-17 20:47:53,0,0,1.09746,0,5.88805,0,22.4161,0
2015-03-17 20:52:53,0,0,0.875899,0,5.79691,0,22.4161,0
2015-03-17 20:57:53,0,0,0.966419,0,5.57833,0,22.4161,0
2015-03-17 21:02:53,0,0,1.05974,0,6.0106,0,22.4161,0
2015-03-17 21:07:53,0,0,0.776634,0,5.62027,0,22.4161,0
2015-03-17 21:12:53,1,0,1.03505,0,8.32668,0,22.4161,0
2015-03-17 21:17:53,0,0,0.962736,0,5.52667,0,22.4161,0
2015-03-17 21:22:53,1,0,0.941987,0,2.67622,0,22.4161,0
2015-03-17 21:27:53,1,0,0.908513,0,3.34423,0,22.4161,0
2015-03-17 21:32:53,0,0,0.899843,0,1.13633,0,22.4161,0
2015-03-17 21:37:53,0,0,1.11254,0,2.89091,0,22.4161,0
2015-03-17 21:42:53,2,0,0.822845,0,5.41268,0,22.4161,0
2015-03-17 21:47:53,1,0,0.909679,0,4.6516,0,22.4161,0
2015-03-17 21:52:53,0,0,0.989663,0,3.92635,0,22.4161,0
2015-03-17 21:57:53,0,0,0.943341,0,3.34049,0,22.4161,0
2015-03-17 22:02:53,0,0,0.986897,0,5.6517,0,22.4161,0
2015-03-17 22:07:53,1,0,0.907529,0,8.34454,0,22.4161,0
2015-03-17 22:12:53,0,0,0.94471,0,3.76376,0,22.4161,0
2015-03-17 22:17:53,0,0,0.953356,0,2.79908,0,22.4161,0
2015-03-17 22:22:53,1,0,0.912946,0,4.65865,0,22.4161,0
2015-03-17 22:27:53,1,0,1.03002,0,3.01447,0,22.4161,0
2015-03-17 22:32:53,1,0,0.822559,0,0.344063,0,22.4161,0
2015-03-17 22:37:53,0,0,0.92508,0,1.14377,0,22.4161,0
2015-03-17 22:42:53,0,0,1.05808,0,2.66027,0,22.4161,0
2015-03-17 22:47:53,0,0,0.879224,0,5.37592,0,22.4161,0
2015-03-17 22:52:53,0,0,0.941169,0,5.77063,0,22.4161,0
2015-03-17 22:57:53,0,0,0.913139,0,5.87387,0,22.4161,0
2015-03-17 23:02:53,0,0,0.984008,0,5.43315,0,22.4161,0
2015-03-17 23:07:53,0,0,0.958167,0,5.63379,0,22.4161,0
2015-03-17 23:12:53,1,0,0.896462,0,6.46579,0,22.4161,0
2015-03-17 23:17:53,0,0,0.958837,0,4.68066,0,22.4161,0
2015-03-17 23:22:53,0,0,0.915541,0,2.87726,0,22.4161,0
2015-03-17 23:27:53,0,0,0.92094,0,5.5226,0,22.4161,0
2015-03-17 23:32:53,0,0,1.02331,0,5.62853,0,22.4161,0
2015-03-17 23:37:53,0,0,0.892497,0,5.61181,0,22.4161,0
2015-03-17 23:42:53,0,0,0.958994,0,5.70193,0,22.4161,0
2015-03-17 23:47:53,0,0,0.98762,0,5.81391,0,22.4161,0
2015-03-17 23:52:53,0,0,0.956984,0,5.5831,0,22.4161,0
2015-03-17 23:57:53,0,0,0.898292,0,5.80921,0,22.4161,0
2015-03-18 00:02:53,0,0,1.00279,0,5.77512,0,22.4161,0
2015-03-18 00:07:53,0,0,0.897724,0,5.67033,0,22.4161,0
2015-03-18 00:12:53,0,0,0.959867,0,5.59819,0,22.4161,0
2015-03-18 00:17:53,0,0,0.926903,0,5.76369,0,22.4161,0
2015-03-18 00:22:53,0,0,0.977602,0,5.53981,0,22.4161,0
2015-03-18 00:27:53,1,0,1.02151,0,4.7558,0,22.4161,0
2015-03-18 00:32:53,0,0,0.841919,0,3.84702,0,22.4161,0
2015-03-18 00:37:53,0,0,0.99474,0,2.67989,0,22.4161,0
2015-03-18 00:42:53,0,0,0.999131,0,5.29039,0,22.4161,0
2015-03-18 00:47:53,1,0,0.861579,0,5.90482,0,22.4161,0
2015-03-18 00:52:53,0,0,0.977722,0,4.24678,0,22.4161,0
2015-03-18 00:57:53,0,0,0.961167,0,2.70349,0,22.4161,0
2015-03-18 01:02:53,0,0,0.961579,0,5.50135,0,22.4161,0
2015-03-18 01:07:53,0,0,0.957651,0,5.81708,0,22.4161,0
2015-03-18 01:12:53,0,0,0.932484,0,5.76431,0,22.4161,0
2015-03-18 01:17:53,0,0,0.95638,0,5.73252,0,22.4161,0
2015-03-18 01:22:53,1,0,0.849184,0,4.78154,0,22.4161,0
2015-03-18 01:27:53,0,0,1.01561,0,3.73388,0,22.4161,0
2015-03-18 01:32:53,1,0,0.921947,0,1.84483,0,22.4161,0
2015-03-18 01:37:53,0,0,0.888964,0,3.50071,0,22.4161,0
2015-03-18 01:42:53,0,0,0.91126,0,2.77968,0,22.4161,0
2015-03-18 01:47:53,0,0,1.05642,0,5.45503,0,22.4161,0
2015-03-18 01:52:53,0,0,0.918513,0,5.54583,0,22.4161,0
2015-03-18 01:57:53,0,0,0.893173,0,5.76513,0,22.4161,0
2015-03-18 02:02:53,0,1,0.92574,0,5.89945,0,22.4161,0
2015-03-18 02:07:53,0,1,0.978498,0,5.46762,0,22.4161,0
2015-03-18 02:12:53,0,1,0.913051,0,5.5095,0,22.4161,0
2015-03-18 02:17:53,0,1,0.915541,0,5.64727,0,22.4161,0
2015-03-18 02:22:53,0,1,0.910254,0,5.67714,0,22.4161,0
2015-03-18 02:27:53,0,1,0.941496,0,5.48049,0,22.4161,0
2015-03-18 02:32:53,0,1,0.940092,0,5.50863,0,22.4161,0
2015-03-18 02:37:53,0,1,0.939354,0,5.55385,0,22.4161,0
2015-03-18 02:42:53,1,1,0.970285,0,4.76532,0,22.4161,0
2015-03-18 02:47:53,2,1,0.841326,0,3.97128,0,22.4161,0
2015-03-18 02:52:53,2,1,0.944721,0,3.40004,0,22.4161,0
2015-03-18 02:57:53,0,1,0.94441,0,6.35122,0,22.4161,0
2015-03-18 03:02:53,1,1,0.939882,0,6.80899,0,22.4161,0
2015-03-18 03:07:53,0,1,0.914756,0,4.5822,0,22.4161,0
2015-03-18 03:12:53,0,1,0.946008,0,2.96129,0,22.4161,0
2015-03-18 03:17:53,0,1,0.986028,0,5.59516,0,22.4161,0
2015-03-18 03:22:53,0,1,0.917696,0,5.62231,0,22.4161,0
2015-03-18 03:27:53,1,1,1.03721,0,6.6073,0,22.4161,0
2015-03-18 03:32:53,0,1,0.868401,0,5.02777,0,22.4161,0
2015-03-18 03:37:53,0,1,0.980261,0,3.04605,0,22.4161,0
2015-03-18 03:42:53,0,1,0.956163,0,5.4711,0,22.4161,0
2015-03-18 03:47:53,0,1,0.885319,0,5.52189,0,22.4161,0
2015-03-18 03:52:53,0,1,1.01686,0,5.73843,0,22.4161,0
2015-03-18 03:57:53,0,1,0.866159,0,5.65599,0,22.4161,0
2015-03-18 04:02:53,1,1,0.990377,0,6.36479,0,22.4161,0
2015-03-18 04:07:53,0,1,0.963318,0,4.84992,0,22.4161,0
2015-03-18 04:12:53,0,1,0.923578,0,3.45419,0,22.4161,0
2015-03-18 04:17:53,0,1,0.972746,0,5.73631,0,22.4161,0
2015-03-18 04:22:53,0,1,0.804058,0,5.70986,0,22.4161,0
2015-03-18 04:27:53,1,1,1.03366,0,6.7155,0,22.4161,0
2015-03-18 04:32:53,0,1,0.909539,0,5.20161,0,22.4161,0
2015-03-18 04:37:53,0,1,0.929006,0,3.61335,0,22.4161,0
2015-03-18 04:42:53,0,1,1.01029,0,5.61132,0,22.4161,0
2015-03-18 04:47:53,0,1,0.916404,0,5.59691,0,22.4161,0
2015-03-18 04:52:53,1,1,1.0811,0,6.52934,0,22.4161,0
2015-03-18 04:57:53,1,1,0.828976,0,3.99517,0,22.4161,0
2015-03-18 05:02:53,0,1,0.984205,0,1.24196,0,22.4161,0
2015-03-18 05:07:53,0,1,1.03166,0,2.88545,0,22.4161,0
2015-03-18 05:12:53,0,1,0.823563,0,5.487,0,22.4161,0
2015-03-18 05:17:53,0,1,1.0258,0,5.8395,0,22.4161,0
2015-03-18 05:22:53,0,1,0.94028,0,5.76791,0,22.4161,0
2015-03-18 05:27:53,0,1,0.959237,0,5.46258,0,22.4161,0
2015-03-18 05:32:53,0,1,0.987263,0,5.91721,0,22.4161,0
2015-03-18 05:37:53,0,1,0.842626,0,5.72658,0,22.4161,0
2015-03-18 05:42:53,0,1,1.04049,0,5.69486,0,22.4161,0
2015-03-18 05:47:53,0,1,0.857788,0,5.68753,0,22.4161,0
2015-03-18 05:52:53,0,1,0.920666,0,5.46664,0,22.4161,0
2015-03-18 05:57:53,0,1,0.991934,0,5.75771,0,22.4161,0
2015-03-18 06:02:53,0,1,0.896202,0,5.40663,0,22.4161,0
2015-03-18 06:07:53,0,1,1.06834,0,5.64207,0,22.4161,0
2015-03-18 06:12:53,0,1,0.843276,0,5.83655,0,22.4161,0
2015-03-18 06:17:53,0,1,0.990184,0,5.66856,0,22.4161,0
2015-03-18 06:22:53,0,1,0.9515,0,5.88176,0,22.4161,0
2015-03-18 06:27:53,0,1,0.860349,0,5.4617,0,22.4161,0
2015-03-18 06:32:53,1,1,1.03665,0,7.85558,0,22.4161,0
2015-03-18 06:37:53,0,1,0.839854,0,4.17045,0,22.4161,0
2015-03-18 06:42:53,0,1,0.915224,0,3.18812,0,22.4161,0
2015-03-18 06:47:53,0,1,1.02576,0,5.26109,0,22.4161,0
2015-03-18 06:52:53,0,1,0.816943,0,5.37577,0,22.4161,0
2015-03-18 06:57:53,0,1,1.05958,0,5.61414,0,22.4161,0
2015-03-18 07:02:53,0,1,0.856487,0,5.77076,0,22.4161,0
2015-03-18 07:07:53,0,1,0.965728,0,5.42647,0,22.4161,0
2015-03-18 07:12:53,0,1,0.987177,0,5.85744,0,22.4161,0
2015-03-18 07:17:53,0,1,0.834374,0,5.48809,0,22.4161,0
2015-03-18 07:22:53,0,1,1.01693,0,5.70591,0,22.4161,0
2015-03-18 07:27:53,0,1,0.824835,0,5.64721,0,22.4161,0
2015-03-18 07:32:53,1,1,0.985467,0,6.04965,0,22.4161,0
2015-03-18 07:37:53,0,1,0.92888,0,4.7241,0,22.4161,0
2015-03-18 07:42:53,0,1,0.878293,0,3.5309,0,22.4161,0
2015-03-18 07:47:53,0,1,1.04269,0,5.47965,0,22.4161,0
2015-03-18 07:52:53,0,1,0.765796,0,5.58591,0,22.4161,0
2015-03-18 07:57:53,0,1,1.05441,0,5.48605,0,22.4161,0
2015-03-18 08:02:53,0,1,0.817695,0,5.71406,0,22.4161,0
2015-03-18 08:07:53,0,1,0.969624,0,5.2239,0,22.4161,0
2015-03-18 08:12:53,1,1,1.06019,0,7.45037,0,22.4161,0
2015-03-18 08:17:53,0,1,0.720843,0,3.57402,0,22.4161,0
2015-03-18 08:22:53,0,1,1.12609,0,2.4646,0,22.4161,0
2015-03-18 08:27:53,0,1,0.813944,0,4.97106,0,22.4161,0
2015-03-18 08:32:53,1,1,0.922093,0,5.48413,0,22.4161,0
2015-03-18 08:37:53,0,1,1.05866,0,4.55583,0,22.4161,0
2015-03-18 08:42:53,0,1,0.789451,0,3.46102,0,22.4161,0
2015-03-18 08:47:53,0,1,1.01897,0,5.36089,0,22.4161,0
2015-03-18 08:52:53,0,1,0.855641,0,5.77387,0,22.4161,0
2015-03-18 08:57:53,0,1,0.997201,0,5.26194,0,22.4161,0
2015-03-18 09:02:53,0,1,0.952552,0,5.7654,0,22.4161,0
2015-03-18 09:07:53,0,1,0.806497,0,5.51388,0,22.4161,0
2015-03-18 09:12:53,0,1,1.07767,0,5.7032,0,22.4161,0
2015-03-18 09:17:53,0,1,0.847919,0,5.54832,0,22.4161,0
2015-03-18 09:22:53,0,1,0.950727,0,5.42275,0,22.4161,0
2015-03-18 09:27:53,0,1,0.925676,0,5.87958,0,22.4161,0
2015-03-18 09:32:53,1,1,0.916129,0,6.1083,0,22.4161,0
2015-03-18 09:37:53,0,1,0.941545,0,4.60427,0,22.4161,0
2015-03-18 09:42:53,0,1,0.883888,0,2.99677,0,22.4161,0
2015-03-18 09:47:53,0,1,0.99592,0,5.51536,0,22.4161,0
2015-03-18 09:52:53,0,1,0.964556,0,5.58833,0,22.4161,0
2015-03-18 09:57:53,0,1,0.869814,0,5.60806,0,22.4161,0
2015-03-18 10:02:53,0,1,0.959618,0,5.78669,0,22.4161,0
2015-03-18 10:07:53,0,1,0.937881,0,5.59291,0,22.4161,0
2015-03-18 10:12:53,0,1,0.962346,0,5.46656,0,22.4161,0
2015-03-18 10:17:53,0,1,0.979738,0,5.71696,0,22.4161,0
2015-03-18 10:22:53,0,1,0.86506,0,5.71807,0,22.4161,0
2015-03-18 10:27:53,0,1,0.917053,0,5.71157,0,22.4161,0
2015-03-18 10:32:53,0,1,0.954054,0,5.58639,0,22.4161,0
2015-03-18 10:37:53,2,1,0.982241,0,5.47523,0,22.4161,0
2015-03-18 10:42:53,0,1,0.820135,0,5.82529,0,22.4161,0
2015-03-18 10:47:53,0,1,1.01545,0,5.92245,0,22.4161,0
2015-03-18 10:52:53,0,1,1.00934,0,5.60244,0,22.4161,0
2015-03-18 10:57:53,0,1,0.809856,0,5.50064,0,22.4161,0
2015-03-18 11:02:53,0,1,1.01573,0,5.87488,0,22.4161,0
2015-03-18 11:07:53,0,1,0.874984,0,5.66347,0,22.4161,0
2015-03-18 11:12:53,0,1,0.983093,0,5.33602,0,22.4161,0
2015-03-18 11:17:53,0,1,0.936569,0,5.78026,0,22.4161,0
2015-03-18 11:22:53,0,1,0.831465,0,5.52771,0,22.4161,0
2015-03-18 11:27:53,0,1,1.10318,0,5.65388,0,22.4161,0
2015-03-18 11:32:53,0,1,0.739458,0,5.57582,0,22.4161,0
2015-03-18 11:37:53,1,1,1.07735,0,6.28717,0,22.4161,0
2015-03-18 11:42:53,0,1,0.878487,0,5.23386,0,22.4161,0
2015-03-18 11:47:53,0,1,0.886706,0,3.90969,0,22.4161,0
2015-03-18 11:52:53,1,1,1.04298,0,7.2435,0,22.4161,0
2015-03-18 11:57:53,0,1,0.828598,0,3.90503,0,22.4161,0
2015-03-18 12:02:53,0,1,1.02303,0,3.06791,0,22.4161,0
2015-03-18 12:07:53,0,1,0.859335,0,5.33794,0,22.4161,0
2015-03-18 12:12:53,0,1,0.900908,0,5.39118,0,22.4161,0
2015-03-18 12:17:53,0,1,1.09978,0,5.68866,0,22.4161,0
2015-03-18 12:22:53,0,1,0.711237,0,5.4796,0,22.4161,0
2015-03-18 12:27:53,0,1,1.08118,0,5.61352,0,22.4161,0
2015-03-18 12:32:53,4,1,0.879707,0,7.64063,0,22.4161,0
2015-03-18 12:37:53,1,1,0.848257,0,8.09164,0,22.4161,0
2015-03-18 12:42:53,1,1,1.05726,0,9.14878,0,22.4161,0
2015-03-18 12:47:53,0,1,0.856205,0,1.72162,0,22.4161,0
2015-03-18 12:52:53,1,1,0.941019,0,3.28426,0,22.4161,0
2015-03-18 12:57:53,1,1,1.00121,0,2.9746,0,22.4161,0
2015-03-18 13:02:53,0,1,0.850097,0,1.55056,0,22.4161,0
2015-03-18 13:07:53,1,1,1.04554,0,2.08966,0,22.4161,0
2015-03-18 13:12:53,0,1,0.856008,0,3.69177,0,22.4161,0
2015-03-18 13:17:53,0,1,1.0383,0,3.30427,0,22.4161,0
2015-03-18 13:22:53,0,1,0.938387,0,5.50052,0,22.4161,0
2015-03-18 13:27:53,0,1,0.797204,0,5.58301,0,22.4161,0
2015-03-18 13:32:53,2,1,1.09621,0,6.19447,0,22.4161,0
2015-03-18 13:37:53,0,1,0.821141,0,6.31696,0,22.4161,0
2015-03-18 13:42:53,1,1,1.01176,0,7.00934,0,22.4161,0
2015-03-18 13:47:53,0,1,0.910922,0,4.84692,0,22.4161,0
2015-03-18 13:52:53,0,1,0.933081,0,3.48349,0,22.4161,0
2015-03-18 13:57:53,2,1,1.09576,0,5.66858,0,22.4161,0
2015-03-18 14:02:53,0,1,0.725588,0,5.96236,0,22.4161,0
2015-03-18 14:07:53,0,1,1.0962,0,6.11787,0,22.4161,0
2015-03-18 14:12:53,0,1,0.920093,0,5.83466,0,22.4161,0
2015-03-18 14:17:53,0,1,0.860889,0,5.28925,0,22.4161,0
2015-03-18 14:22:53,1,1,1.10705,0,7.11781,0,22.4161,0
2015-03-18 14:27:53,0,1,0.77962,0,4.14555,0,22.4161,0
2015-03-18 14:32:53,1,1,1.07166,0,2.65721,0,22.4161,0
2015-03-18 14:37:53,1,1,0.938232,0,2.98204,0,22.4161,0
2015-03-18 14:42:53,0,1,0.878349,0,1.74269,0,22.4161,0
2015-03-18 14:47:53,0,1,1.09324,0,2.9698,0,22.4161,0
2015-03-18 14:52:53,0,1,0.816002,0,5.66463,0,22.4161,0
2015-03-18 14:57:53,1,1,1.07155,0,6.51891,0,22.4161,0
2015-03-18 15:02:53,0,1,0.900664,0,5.23265,0,22.4161,0
2015-03-18 15:07:53,0,1,0.936953,0,3.65263,0,22.4161,0
2015-03-18 15:12:53,0,1,1.09937,0,5.72647,0,22.4161,0
2015-03-18 15:17:53,0,1,0.781225,0,5.67527,0,22.4161,0
2015-03-18 15:22:53,0,1,1.0676,0,5.79083,0,22.4161,0
2015-03-18 15:27:53,2,1,0.863382,0,5.79297,0,22.4161,0
2015-03-18 15:32:53,0,1,0.911472,0,5.07187,0,22.4161,0
2015-03-18 15:37:53,0,1,1.07673,0,5.43545,0,22.4161,0
2015-03-18 15:42:53,2,1,0.800163,0,5.33636,0,22.4161,0
2015-03-18 15:47:53,0,1,1.01926,0,5.38111,0,22.4161,0
2015-03-18 15:52:53,0,1,1.00326,0,5.38938,0,22.4161,0
2015-03-18 15:57:53,2,1,0.876805,0,5.43574,0,22.4161,0
2015-03-18 16:02:53,0,1,1.03649,0,5.92805,0,22.4161,0
2015-03-18 16:07:53,0,1,0.867606,0,5.78033,0,22.4161,0
2015-03-18 16:12:53,0,1,1.01608,0,5.57101,0,22.4161,0
2015-03-18 16:17:53,2,1,1.00717,0,5.82862,0,22.4161,0
2015-03-18 16:22:53,0,1,0.810631,0,5.57783,0,22.4161,0
2015-03-18 16:27:53,1,1,1.05323,0,5.15547,0,22.4161,0
2015-03-18 16:32:53,0,1,0.870883,0,4.45347,0,22.4161,0
2015-03-18 16:37:53,3,1,0.984815,0,4.78805,0,22.4161,0
2015-03-18 16:42:53,1,1,0.949958,0,9.35625,0,22.4161,0
2015-03-18 16:47:53,0,1,0.901931,0,9.15476,0,22.4161,0
2015-03-18 16:52:53,0,1,1.0393,0,2.8474,0,22.4161,0
2015-03-18 16:57:53,0,1,0.852905,0,5.69304,0,22.4161,0
2015-03-18 17:02:53,1,1,1.04354,0,6.53921,0,22.4161,0
2015-03-18 17:07:53,0,1,0.917027,0,5.06336,0,22.4161,0
2015-03-18 17:12:53,0,1,0.887205,0,3.47009,0,22.4161,0
2015-03-18 17:17:53,0,1,1.10118,0,5.58687,0,22.4161,0
2015-03-18 17:22:53,4,1,0.78827,0,7.42431,0,22.4161,0
2015-03-18 17:27:53,2,1,1.0086,0,9.67098,0,22.4161,0
2015-03-18 17:32:53,2,1,0.884066,0,12.1113,0,22.4161,0
2015-03-18 17:37:53,1,1,1.0134,0,8.8577,0,22.4161,0
2015-03-18 17:42:53,0,1,0.931795,0,4.21948,0,22.4161,0
2015-03-18 17:47:53,0,1,0.956117,0,3.29934,0,22.4161,0
2015-03-18 17:52:53,0,1,1.00073,0,5.66871,0,22.4161,0
2015-03-18 17:57:53,4,1,0.897772,0,7.70689,0,22.4161,0
2015-03-18 18:02:53,3,1,1.00026,0,10.9691,0,22.4161,0
2015-03-18 18:07:53,2,1,0.948352,0,14.202,0,22.4161,0
2015-03-18 18:12:53,1,1,0.939045,0,14.3523,0,22.4161,0
2015-03-18 18:17:53,0,1,0.954183,0,4.04156,0,22.4161,0
2015-03-18 18:22:53,0,1,0.991379,0,2.98722,0,22.4161,0
2015-03-18 18:27:53,0,1,0.947999,0,5.71688,0,22.4161,0
2015-03-18 18:32:53,0,1,0.951258,0,5.79331,0,22.4161,0
2015-03-18 18:37:53,0,1,0.979884,0,5.82139,0,22.4161,0
2015-03-18 18:42:53,0,1,1.01189,0,5.7264,0,22.4161,0
2015-03-18 18:47:53,0,1,0.938658,0,5.82543,0,22.4161,0
2015-03-18 18:52:53,0,1,0.900273,0,5.90209,0,22.4161,0
2015-03-18 18:57:53,0,1,1.02838,0,5.81325,0,22.4161,0
2015-03-18 19:02:53,0,1,0.922725,0,5.6449,0,22.4161,0
2015-03-18 19:07:53,0,1,0.891152,0,5.6803,0,22.4161,0
2015-03-18 19:12:53,0,1,1.0421,0,5.82173,0,22.4161,0
2015-03-18 19:17:53,0,1,0.931096,0,5.59258,0,22.4161,0
2015-03-18 19:22:53,0,1,0.944081,0,5.68876,0,22.4161,0
2015-03-18 19:27:53,1,1,1.00293,0,8.34041,0,22.4161,0
2015-03-18 19:32:53,0,1,0.903968,0,3.90806,0,22.4161,0
2015-03-18 19:37:53,0,1,0.984287,0,2.94438,0,22.4161,0
2015-03-18 19:42:53,1,1,0.934496,0,4.54729,0,22.4161,0
2015-03-18 19:47:53,0,1,0.939183,0,3.67783,0,22.4161,0
2015-03-18 19:52:53,0,1,0.991812,0,2.85531,0,22.4161,0
2015-03-18 19:57:53,0,1,0.927404,0,5.67367,0,22.4161,0
2015-03-18 20:02:53,0,1,1.07873,0,5.72858,0,22.4161,0
2015-03-18 20:07:53,1,1,0.910574,0,4.90897,0,22.4161,0
2015-03-18 20:12:53,0,1,0.897604,0,3.85024,0,22.4161,0
2015-03-18 20:17:53,0,1,1.01586,0,2.95493,0,22.4161,0
2015-03-18 20:22:53,0,1,0.921655,0,5.54279,0,22.4161,0
2015-03-18 20:27:53,0,1,0.897339,0,5.64619,0,22.4161,0
2015-03-18 20:32:53,2,1,0.961306,0,5.99356,0,22.4161,0
2015-03-18 20:37:53,0,1,0.924969,0,5.93159,0,22.4161,0
2015-03-18 20:42:53,2,1,1.03435,0,6.30563,0,22.4161,0
2015-03-18 20:47:53,1,1,0.886307,0,6.88985,0,22.4161,0
2015-03-18 20:52:53,1,1,0.958971,0,3.40748,0,22.4161,0
2015-03-18 20:57:53,0,1,0.930344,0,1.2894,0,22.4161,0
2015-03-18 21:02:53,0,1,0.882246,0,3.18937,0,22.4161,0
2015-03-18 21:07:53,1,1,1.01822,0,4.83739,0,22.4161,0
2015-03-18 21:12:53,0,1,0.907044,0,4.04476,0,22.4161,0
2015-03-18 21:17:53,0,1,0.950621,0,3.24681,0,22.4161,0
2015-03-18 21:22:53,0,1,0.972244,0,5.55873,0,22.4161,0
2015-03-18 21:27:53,0,1,0.885821,0,5.59462,0,22.4161,0
2015-03-18 21:32:53,0,1,1.0384,0,5.68217,0,22.4161,0
2015-03-18 21:37:53,0,1,0.831458,0,5.72677,0,22.4161,0
2015-03-18 21:42:53,0,1,1.02347,0,5.56572,0,22.4161,0
2015-03-18 21:47:53,1,1,0.912326,0,4.80158,0,22.4161,0
2015-03-18 21:52:53,0,1,0.865339,0,3.45364,0,22.4161,0
2015-03-18 21:57:53,0,1,1.00014,0,2.7604,0,22.4161,0
2015-03-18 22:02:53,1,1,0.854396,0,4.4678,0,22.4161,0
2015-03-18 22:07:53,0,1,0.978781,0,3.45069,0,22.4161,0
2015-03-18 22:12:53,0,1,0.923843,0,2.68799,0,22.4161,0
2015-03-18 22:17:53,0,1,0.924921,0,5.44459,0,22.4161,0
2015-03-18 22:22:53,0,1,0.965363,0,5.70895,0,22.4161,0
2015-03-18 22:27:53,0,1,0.9255,0,5.58674,0,22.4161,0
2015-03-18 22:32:53,2,1,0.929788,0,5.77999,0,22.4161,0
2015-03-18 22:37:53,0,1,0.93567,0,5.97488,0,22.4161,0
2015-03-18 22:42:53,1,1,0.92293,0,5.1474,0,22.4161,0
2015-03-18 22:47:53,0,1,0.982426,0,3.84095,0,22.4161,0
2015-03-18 22:52:53,0,1,0.936783,0,3.02128,0,22.4161,0
2015-03-18 22:57:53,0,1,0.955199,0,5.67042,0,22.4161,0
2015-03-18 23:02:53,0,1,0.943614,0,5.77604,0,22.4161,0
2015-03-18 23:07:53,2,1,0.941241,0,5.77713,0,22.4161,0
2015-03-18 23:12:53,0,1,0.977161,0,5.91961,0,22.4161,0
2015-03-18 23:17:53,0,1,0.899796,0,6.0288,0,22.4161,0
2015-03-18 23:22:53,1,1,1.00656,0,6.73457,0,22.4161,0
2015-03-18 23:27:53,0,1,0.901598,0,5.04045,0,22.4161,0
2015-03-18 23:32:53,0,1,0.973033,0,3.12528,0,22.4161,0
2015-03-18 23:37:53,1,1,0.909117,0,4.56118,0,22.4161,0
2015-03-18 23:42:53,0,1,0.906744,0,3.66785,0,22.4161,0
2015-03-18 23:47:53,0,1,1.04282,0,2.80588,0,22.4161,0
2015-03-18 23:52:53,0,1,0.939938,0,5.58366,0,22.4161,0
2015-03-18 23:57:53,0,1,0.93489,0,5.74581,0,22.4161,0
2015-03-19 00:02:53,0,1,0.972809,0,5.94322,0,22.4161,0
2015-03-19 00:07:53,0,1,0.917767,0,5.6624,0,22.4161,0
2015-03-19 00:12:53,0,1,1.01962,0,5.66806,0,22.4161,0
2015-03-19 00:17:53,0,1,0.851507,0,5.77358,0,22.4161,0
2015-03-19 00:22:53,0,1,0.981909,0,5.64404,0,22.4161,0
2015-03-19 00:27:53,0,1,1.01534,0,5.74377,0,22.4161,0
2015-03-19 00:32:53,0,1,0.802919,0,5.53368,0,22.4161,0
2015-03-19 00:37:53,1,1,1.07777,0,7.9456,0,22.4161,0
2015-03-19 00:42:53,0,1,0.824158,0,5.4456,0,22.4161,0
2015-03-19 00:47:53,0,1,0.987322,0,3.49412,0,22.4161,0
2015-03-19 00:52:53,0,1,0.960544,0,5.4192,0,22.4161,0
2015-03-19 00:57:53,0,1,0.84654,0,5.40766,0,22.4161,0
2015-03-19 01:02:53,0,1,1.08422,0,5.72959,0,22.4161,0
2015-03-19 01:07:53,0,1,0.829628,0,5.65893,0,22.4161,0
2015-03-19 01:12:53,0,1,1.01963,0,5.53769,0,22.4161,0
2015-03-19 01:17:53,0,1,0.988673,0,5.93154,0,22.4161,0
2015-03-19 01:22:53,0,1,0.788057,0,5.51681,0,22.4161,0
2015-03-19 01:27:53,0,1,1.11874,0,5.82428,0,22.4161,0
2015-03-19 01:32:53,0,1,0.798585,0,5.66087,0,22.4161,0
2015-03-19 01:37:53,0,1,0.965704,0,5.40023,0,22.4161,0
2015-03-19 01:42:53,1,1,0.969113,0,7.88585,0,22.4161,0
2015-03-19 01:47:53,0,1,0.913937,0,3.43346,0,22.4161,0
2015-03-19 01:52:53,0,1,0.97741,0,2.97166,0,22.4161,0
2015-03-19 01:57:53,0,1,0.865823,0,5.67064,0,22.4161,0
2015-03-19 02:02:53,1,1,1.00751,0,6.57692,0,22.4161,0
2015-03-19 02:07:53,0,1,0.879602,0,4.99939,0,22.4161,0
2015-03-19 02:12:53,0,1,0.913179,0,3.19805,0,22.4161,0
2015-03-19 02:17:53,0,1,1.01998,0,5.34124,0,22.4161,0
2015-03-19 02:22:53,0,1,0.868371,0,5.48514,0,22.4161,0
2015-03-19 02:27:53,0,1,0.969308,0,5.64786,0,22.4161,0
2015-03-19 02:32:53,0,1,0.879183,0,5.76598,0,22.4161,0
2015-03-19 02:37:53,0,1,0.995669,0,5.42291,0,22.4161,0
2015-03-19 02:42:53,1,1,0.926769,0,4.67062,0,22.4161,0
2015-03-19 02:47:53,0,1,0.844742,0,3.57298,0,22.4161,0
2015-03-19 02:52:53,0,1,1.11382,0,2.77124,0,22.4161,0
2015-03-19 02:57:53,0,1,0.77836,0,5.63046,0,22.4161,0
2015-03-19 03:02:53,0,1,0.940005,0,5.54023,0,22.4161,0
2015-03-19 03:07:53,0,1,1.03087,0,5.83819,0,22.4161,0
2015-03-19 03:12:53,0,1,0.777136,0,5.24596,0,22.4161,0
2015-03-19 03:17:53,0,1,1.04888,0,5.65889,0,22.4161,0
2015-03-19 03:22:53,0,1,0.849029,0,5.69576,0,22.4161,0
2015-03-19 03:27:53,0,1,0.980765,0,5.2782,0,22.4161,0
2015-03-19 03:32:53,1,1,0.900988,0,7.46205,0,22.4161,0
2015-03-19 03:37:53,0,1,0.834734,0,3.48655,0,22.4161,0
2015-03-19 03:42:53,0,1,1.07786,0,2.69442,0,22.4161,0
2015-03-19 03:47:53,0,1,0.830048,0,5.45029,0,22.4161,0
2015-03-19 03:52:53,1,1,0.927657,0,6.16881,0,22.4161,0
2015-03-19 03:57:53,1,1,1.00309,0,3.98476,0,22.4161,0
2015-03-19 04:02:53,0,1,0.867774,0,1.65763,0,22.4161,0
2015-03-19 04:07:53,0,1,1.0388,0,2.90197,0,22.4161,0
2015-03-19 04:12:53,0,1,0.829122,0,5.39004,0,22.4161,0
2015-03-19 04:17:53,0,1,0.941473,0,5.51005,0,22.4161,0
2015-03-19 04:22:53,0,1,1.10082,0,5.71613,0,22.4161,0
2015-03-19 04:27:53,1,1,0.710092,0,6.02173,0,22.4161,0
2015-03-19 04:32:53,1,1,1.03089,0,3.98362,0,22.4161,0
2015-03-19 04:37:53,0,1,0.918366,0,1.91317,0,22.4161,0
2015-03-19 04:42:53,0,1,0.987883,0,4.0074,0,22.4161,0
2015-03-19 04:47:53,0,1,0.944117,0,5.70327,0,22.4161,0
2015-03-19 04:52:53,1,1,0.843246,0,6.50868,0,22.4161,0
2015-03-19 04:57:53,0,1,1.06032,0,4.66483,0,22.4161,0
2015-03-19 05:02:53,1,1,0.907353,0,1.91446,0,22.4161,0
2015-03-19 05:07:53,0,1,0.885768,0,3.55774,0,22.4161,0
2015-03-19 05:12:53,0,1,1.03107,0,2.88144,0,22.4161,0
2015-03-19 05:17:53,0,1,0.929353,0,5.52466,0,22.4161,0
2015-03-19 05:22:53,0,1,0.936972,0,5.6488,0,22.4161,0
2015-03-19 05:27:53,0,1,0.97269,0,5.88889,0,22.4161,0
2015-03-19 05:32:53,0,1,0.932108,0,5.63469,0,22.4161,0
2015-03-19 05:37:53,0,1,0.950203,0,5.6884,0,22.4161,0
2015-03-19 05:42:53,0,1,0.906927,0,5.73249,0,22.4161,0
2015-03-19 05:47:53,0,1,0.985172,0,5.60366,0,22.4161,0
2015-03-19 05:52:53,0,1,0.981089,0,5.64964,0,22.4161,0
2015-03-19 05:57:53,0,1,0.878195,0,5.67221,0,22.4161,0
2015-03-19 06:02:53,0,1,1.00529,0,5.79589,0,22.4161,0
2015-03-19 06:07:53,0,1,0.926255,0,5.70495,0,22.4161,0
2015-03-19 06:12:53,0,1,0.970984,0,5.57143,0,22.4161,0
2015-03-19 06:17:53,0,1,0.917673,0,5.83937,0,22.4161,0
2015-03-19 06:22:53,0,1,0.91323,0,5.63841,0,22.4161,0
2015-03-19 06:27:53,0,1,1.01616,0,5.66153,0,22.4161,0
2015-03-19 06:32:53,0,1,0.904661,0,5.59564,0,22.4161,0
2015-03-19 06:37:53,0,1,0.987613,0,5.67667,0,22.4161,0
2015-03-19 06:42:53,1,1,0.860338,0,4.87019,0,22.4161,0
2015-03-19 06:47:53,0,1,0.972809,0,3.5991,0,22.4161,0
2015-03-19 06:52:53,0,1,0.962403,0,2.73065,0,22.4161,0
2015-03-19 06:57:53,0,1,0.949393,0,5.48904,0,22.4161,0
2015-03-19 07:02:53,0,1,0.918048,0,5.79263,0,22.4161,0
2015-03-19 07:07:53,1,1,1.02001,0,4.86795,0,22.4161,0
2015-03-19 07:12:53,0,1,0.912343,0,4.0321,0,22.4161,0
2015-03-19 07:17:53,0,1,0.991062,0,3.12488,0,22.4161,0
2015-03-19 07:22:53,0,1,0.87756,0,5.63283,0,22.4161,0
2015-03-19 07:27:53,0,1,0.929452,0,5.59671,0,22.4161,0
2015-03-19 07:32:53,0,1,0.965497,0,5.65776,0,22.4161,0
2015-03-19 07:37:53,0,1,0.922898,0,5.45708,0,22.4161,0
2015-03-19 07:42:53,0,1,0.985404,0,5.64225,0,22.4161,0
2015-03-19 07:47:53,0,1,0.903534,0,5.72769,0,22.4161,0
2015-03-19 07:52:53,0,1,0.880461,0,5.64304,0,22.4161,0
2015-03-19 07:57:53,0,1,1.00437,0,5.64374,0,22.4161,0
2015-03-19 08:02:53,0,1,0.864557,0,5.4759,0,22.4161,0
2015-03-19 08:07:53,0,1,0.974431,0,5.51469,0,22.4161,0
2015-03-19 08:12:53,0,1,0.924784,0,5.71666,0,22.4161,0
2015-03-19 08:17:53,0,1,0.933143,0,5.46732,0,22.4161,0
2015-03-19 08:22:53,0,1,0.934573,0,5.70601,0,22.4161,0
2015-03-19 08:27:53,1,1,0.868687,0,4.70606,0,22.4161,0
2015-03-19 08:32:53,0,1,0.954186,0,3.79897,0,22.4161,0
2015-03-19 08:37:53,1,1,0.965265,0,1.97947,0,22.4161,0
2015-03-19 08:42:53,0,1,0.811105,0,3.66296,0,22.4161,0
2015-03-19 08:47:53,0,1,1.07754,0,2.72078,0,22.4161,0
2015-03-19 08:52:53,0,1,0.861829,0,5.272,0,22.4161,0
2015-03-19 08:57:53,0,1,0.899217,0,5.45022,0,22.4161,0
2015-03-19 09:02:53,0,1,1.04435,0,5.85549,0,22.4161,0
2015-03-19 09:07:53,0,1,0.823668,0,5.42827,0,22.4161,0
2015-03-19 09:12:53,0,1,1.03998,0,5.61001,0,22.4161,0
2015-03-19 09:17:53,0,1,0.881313,0,5.82036,0,22.4161,0
2015-03-19 09:22:53,0,1,0.92721,0,5.43228,0,22.4161,0
2015-03-19 09:27:53,0,1,1.04571,0,5.80979,0,22.4161,0
2015-03-19 09:32:53,0,1,0.721622,0,5.54407,0,22.4161,0
2015-03-19 09:37:53,0,1,1.06851,0,5.59467,0,22.4161,0
2015-03-19 09:42:53,0,1,0.85202,0,5.64889,0,22.4161,0
2015-03-19 09:47:53,0,1,0.979977,0,5.1539,0,22.4161,0
2015-03-19 09:52:53,0,1,0.913037,0,5.88955,0,22.4161,0
2015-03-19 09:57:53,1,1,0.916435,0,6.09115,0,22.4161,0
2015-03-19 10:02:53,1,1,0.925528,0,3.72564,0,22.4161,0
2015-03-19 10:07:53,2,1,0.890285,0,1.50249,0,22.4161,0
2015-03-19 10:12:53,1,1,0.894921,0,2.50936,0,22.4161,0
2015-03-19 10:17:53,0,1,0.955745,0,4.33777,0,22.4161,0
2015-03-19 10:22:53,1,1,0.978199,0,2.16324,0,22.4161,0
2015-03-19 10:27:53,0,1,0.923572,0,3.75147,0,22.4161,0
2015-03-19 10:32:53,0,1,1.00064,0,3.01314,0,22.4161,0
2015-03-19 10:37:53,0,1,0.934976,0,5.70571,0,22.4161,0
2015-03-19 10:42:53,0,1,0.930076,0,5.70698,0,22.4161,0
2015-03-19 10:47:53,0,1,1.02903,0,5.80196,0,22.4161,0
2015-03-19 10:52:53,0,1,0.883006,0,5.69411,0,22.4161,0
2015-03-19 10:57:53,0,0,1.26906,0,5.7313,0,22.4161,0
2015-03-19 11:02:53,0,0,1.2782,0,6.12217,0,22.4161,0
2015-03-19 11:07:53,1,0,1.22508,0,6.99736,0,22.4161,0
2015-03-19 11:12:53,0,0,1.27635,0,6.1207,0,22.4161,0
2015-03-19 11:17:53,0,0,1.17918,0,4.56113,0,22.4161,0
2015-03-19 11:22:53,0,0,1.29525,0,7.40713,0,22.4161,0
2015-03-19 11:27:53,0,0,1.23189,0,7.48265,0,22.4161,0
2015-03-19 11:32:53,0,0,1.28171,0,7.35991,0,22.4161,0
2015-03-19 11:37:53,0,0,1.22246,0,7.63123,0,22.4161,0
2015-03-19 11:42:53,0,0,1.25814,0,7.48155,0,22.4161,0
2015-03-19 11:47:53,0,0,1.2918,0,7.54819,0,22.4161,0
2015-03-19 11:52:53,0,0,1.202,0,7.47547,0,22.4161,0
2015-03-19 11:57:53,1,0,1.28105,0,6.56003,0,22.4161,0
2015-03-19 12:02:53,0,0,1.29733,0,5.56045,0,22.4161,0
2015-03-19 12:07:53,0,0,1.24477,0,4.46542,0,22.4161,0
2015-03-19 12:12:53,1,0,1.23733,0,6.68257,0,22.4161,0
2015-03-19 12:17:53,0,0,1.19373,0,5.61885,0,22.4161,0
2015-03-19 12:22:53,0,0,1.27318,0,4.40269,0,22.4161,0
2015-03-19 12:27:53,0,0,1.19551,0,7.37263,0,22.4161,0
2015-03-19 12:32:53,0,0,1.27012,0,7.32307,0,22.4161,0
2015-03-19 12:37:53,0,0,1.20795,0,7.48069,0,22.4161,0
2015-03-19 12:42:53,0,0,1.21836,0,7.33473,0,22.4161,0
2015-03-19 12:47:53,1,0,1.25638,0,6.44463,0,22.4161,0
2015-03-19 12:52:53,1,0,1.26249,0,4.31697,0,22.4161,0
2015-03-19 12:57:53,0,0,1.2745,0,2.43035,0,22.4161,0
2015-03-19 13:02:53,0,0,1.31358,0,4.56863,0,22.4161,0
2015-03-19 13:07:53,2,0,1.20371,0,7.0229,0,22.4161,0
2015-03-19 13:12:53,4,0,1.28706,0,7.99264,0,22.4161,0
2015-03-19 13:17:53,0,0,1.29761,0,8.93891,0,22.4161,0
2015-03-19 13:22:53,0,0,1.24565,0,12.2606,0,22.4161,0
2015-03-19 13:27:53,0,0,1.30581,0,7.70205,0,22.4161,0
2015-03-19 13:32:53,0,0,1.2052,0,7.68995,0,22.4161,0
2015-03-19 13:37:53,1,0,1.2315,0,6.55377,0,22.4161,0
2015-03-19 13:42:53,0,0,1.26842,0,5.55933,0,22.4161,0
2015-03-19 13:47:53,0,0,1.305,0,4.34701,0,22.4161,0
2015-03-19 13:52:53,0,0,1.23793,0,7.53633,0,22.4161,0
2015-03-19 13:57:53,1,0,1.15724,0,6.65319,0,22.4161,0
2015-03-19 14:02:53,0,0,1.30981,0,5.5481,0,22.4161,0
2015-03-19 14:07:53,2,0,1.2756,0,3.71846,0,22.4161,0
2015-03-19 14:12:53,0,0,1.30292,0,6.1277,0,22.4161,0
2015-03-19 14:17:53,0,0,1.21622,0,5.92472,0,22.4161,0
2015-03-19 14:22:53,0,0,1.15087,0,7.64889,0,22.4161,0
2015-03-19 14:27:53,0,0,1.31405,0,7.4921,0,22.4161,0
2015-03-19 14:32:53,2,0,1.26731,0,6.63637,0,22.4161,0
2015-03-19 14:37:53,0,0,1.24071,0,6.09184,0,22.4161,0
2015-03-19 14:42:53,0,0,1.28094,0,5.83318,0,22.4161,0
2015-03-19 14:47:53,0,0,1.2152,0,7.56429,0,22.4161,0
2015-03-19 14:52:53,5,0,1.26631,0,10.0688,0,22.4161,0
2015-03-19 14:57:53,1,0,1.2614,0,11.6787,0,22.4161,0
2015-03-19 15:02:53,0,0,1.3259,0,13.1484,0,22.4161,0
2015-03-19 15:07:53,2,0,1.32258,0,3.99582,0,22.4161,0
2015-03-19 15:12:53,0,0,1.24954,0,6.45498,0,22.4161,0
2015-03-19 15:17:53,0,0,1.22067,0,5.917,0,22.4161,0
2015-03-19 15:22:53,0,0,1.21137,0,7.6875,0,22.4161,0
2015-03-19 15:27:53,0,0,1.33538,0,7.40133,0,22.4161,0
2015-03-19 15:32:53,1,0,1.26303,0,6.42012,0,22.4161,0
2015-03-19 15:37:53,0,0,1.18555,0,5.56789,0,22.4161,0
2015-03-19 15:42:53,0,0,1.23196,0,4.71773,0,22.4161,0
2015-03-19 15:47:53,0,0,1.30155,0,7.39214,0,22.4161,0
2015-03-19 15:52:53,0,0,1.23482,0,7.32212,0,22.4161,0
2015-03-19 15:57:53,0,0,1.29122,0,7.53381,0,22.4161,0
2015-03-19 16:02:53,0,0,1.18096,0,7.66552,0,22.4161,0
2015-03-19 16:07:53,0,0,1.30059,0,7.46787,0,22.4161,0
2015-03-19 16:12:53,0,0,1.2805,0,7.53618,0,22.4161,0
2015-03-19 16:17:53,0,0,1.17657,0,7.42454,0,22.4161,0
2015-03-19 16:22:53,0,0,1.29637,0,7.63933,0,22.4161,0
2015-03-19 16:27:53,1,0,1.16327,0,6.491,0,22.4161,0
2015-03-19 16:32:53,0,0,1.35815,0,5.28573,0,22.4161,0
2015-03-19 16:37:53,3,0,1.15513,0,4.8575,0,22.4161,0
2015-03-19 16:42:53,0,0,1.21488,0,7.92864,0,22.4161,0
2015-03-19 16:47:53,0,0,1.35116,0,8.45068,0,22.4161,0
2015-03-19 16:52:53,1,0,1.1853,0,6.24629,0,22.4161,0
2015-03-19 16:57:53,0,0,1.2667,0,5.53225,0,22.4161,0
2015-03-19 17:02:53,1,0,1.2257,0,3.69076,0,22.4161,0
2015-03-19 17:07:53,1,0,1.23941,0,4.31499,0,22.4161,0
2015-03-19 17:12:53,0,0,1.31819,0,2.49089,0,22.4161,0
2015-03-19 17:17:53,0,0,1.22347,0,4.47411,0,22.4161,0
2015-03-19 17:22:53,0,0,1.14834,0,7.57809,0,22.4161,0
2015-03-19 17:27:53,0,0,1.34022,0,7.54986,0,22.4161,0
2015-03-19 17:32:53,0,0,1.18986,0,7.30731,0,22.4161,0
2015-03-19 17:37:53,0,0,1.28732,0,7.31532,0,22.4161,0
2015-03-19 17:42:53,0,0,1.22294,0,7.68771,0,22.4161,0
2015-03-19 17:47:53,0,0,1.21416,0,7.36717,0,22.4161,0
2015-03-19 17:52:53,0,0,1.29049,0,7.522,0,22.4161,0
2015-03-19 17:57:53,0,0,1.22247,0,7.38763,0,22.4161,0
2015-03-19 18:02:53,0,0,1.29992,0,7.44593,0,22.4161,0
2015-03-19 18:07:53,0,0,1.19363,0,7.61633,0,22.4161,0
2015-03-19 18:12:53,0,0,1.30956,0,7.46088,0,22.4161,0
2015-03-19 18:17:53,0,0,1.24862,0,7.5966,0,22.4161,0
2015-03-19 18:22:53,1,0,1.16163,0,6.44865,0,22.4161,0
2015-03-19 18:27:53,0,0,1.28141,0,5.58756,0,22.4161,0
2015-03-19 18:32:53,0,0,1.29019,0,4.35054,0,22.4161,0
2015-03-19 18:37:53,2,0,1.17447,0,6.75752,0,22.4161,0
2015-03-19 18:42:53,0,0,1.23017,0,6.43834,0,22.4161,0
2015-03-19 18:47:53,0,0,1.23281,0,5.70856,0,22.4161,0
2015-03-19 18:52:53,0,0,1.23496,0,7.21657,0,22.4161,0
2015-03-19 18:57:53,0,0,1.33043,0,7.39109,0,22.4161,0
2015-03-19 19:02:53,0,0,1.13579,0,7.49878,0,22.4161,0
2015-03-19 19:07:53,0,0,1.25113,0,7.50153,0,22.4161,0
2015-03-19 19:12:53,0,0,1.27206,0,7.51402,0,22.4161,0
2015-03-19 19:17:53,0,0,1.21567,0,7.1817,0,22.4161,0
2015-03-19 19:22:53,0,0,1.23929,0,7.5132,0,22.4161,0
2015-03-19 19:27:53,0,0,1.20593,0,7.48681,0,22.4161,0
2015-03-19 19:32:53,0,0,1.28286,0,7.33153,0,22.4161,0
2015-03-19 19:37:53,0,0,1.21844,0,7.41259,0,22.4161,0
2015-03-19 19:42:53,0,0,1.27541,0,7.40197,0,22.4161,0
2015-03-19 19:47:53,1,0,1.18294,0,6.56088,0,22.4161,0
2015-03-19 19:52:53,0,0,1.2883,0,5.38909,0,22.4161,0
2015-03-19 19:57:53,0,0,1.36784,0,4.48042,0,22.4161,0
2015-03-19 20:02:53,0,0,1.19393,0,7.49324,0,22.4161,0
2015-03-19 20:07:53,1,0,1.24616,0,6.79449,0,22.4161,0
2015-03-19 20:12:53,0,0,1.23485,0,5.73753,0,22.4161,0
2015-03-19 20:17:53,0,0,1.25847,0,4.30897,0,22.4161,0
2015-03-19 20:22:53,0,0,1.22622,0,7.46664,0,22.4161,0
2015-03-19 20:27:53,0,0,1.22635,0,7.4477,0,22.4161,0
2015-03-19 20:32:53,0,0,1.27592,0,7.45419,0,22.4161,0
2015-03-19 20:37:53,1,0,1.19562,0,6.40728,0,22.4161,0
2015-03-19 20:42:53,1,0,1.30178,0,4.42652,0,22.4161,0
2015-03-19 20:47:53,0,0,1.16037,0,2.52078,0,22.4161,0
2015-03-19 20:52:53,1,0,1.27282,0,3.35078,0,22.4161,0
2015-03-19 20:57:53,0,0,1.19727,0,5.49889,0,22.4161,0
2015-03-19 21:02:53,1,0,1.30687,0,3.22402,0,22.4161,0
2015-03-19 21:07:53,0,0,1.19205,0,5.51988,0,22.4161,0
2015-03-19 21:12:53,0,0,1.29454,0,4.39761,0,22.4161,0
2015-03-19 21:17:53,0,0,1.22692,0,7.59927,0,22.4161,0
2015-03-19 21:22:53,0,0,1.18473,0,7.39216,0,22.4161,0
2015-03-19 21:27:53,0,0,1.36388,0,7.52219,0,22.4161,0
2015-03-19 21:32:53,0,0,1.19622,0,7.41411,0,22.4161,0
2015-03-19 21:37:53,0,0,1.32526,0,7.47819,0,22.4161,0
2015-03-19 21:42:53,0,0,1.30481,0,7.80935,0,22.4161,0
2015-03-19 21:47:53,0,0,1.18449,0,7.54399,0,22.4161,0
2015-03-19 21:52:53,0,0,1.2354,0,7.76987,0,22.4161,0
2015-03-19 21:57:53,0,0,1.30702,0,7.5188,0,22.4161,0
2015-03-19 22:02:53,1,0,1.24451,0,6.3313,0,22.4161,0
2015-03-19 22:07:53,1,0,1.28053,0,4.56477,0,22.4161,0
2015-03-19 22:12:53,0,0,1.19481,0,2.69061,0,22.4161,0
2015-03-19 22:17:53,0,0,1.25386,0,4.48938,0,22.4161,0
2015-03-19 22:22:53,1,0,1.27021,0,6.48505,0,22.4161,0
2015-03-19 22:27:53,0,0,1.19561,0,5.36234,0,22.4161,0
2015-03-19 22:32:53,0,0,1.31677,0,4.4976,0,22.4161,0
2015-03-19 22:37:53,0,0,1.19953,0,7.51861,0,22.4161,0
2015-03-19 22:42:53,0,0,1.36808,0,7.41991,0,22.4161,0
2015-03-19 22:47:53,0,0,1.14881,0,7.71746,0,22.4161,0
2015-03-19 22:52:53,0,0,1.23238,0,7.48357,0,22.4161,0
2015-03-19 22:57:53,0,0,1.31041,0,7.63425,0,22.4161,0
2015-03-19 23:02:53,0,0,1.23794,0,7.2216,0,22.4161,0
2015-03-19 23:07:53,0,0,1.22163,0,7.55589,0,22.4161,0
2015-03-19 23:12:53,0,0,1.22323,0,7.62874,0,22.4161,0
2015-03-19 23:17:53,0,0,1.20402,0,7.3803,0,22.4161,0
2015-03-19 23:22:53,0,0,1.24634,0,7.31538,0,22.4161,0
2015-03-19 23:27:53,0,0,1.32671,0,7.32408,0,22.4161,0
2015-03-19 23:32:53,0,0,1.14357,0,7.43147,0,22.4161,0
2015-03-19 23:37:53,0,0,1.32924,0,7.53602,0,22.4161,0
2015-03-19 23:42:53,0,0,1.20516,0,7.59652,0,22.4161,0
2015-03-19 23:47:53,0,0,1.31003,0,7.29436,0,22.4161,0
2015-03-19 23:52:53,1,0,1.19956,0,6.70808,0,22.4161,0
2015-03-19 23:57:53,0,0,1.26313,0,5.43509,0,22.4161,0
2015-03-20 00:02:53,0,0,1.33062,0,4.59233,0,22.4161,0
2015-03-20 00:07:53,0,0,1.14635,0,7.45556,0,22.4161,0
2015-03-20 00:12:53,0,0,1.30792,0,7.59699,0,22.4161,0
2015-03-20 00:17:53,1,0,1.15315,0,6.59248,0,22.4161,0
2015-03-20 00:22:53,0,0,1.27515,0,5.20804,0,22.4161,0
2015-03-20 00:27:53,0,0,1.23345,0,4.50523,0,22.4161,0
2015-03-20 00:32:53,0,0,1.18141,0,7.2432,0,22.4161,0
2015-03-20 00:37:53,0,0,1.26321,0,7.47375,0,22.4161,0
2015-03-20 00:42:53,0,0,1.22377,0,7.32637,0,22.4161,0
2015-03-20 00:47:53,0,0,1.24514,0,7.29442,0,22.4161,0
2015-03-20 00:52:53,3,0,1.23974,0,7.99205,0,22.4161,0
2015-03-20 00:57:53,13,0,1.31457,0,18.9413,0,22.4161,0
2015-03-20 01:02:53,7,0,1.25512,0,34.4705,0,22.4161,1
2015-03-20 01:07:53,0,0,1.31169,0,47.9068,0,22.4161,1
2015-03-20 01:12:53,17,0,1.22578,0,35.2548,0,22.4161,1
2015-03-20 01:17:53,5,0,1.26938,0,38.9162,0,22.4161,1
2015-03-20 01:22:53,2,0,1.28012,0,55.344,0,22.4161,1
2015-03-20 01:27:53,5,0,1.2258,0,16.5038,0,22.4161,0
2015-03-20 01:32:53,3,0,1.30437,0,11.4058,0,22.4161,0
2015-03-20 01:37:53,4,0,1.27341,0,17.4037,0,22.4161,0
2015-03-20 01:42:53,1,0,1.20598,0,10.9873,0,22.4161,0
2015-03-20 01:47:53,3,0,1.32642,0,10.4277,0,22.4161,0
2015-03-20 01:52:53,2,0,1.27773,0,5.08186,0,22.4161,0
2015-03-20 01:57:53,2,0,1.25297,0,7.45149,0,22.4161,0
2015-03-20 02:02:53,1,0,1.26618,0,3.71826,0,22.4161,0
2015-03-20 02:07:53,2,0,1.23061,0,3.40656,0,22.4161,0
2015-03-20 02:12:53,0,0,1.30143,0,3.45717,0,22.4161,0
2015-03-20 02:17:53,1,0,1.26093,0,4.9641,0,22.4161,0
2015-03-20 02:22:53,0,0,1.19968,0,5.55561,0,22.4161,0
2015-03-20 02:27:53,0,0,1.30615,0,4.62582,0,22.4161,0
2015-03-20 02:32:53,0,0,1.2159,0,7.48831,0,22.4161,0
2015-03-20 02:37:53,1,0,1.27123,0,6.42724,0,22.4161,0
2015-03-20 02:42:53,0,0,1.25908,0,5.62148,0,22.4161,0
2015-03-20 02:47:53,1,0,1.20092,0,3.44923,0,22.4161,0
2015-03-20 02:52:53,1,0,1.3664,0,4.53277,0,22.4161,0
2015-03-20 02:57:53,0,0,1.19583,0,2.54547,0,22.4161,0
2015-03-20 03:02:53,0,0,1.26593,0,4.53138,0,22.4161,0
2015-03-20 03:07:53,0,0,1.27006,0,7.75678,0,22.4161,0
2015-03-20 03:12:53,0,0,1.23594,0,7.38941,0,22.4161,0
2015-03-20 03:17:53,0,0,1.26531,0,7.57385,0,22.4161,0
2015-03-20 03:22:53,0,0,1.17357,0,7.54739,0,22.4161,0
2015-03-20 03:27:53,0,0,1.26152,0,7.41202,0,22.4161,0
2015-03-20 03:32:53,0,0,1.24252,0,7.40459,0,22.4161,0
2015-03-20 03:37:53,0,0,1.21249,0,7.28628,0,22.4161,0
2015-03-20 03:42:53,0,0,1.21413,0,7.48209,0,22.4161,0
2015-03-20 03:47:53,0,0,1.26637,0,7.36666,0,22.4161,0
2015-03-20 03:52:53,0,0,1.23613,0,7.3321,0,22.4161,0
2015-03-20 03:57:53,2,0,1.25338,0,6.93899,0,22.4161,0
2015-03-20 04:02:53,0,0,1.22274,0,6.58021,0,22.4161,0
2015-03-20 04:07:53,0,0,1.28921,0,6.0211,0,22.4161,0
2015-03-20 04:12:53,0,0,1.2115,0,7.49483,0,22.4161,0
2015-03-20 04:17:53,0,0,1.26609,0,7.45812,0,22.4161,0
2015-03-20 04:22:53,0,0,1.27225,0,7.55671,0,22.4161,0
2015-03-20 04:27:53,0,0,1.14184,0,7.43893,0,22.4161,0
2015-03-20 04:32:53,1,0,1.30737,0,6.4846,0,22.4161,0
2015-03-20 04:37:53,0,0,1.20445,0,5.40781,0,22.4161,0
2015-03-20 04:42:53,0,0,1.21792,0,4.2447,0,22.4161,0
2015-03-20 04:47:53,0,0,1.19389,0,7.54893,0,22.4161,0
2015-03-20 04:52:53,0,0,1.24534,0,7.24308,0,22.4161,0
2015-03-20 04:57:53,1,0,1.24752,0,6.28689,0,22.4161,0
2015-03-20 05:02:53,0,0,1.1999,0,5.31988,0,22.4161,0
2015-03-20 05:07:53,0,0,1.21255,0,4.43096,0,22.4161,0
2015-03-20 05:12:53,2,0,1.22632,0,6.92979,0,22.4161,0
2015-03-20 05:17:53,0,0,1.2577,0,6.4009,0,22.4161,0
2015-03-20 05:22:53,0,0,1.20817,0,6.07268,0,22.4161,0
2015-03-20 05:27:53,0,0,1.22182,0,7.40253,0,22.4161,0
2015-03-20 05:32:53,0,0,1.21291,0,7.41126,0,22.4161,0
2015-03-20 05:37:53,0,0,1.26087,0,7.28106,0,22.4161,0
2015-03-20 05:42:53,0,0,1.16784,0,7.35215,0,22.4161,0
2015-03-20 05:47:53,0,0,1.28456,0,7.32831,0,22.4161,0
2015-03-20 05:52:53,0,0,1.21786,0,7.40285,0,22.4161,0
2015-03-20 05:57:53,0,0,1.2422,0,7.29051,0,22.4161,0
2015-03-20 06:02:53,0,0,1.34837,0,7.53161,0,22.4161,0
2015-03-20 06:07:53,0,0,1.13337,0,7.48635,0,22.4161,0
2015-03-20 06:12:53,0,0,1.35414,0,7.55672,0,22.4161,0
2015-03-20 06:17:53,0,0,1.25432,0,7.666,0,22.4161,0
2015-03-20 06:22:53,0,0,1.23569,0,7.36271,0,22.4161,0
2015-03-20 06:27:53,0,0,1.29405,0,7.80675,0,22.4161,0
2015-03-20 06:32:53,0,0,1.25688,0,7.52838,0,22.4161,0
2015-03-20 06:37:53,0,0,1.29987,0,7.55204,0,22.4161,0
2015-03-20 06:42:53,2,0,1.24987,0,7.09603,0,22.4161,0
2015-03-20 06:47:53,0,0,1.25372,0,6.42077,0,22.4161,0
2015-03-20 06:52:53,0,0,1.37939,0,5.85385,0,22.4161,0
2015-03-20 06:57:53,0,0,1.20758,0,7.63644,0,22.4161,0
2015-03-20 07:02:53,0,0,1.26898,0,7.72753,0,22.4161,0
2015-03-20 07:07:53,0,0,1.32586,0,7.82231,0,22.4161,0
2015-03-20 07:12:53,1,0,1.15787,0,6.48655,0,22.4161,0
2015-03-20 07:17:53,0,0,1.38807,0,5.61653,0,22.4161,0
2015-03-20 07:22:53,0,0,1.14365,0,4.68141,0,22.4161,0
2015-03-20 07:27:53,0,0,1.2527,0,7.39343,0,22.4161,0
2015-03-20 07:32:53,1,0,1.19763,0,6.70423,0,22.4161,0
2015-03-20 07:37:53,0,0,1.29075,0,5.13398,0,22.4161,0
2015-03-20 07:42:53,0,1,1.25355,0,4.4441,0,22.4161,0
2015-03-20 07:47:53,1,1,1.23771,0,6.42794,0,22.4161,0
2015-03-20 07:52:53,0,1,1.25778,0,5.61706,0,22.4161,0
2015-03-20 07:57:53,0,1,1.28422,0,4.49384,0,22.4161,0
2015-03-20 08:02:53,1,1,1.2097,0,6.51291,0,22.4161,0
2015-03-20 08:07:53,0,1,1.29947,0,5.55148,0,22.4161,0
2015-03-20 08:12:53,0,1,1.24162,0,4.57153,0,22.4161,0
2015-03-20 08:17:53,0,1,1.18695,0,7.46966,0,22.4161,0
2015-03-20 08:22:53,0,1,1.32356,0,7.56861,0,22.4161,0
2015-03-20 08:27:53,1,1,1.13905,0,6.42232,0,22.4161,0
2015-03-20 08:32:53,0,1,1.32763,0,5.34702,0,22.4161,0
2015-03-20 08:37:53,0,1,1.2856,0,4.57639,0,22.4161,0
2015-03-20 08:42:53,0,1,1.15038,0,7.358,0,22.4161,0
2015-03-20 08:47:53,0,1,1.28021,0,7.70447,0,22.4161,0
2015-03-20 08:52:53,0,1,1.1787,0,7.43778,0,22.4161,0
2015-03-20 08:57:53,0,1,1.2978,0,7.19027,0,22.4161,0
2015-03-20 09:02:53,0,1,1.27187,0,7.49583,0,22.4161,0
2015-03-20 09:07:53,0,1,1.21286,0,7.40357,0,22.4161,0
2015-03-20 09:12:53,0,1,1.20196,0,7.65,0,22.4161,0
2015-03-20 09:17:53,0,1,1.28842,0,7.44329,0,22.4161,0
2015-03-20 09:22:53,0,1,1.17415,0,7.3309,0,22.4161,0
2015-03-20 09:27:53,0,1,1.30936,0,7.35685,0,22.4161,0
2015-03-20 09:32:53,0,1,1.20029,0,7.52291,0,22.4161,0
2015-03-20 09:37:53,0,1,1.27972,0,7.34147,0,22.4161,0
2015-03-20 09:42:53,1,1,1.19861,0,6.60837,0,22.4161,0
2015-03-20 09:47:53,0,1,1.28894,0,5.35892,0,22.4161,0
2015-03-20 09:52:53,0,1,1.22752,0,4.52532,0,22.4161,0
2015-03-20 09:57:53,0,1,1.21667,0,7.40122,0,22.4161,0
2015-03-20 10:02:53,0,1,1.29916,0,7.5385,0,22.4161,0
2015-03-20 10:07:53,1,1,1.23106,0,6.41504,0,22.4161,0
2015-03-20 10:12:53,0,1,1.20538,0,5.47939,0,22.4161,0
2015-03-20 10:17:53,0,1,1.327,0,4.56499,0,22.4161,0
2015-03-20 10:22:53,0,1,1.23935,0,7.43094,0,22.4161,0
2015-03-20 10:27:53,0,1,1.19221,0,7.50948,0,22.4161,0
2015-03-20 10:32:53,0,1,1.24424,0,7.65191,0,22.4161,0
2015-03-20 10:37:53,0,1,1.21612,0,7.3467,0,22.4161,0
2015-03-20 10:42:53,0,1,1.31288,0,7.28123,0,22.4161,0
2015-03-20 10:47:53,0,1,1.21482,0,7.47783,0,22.4161,0
2015-03-20 10:52:53,0,1,1.15706,0,7.48894,0,22.4161,0
2015-03-20 10:57:53,0,1,1.28355,0,7.52533,0,22.4161,0
2015-03-20 11:02:53,0,1,1.17587,0,7.24212,0,22.4161,0
2015-03-20 11:07:53,0,1,1.3299,0,7.21414,0,22.4161,0
2015-03-20 11:12:53,0,1,1.19519,0,7.53229,0,22.4161,0
2015-03-20 11:17:53,0,1,1.1631,0,7.38259,0,22.4161,0
2015-03-20 11:22:53,1,1,1.27261,0,6.54319,0,22.4161,0
2015-03-20 11:27:53,0,1,1.19351,0,5.18439,0,22.4161,0
2015-03-20 11:32:53,0,1,1.3177,0,4.22804,0,22.4161,0
2015-03-20 11:37:53,0,1,1.22163,0,7.52256,0,22.4161,0
2015-03-20 11:42:53,0,1,1.21317,0,7.43757,0,22.4161,0
2015-03-20 11:47:53,1,1,1.34754,0,6.60953,0,22.4161,0
2015-03-20 11:52:53,0,1,1.12592,0,5.43877,0,22.4161,0
2015-03-20 11:57:53,6,1,1.33026,0,8.20866,0,22.4161,0
2015-03-20 12:02:53,2,1,1.26529,0,14.7771,0,22.4161,0
2015-03-20 12:07:53,0,1,1.2758,0,17.227,0,22.4161,0
2015-03-20 12:12:53,0,1,1.23829,0,5.81559,0,22.4161,0
2015-03-20 12:17:53,0,1,1.21096,0,7.58576,0,22.4161,0
2015-03-20 12:22:53,0,1,1.28889,0,7.51493,0,22.4161,0
2015-03-20 12:27:53,0,1,1.18471,0,7.42567,0,22.4161,0
2015-03-20 12:32:53,0,1,1.30741,0,7.39536,0,22.4161,0
2015-03-20 12:37:53,0,1,1.27158,0,7.54352,0,22.4161,0
2015-03-20 12:42:53,1,1,1.1768,0,6.44054,0,22.4161,0
2015-03-20 12:47:53,0,1,1.26143,0,5.64219,0,22.4161,0
2015-03-20 12:52:53,3,1,1.30416,0,4.90689,0,22.4161,0
2015-03-20 12:57:53,3,1,1.22524,0,8.70338,0,22.4161,0
2015-03-20 13:02:53,0,1,1.3455,0,9.83264,0,22.4161,0
2015-03-20 13:07:53,0,1,1.13713,0,8.88351,0,22.4161,0
2015-03-20 13:12:53,0,1,1.26732,0,7.50386,0,22.4161,0
2015-03-20 13:17:53,0,1,1.28788,0,7.57808,0,22.4161,0
2015-03-20 13:22:53,0,1,1.19977,0,7.23392,0,22.4161,0
2015-03-20 13:27:53,3,1,1.32523,0,8.17794,0,22.4161,0
2015-03-20 13:32:53,0,1,1.19497,0,8.78933,0,22.4161,0
2015-03-20 13:37:53,0,1,1.30685,0,9.24612,0,22.4161,0
2015-03-20 13:42:53,0,1,1.18398,0,7.67246,0,22.4161,0
2015-03-20 13:47:53,1,1,1.27937,0,6.38258,0,22.4161,0
2015-03-20 13:52:53,3,1,1.30793,0,6.00914,0,22.4161,0
2015-03-20 13:57:53,0,1,1.24437,0,5.30114,0,22.4161,0
2015-03-20 14:02:53,1,1,1.26934,0,8.02213,0,22.4161,0
2015-03-20 14:07:53,1,1,1.18035,0,4.68187,0,22.4161,0
2015-03-20 14:12:53,1,1,1.27577,0,1.45215,0,22.4161,0
2015-03-20 14:17:53,1,1,1.24346,0,1.44448,0,22.4161,0
2015-03-20 14:22:53,0,1,1.27206,0,2.33606,0,22.4161,0
2015-03-20 14:27:53,1,1,1.23054,0,3.58631,0,22.4161,0
2015-03-20 14:32:53,1,1,1.29421,0,4.50506,0,22.4161,0
2015-03-20 14:37:53,2,1,1.17741,0,1.98306,0,22.4161,0
2015-03-20 14:42:53,1,1,1.33781,0,2.28061,0,22.4161,0
2015-03-20 14:47:53,1,1,1.28345,0,2.81,0,22.4161,0
2015-03-20 14:52:53,0,1,1.325,0,2.49131,0,22.4161,0
2015-03-20 14:57:53,1,1,1.24774,0,3.90533,0,22.4161,0
2015-03-20 15:02:53,1,1,1.18267,0,4.74809,0,22.4161,0
2015-03-20 15:07:53,0,1,1.35687,0,2.65315,0,22.4161,0
2015-03-20 15:12:53,0,1,1.18183,0,4.46542,0,22.4161,0
2015-03-20 15:17:53,1,1,1.32386,0,6.44359,0,22.4161,0
2015-03-20 15:22:53,2,1,1.24222,0,5.11042,0,22.4161,0
2015-03-20 15:27:53,0,1,1.22104,0,3.14001,0,22.4161,0
2015-03-20 15:32:53,1,1,1.28738,0,4.73392,0,22.4161,0
2015-03-20 15:37:53,1,1,1.20398,0,4.45613,0,22.4161,0
2015-03-20 15:42:53,1,1,1.30669,0,1.44187,0,22.4161,0
2015-03-20 15:47:53,0,1,1.23592,0,2.5768,0,22.4161,0
2015-03-20 15:52:53,0,1,1.27776,0,4.46124,0,22.4161,0
2015-03-20 15:57:53,0,1,1.27489,0,7.66966,0,22.4161,0
2015-03-20 16:02:53,0,1,1.29261,0,7.53817,0,22.4161,0
2015-03-20 16:07:53,0,1,1.18952,0,7.67568,0,22.4161,0
2015-03-20 16:12:53,1,1,1.26803,0,6.5994,0,22.4161,0
2015-03-20 16:17:53,0,1,1.25147,0,5.52489,0,22.4161,0
2015-03-20 16:22:53,1,1,1.30649,0,3.35607,0,22.4161,0
2015-03-20 16:27:53,4,1,1.20655,0,7.00053,0,22.4161,0
2015-03-20 16:32:53,0,1,1.26033,0,7.34799,0,22.4161,0
2015-03-20 16:37:53,2,1,1.29486,0,11.2333,0,22.4161,0
2015-03-20 16:42:53,1,1,1.17701,0,5.39387,0,22.4161,0
2015-03-20 16:47:53,0,1,1.37306,0,3.98575,0,22.4161,0
2015-03-20 16:52:53,0,1,1.20566,0,4.61167,0,22.4161,0
2015-03-20 16:57:53,2,1,1.30694,0,7.07148,0,22.4161,0
2015-03-20 17:02:53,0,1,1.3464,0,7.01478,0,22.4161,0
2015-03-20 17:07:53,1,1,1.18706,0,5.3433,0,22.4161,0
2015-03-20 17:12:53,0,1,1.32212,0,5.80069,0,22.4161,0
2015-03-20 17:17:53,1,1,1.25729,0,3.73545,0,22.4161,0
2015-03-20 17:22:53,0,1,1.27058,0,5.46272,0,22.4161,0
2015-03-20 17:27:53,1,1,1.25431,0,3.75151,0,22.4161,0
2015-03-20 17:32:53,0,1,1.30642,0,5.56733,0,22.4161,0
2015-03-20 17:37:53,1,1,1.19159,0,3.62677,0,22.4161,0
2015-03-20 17:42:53,2,1,1.30629,0,5.18417,0,22.4161,0
2015-03-20 17:47:53,1,1,1.23024,0,2.84238,0,22.4161,0
2015-03-20 17:52:53,3,1,1.34522,0,4.80759,0,22.4161,0
2015-03-20 17:57:53,0,1,1.30864,0,5.80362,0,22.4161,0
2015-03-20 18:02:53,0,1,1.23059,0,9.30838,0,22.4161,0
2015-03-20 18:07:53,1,1,1.28467,0,6.88355,0,22.4161,0
2015-03-20 18:12:53,2,1,1.20321,0,5.10245,0,22.4161,0
2015-03-20 18:17:53,2,1,1.39245,0,2.91923,0,22.4161,0
2015-03-20 18:22:53,1,1,1.22825,0,4.13202,0,22.4161,0
2015-03-20 18:27:53,0,1,1.3429,0,4.40352,0,22.4161,0
2015-03-20 18:32:53,0,1,1.25916,0,4.97674,0,22.4161,0
2015-03-20 18:37:53,0,1,1.23561,0,7.62969,0,22.4161,0
2015-03-20 18:42:53,0,1,1.33302,0,7.78263,0,22.4161,0
2015-03-20 18:47:53,0,1,1.21821,0,7.58174,0,22.4161,0
2015-03-20 18:52:53,1,1,1.30749,0,6.59108,0,22.4161,0
2015-03-20 18:57:53,0,1,1.2545,0,5.74298,0,22.4161,0
2015-03-20 19:02:53,1,1,1.27265,0,3.52411,0,22.4161,0
2015-03-20 19:07:53,0,1,1.26005,0,5.70413,0,22.4161,0
2015-03-20 19:12:53,0,1,1.29827,0,4.56887,0,22.4161,0
2015-03-20 19:17:53,0,1,1.24834,0,7.63634,0,22.4161,0
2015-03-20 19:22:53,0,1,1.31008,0,7.62504,0,22.4161,0
2015-03-20 19:27:53,0,1,1.19094,0,7.70157,0,22.4161,0
2015-03-20 19:32:53,0,1,1.3459,0,7.55612,0,22.4161,0
2015-03-20 19:37:53,0,1,1.27102,0,7.65801,0,22.4161,0
2015-03-20 19:42:53,0,1,1.27144,0,7.53563,0,22.4161,0
2015-03-20 19:47:53,0,1,1.32484,0,7.85118,0,22.4161,0
2015-03-20 19:52:53,0,1,1.1918,0,7.68078,0,22.4161,0
2015-03-20 19:57:53,2,1,1.25735,0,7.27221,0,22.4161,0
2015-03-20 20:02:53,0,1,1.24919,0,6.84827,0,22.4161,0
2015-03-20 20:07:53,0,1,1.28869,0,6.18847,0,22.4161,0
2015-03-20 20:12:53,0,1,1.21833,0,7.55911,0,22.4161,0
2015-03-20 20:17:53,0,1,1.25237,0,7.54328,0,22.4161,0
2015-03-20 20:22:53,0,1,1.25457,0,7.55509,0,22.4161,0
2015-03-20 20:27:53,0,1,1.24258,0,7.41429,0,22.4161,0
2015-03-20 20:32:53,1,1,1.28158,0,6.50882,0,22.4161,0
2015-03-20 20:37:53,0,1,1.23583,0,5.53045,0,22.4161,0
2015-03-20 20:42:53,0,1,1.25378,0,4.52672,0,22.4161,0
2015-03-20 20:47:53,0,1,1.2556,0,7.57019,0,22.4161,0
2015-03-20 20:52:53,0,1,1.26383,0,7.47065,0,22.4161,0
2015-03-20 20:57:53,8,1,1.22604,0,13.0087,0,22.4161,0
2015-03-20 21:02:53,1,1,1.30607,0,17.4652,0,22.4161,0
2015-03-20 21:07:53,1,1,1.22227,0,20.9667,0,22.4161,0
2015-03-20 21:12:53,0,1,1.28218,0,2.51253,0,22.4161,0
2015-03-20 21:17:53,0,1,1.24363,0,4.64492,0,22.4161,0
2015-03-20 21:22:53,0,1,1.23531,0,7.4748,0,22.4161,0
2015-03-20 21:27:53,1,1,1.24866,0,6.5691,0,22.4161,0
2015-03-20 21:32:53,0,1,1.32341,0,5.45016,0,22.4161,0
2015-03-20 21:37:53,0,1,1.25699,0,4.52666,0,22.4161,0
2015-03-20 21:42:53,0,1,1.18855,0,7.64977,0,22.4161,0
2015-03-20 21:47:53,0,1,1.2822,0,7.67275,0,22.4161,0
2015-03-20 21:52:53,0,1,1.24138,0,7.43026,0,22.4161,0
2015-03-20 21:57:53,0,1,1.30096,0,7.37143,0,22.4161,0
2015-03-20 22:02:53,0,1,1.22119,0,7.63031,0,22.4161,0
2015-03-20 22:07:53,0,1,1.15108,0,7.54724,0,22.4161,0
2015-03-20 22:12:53,0,1,1.30566,0,7.49632,0,22.4161,0
2015-03-20 22:17:53,0,1,1.23839,0,7.27138,0,22.4161,0
2015-03-20 22:22:53,0,1,1.23706,0,7.30295,0,22.4161,0
2015-03-20 22:27:53,0,1,1.26211,0,7.63082,0,22.4161,0
2015-03-20 22:32:53,0,1,1.16418,0,7.45139,0,22.4161,0
2015-03-20 22:37:53,0,1,1.29693,0,7.39958,0,22.4161,0
2015-03-20 22:42:53,0,1,1.20299,0,7.41162,0,22.4161,0
2015-03-20 22:47:53,0,1,1.26846,0,7.28939,0,22.4161,0
2015-03-20 22:52:53,0,1,1.32429,0,7.56522,0,22.4161,0
2015-03-20 22:57:53,1,1,1.20982,0,6.47017,0,22.4161,0
2015-03-20 23:02:53,0,1,1.24712,0,5.66378,0,22.4161,0
2015-03-20 23:07:53,0,1,1.19589,0,4.63962,0,22.4161,0
2015-03-20 23:12:53,0,1,1.24472,0,7.31959,0,22.4161,0
2015-03-20 23:17:53,0,1,1.26784,0,7.37785,0,22.4161,0
2015-03-20 23:22:53,0,1,1.2126,0,7.34496,0,22.4161,0
2015-03-20 23:27:53,0,1,1.18913,0,7.48244,0,22.4161,0
2015-03-20 23:32:53,0,1,1.26821,0,7.41785,0,22.4161,0
2015-03-20 23:37:53,0,1,1.16484,0,7.28426,0,22.4161,0
2015-03-20 23:42:53,0,1,1.27488,0,7.26864,0,22.4161,0
2015-03-20 23:47:53,0,1,1.14942,0,7.40918,0,22.4161,0
2015-03-20 23:52:53,0,1,1.34881,0,7.19368,0,22.4161,0
2015-03-20 23:57:53,0,1,1.18012,0,7.47229,0,22.4161,0
2015-03-21 00:02:53,0,1,1.27692,0,7.326,0,22.4161,0
2015-03-21 00:07:53,1,1,1.20022,0,6.68361,0,22.4161,0
2015-03-21 00:12:53,0,1,1.18042,0,5.29442,0,22.4161,0
2015-03-21 00:17:53,0,1,1.30825,0,4.41163,0,22.4161,0
2015-03-21 00:22:53,0,1,1.20388,0,7.26975,0,22.4161,0
2015-03-21 00:27:53,0,1,1.18542,0,7.36166,0,22.4161,0
2015-03-21 00:32:53,0,1,1.203,0,7.51795,0,22.4161,0
2015-03-21 00:37:53,0,1,1.21859,0,7.18549,0,22.4161,0
2015-03-21 00:42:53,0,1,1.19575,0,7.18085,0,22.4161,0
2015-03-21 00:47:53,0,1,1.2132,0,7.24193,0,22.4161,0
2015-03-21 00:52:53,0,1,1.21929,0,7.26047,0,22.4161,0
2015-03-21 00:57:53,0,1,1.25876,0,7.23296,0,22.4161,0
2015-03-21 01:02:53,0,1,1.26123,0,7.33696,0,22.4161,0
2015-03-21 01:07:53,0,1,1.13886,0,7.43663,0,22.4161,0
2015-03-21 01:12:53,0,1,1.24014,0,7.4376,0,22.4161,0
2015-03-21 01:17:53,0,1,1.16098,0,7.30153,0,22.4161,0
2015-03-21 01:22:53,0,1,1.31617,0,7.05782,0,22.4161,0
2015-03-21 01:27:53,0,1,1.13489,0,7.35853,0,22.4161,0
2015-03-21 01:32:53,2,1,1.28768,0,6.98038,0,22.4161,0
2015-03-21 01:37:53,1,1,1.16936,0,7.25287,0,22.4161,0
2015-03-21 01:42:53,0,1,1.22224,0,4.88472,0,22.4161,0
2015-03-21 01:47:53,0,1,1.29856,0,4.42401,0,22.4161,0
2015-03-21 01:52:53,0,1,1.15699,0,7.25111,0,22.4161,0
2015-03-21 01:57:53,0,1,1.3404,0,7.42082,0,22.4161,0
2015-03-21 02:02:53,0,1,1.25899,0,7.55004,0,22.4161,0
2015-03-21 02:07:53,0,1,1.31996,0,7.41076,0,22.4161,0
2015-03-21 02:12:53,0,1,1.23317,0,7.85916,0,22.4161,0
2015-03-21 02:17:53,0,1,1.22588,0,7.65008,0,22.4161,0
2015-03-21 02:22:53,0,1,1.20256,0,7.65211,0,22.4161,0
2015-03-21 02:27:53,0,1,1.27997,0,7.35383,0,22.4161,0
2015-03-21 02:32:53,0,1,1.26087,0,7.36271,0,22.4161,0
2015-03-21 02:37:53,0,1,1.22043,0,7.42849,0,22.4161,0
2015-03-21 02:42:53,0,1,1.16467,0,7.58209,0,22.4161,0
2015-03-21 02:47:53,0,1,1.20592,0,7.38814,0,22.4161,0
2015-03-21 02:52:53,0,1,1.27104,0,7.19654,0,22.4161,0
2015-03-21 02:57:53,0,1,1.22831,0,7.17689,0,22.4161,0
2015-03-21 03:02:53,2,1,1.29856,0,6.93153,0,22.4161,0
2015-03-21 03:07:53,0,1,1.16565,0,6.65504,0,22.4161,0
2015-03-21 03:12:53,0,1,1.31614,0,6.07783,0,22.4161,0
2015-03-21 03:17:53,0,1,1.18367,0,7.54312,0,22.4161,0
2015-03-21 03:22:53,2,1,1.24814,0,6.94556,0,22.4161,0
2015-03-21 03:27:53,1,1,1.31516,0,7.32968,0,22.4161,0
2015-03-21 03:32:53,0,1,1.24236,0,4.26043,0,22.4161,0
2015-03-21 03:37:53,0,1,1.28318,0,4.61711,0,22.4161,0
2015-03-21 03:42:53,0,1,1.175,0,7.71339,0,22.4161,0
2015-03-21 03:47:53,0,1,1.25024,0,7.46845,0,22.4161,0
2015-03-21 03:52:53,0,1,1.2013,0,7.44977,0,22.4161,0
2015-03-21 03:57:53,0,1,1.30335,0,7.22678,0,22.4161,0
2015-03-21 04:02:53,1,1,1.25931,0,6.45668,0,22.4161,0
2015-03-21 04:07:53,0,1,1.23328,0,5.46991,0,22.4161,0
2015-03-21 04:12:53,0,1,1.19314,0,4.66195,0,22.4161,0
2015-03-21 04:17:53,0,1,1.27191,0,7.43762,0,22.4161,0
2015-03-21 04:22:53,0,1,1.25426,0,7.35804,0,22.4161,0
2015-03-21 04:27:53,0,1,1.2835,0,7.37751,0,22.4161,0
2015-03-21 04:32:53,0,1,1.19864,0,7.60775,0,22.4161,0
2015-03-21 04:37:53,0,1,1.21723,0,7.52843,0,22.4161,0
2015-03-21 04:42:53,0,1,1.31769,0,7.46501,0,22.4161,0
2015-03-21 04:47:53,0,1,1.14027,0,7.34806,0,22.4161,0
2015-03-21 04:52:53,0,1,1.31689,0,7.42732,0,22.4161,0
2015-03-21 04:57:53,0,1,1.25585,0,7.55048,0,22.4161,0
2015-03-21 05:02:53,0,1,1.20547,0,7.31043,0,22.4161,0
2015-03-21 05:07:53,0,1,1.23981,0,7.66784,0,22.4161,0
2015-03-21 05:12:53,0,1,1.15865,0,7.41831,0,22.4161,0
2015-03-21 05:17:53,0,1,1.32919,0,7.25468,0,22.4161,0
2015-03-21 05:22:53,0,1,1.1783,0,7.36593,0,22.4161,0
2015-03-21 05:27:53,0,1,1.23932,0,7.31264,0,22.4161,0
2015-03-21 05:32:53,0,1,1.18406,0,7.58351,0,22.4161,0
2015-03-21 05:37:53,0,1,1.26682,0,7.19762,0,22.4161,0
2015-03-21 05:42:53,0,1,1.19297,0,7.35291,0,22.4161,0
2015-03-21 05:47:53,0,1,1.20266,0,7.27879,0,22.4161,0
2015-03-21 05:52:53,0,1,1.19104,0,7.38904,0,22.4161,0
2015-03-21 05:57:53,0,1,1.34117,0,7.17527,0,22.4161,0
2015-03-21 06:02:53,0,1,1.16415,0,7.33124,0,22.4161,0
2015-03-21 06:07:53,0,1,1.25614,0,7.41962,0,22.4161,0
2015-03-21 06:12:53,0,1,1.19174,0,7.60794,0,22.4161,0
2015-03-21 06:17:53,0,1,1.21556,0,7.19646,0,22.4161,0
2015-03-21 06:22:53,0,1,1.31716,0,7.36745,0,22.4161,0
2015-03-21 06:27:53,0,1,1.17774,0,7.32349,0,22.4161,0
2015-03-21 06:32:53,0,1,1.26195,0,7.45873,0,22.4161,0
2015-03-21 06:37:53,0,1,1.23188,0,7.56891,0,22.4161,0
2015-03-21 06:42:53,0,1,1.24583,0,7.289,0,22.4161,0
2015-03-21 06:47:53,1,1,1.23746,0,6.49546,0,22.4161,0
2015-03-21 06:52:53,0,1,1.15915,0,5.42476,0,22.4161,0
2015-03-21 06:57:53,0,1,1.2694,0,4.37156,0,22.4161,0
2015-03-21 07:02:53,0,1,1.20356,0,7.30008,0,22.4161,0
2015-03-21 07:07:53,0,1,1.25859,0,7.21982,0,22.4161,0
2015-03-21 07:12:53,0,1,1.14886,0,7.47391,0,22.4161,0
2015-03-21 07:17:53,0,1,1.20712,0,7.27671,0,22.4161,0
2015-03-21 07:22:53,0,1,1.29128,0,7.28059,0,22.4161,0
2015-03-21 07:27:53,0,1,1.27774,0,7.15209,0,22.4161,0
2015-03-21 07:32:53,0,1,1.11524,0,7.48166,0,22.4161,0
2015-03-21 07:37:53,0,1,1.23865,0,7.54455,0,22.4161,0
2015-03-21 07:42:53,0,1,1.19649,0,7.30235,0,22.4161,0
2015-03-21 07:47:53,0,1,1.26546,0,7.01952,0,22.4161,0
2015-03-21 07:52:53,0,1,1.23384,0,7.3744,0,22.4161,0
2015-03-21 07:57:53,0,1,1.15021,0,7.35423,0,22.4161,0
2015-03-21 08:02:53,1,1,1.31276,0,6.41426,0,22.4161,0
2015-03-21 08:07:53,0,1,1.22023,0,5.31471,0,22.4161,0
2015-03-21 08:12:53,0,1,1.27946,0,4.29638,0,22.4161,0
2015-03-21 08:17:53,0,1,1.19963,0,7.6582,0,22.4161,0
2015-03-21 08:22:53,0,1,1.24998,0,7.41924,0,22.4161,0
2015-03-21 08:27:53,0,1,1.38732,0,7.48763,0,22.4161,0
2015-03-21 08:32:53,0,1,1.09541,0,7.48617,0,22.4161,0
2015-03-21 08:37:53,0,1,1.35549,0,7.61998,0,22.4161,0
2015-03-21 08:42:53,0,1,1.22171,0,7.70827,0,22.4161,0
2015-03-21 08:47:53,0,1,1.16717,0,7.21892,0,22.4161,0
2015-03-21 08:52:53,0,1,1.30158,0,7.67706,0,22.4161,0
2015-03-21 08:57:53,0,1,1.13475,0,7.30106,0,22.4161,0
2015-03-21 09:02:53,0,1,1.35879,0,7.23942,0,22.4161,0
2015-03-21 09:07:53,0,1,1.19438,0,7.53303,0,22.4161,0
2015-03-21 09:12:53,0,1,1.13744,0,7.31621,0,22.4161,0
2015-03-21 09:17:53,0,1,1.24845,0,7.60255,0,22.4161,0
2015-03-21 09:22:53,0,1,1.24792,0,7.10645,0,22.4161,0
2015-03-21 09:27:53,0,1,1.20179,0,7.15712,0,22.4161,0
2015-03-21 09:32:53,0,1,1.26421,0,7.44297,0,22.4161,0
2015-03-21 09:37:53,0,1,1.12731,0,7.41156,0,22.4161,0
2015-03-21 09:42:53,0,1,1.35516,0,7.26111,0,22.4161,0
2015-03-21 09:47:53,1,1,1.1246,0,6.40241,0,22.4161,0
2015-03-21 09:52:53,0,1,1.29783,0,5.21686,0,22.4161,0
2015-03-21 09:57:53,0,1,1.30762,0,4.61252,0,22.4161,0
2015-03-21 10:02:53,0,1,1.13974,0,7.27709,0,22.4161,0
2015-03-21 10:07:53,0,1,1.31194,0,7.64848,0,22.4161,0
2015-03-21 10:12:53,0,1,1.14793,0,7.51428,0,22.4161,0
2015-03-21 10:17:53,0,1,1.21371,0,7.19103,0,22.4161,0
2015-03-21 10:22:53,0,1,1.27039,0,7.44538,0,22.4161,0
2015-03-21 10:27:53,0,1,1.1997,0,7.1416,0,22.4161,0
2015-03-21 10:32:53,0,1,1.17415,0,7.38161,0,22.4161,0
2015-03-21 10:37:53,0,1,1.23837,0,7.38471,0,22.4161,0
2015-03-21 10:42:53,0,1,1.22504,0,7.18575,0,22.4161,0
2015-03-21 10:47:53,0,1,1.27898,0,7.22422,0,22.4161,0
2015-03-21 10:52:53,0,1,1.21708,0,7.44417,0,22.4161,0
2015-03-21 10:57:53,0,1,1.16027,0,7.45015,0,22.4161,0
2015-03-21 11:02:53,0,1,1.26241,0,7.43137,0,22.4161,0
2015-03-21 11:07:53,0,1,1.20852,0,7.23419,0,22.4161,0
2015-03-21 11:12:53,0,1,1.29865,0,7.21416,0,22.4161,0
2015-03-21 11:17:53,0,1,1.14238,0,7.50292,0,22.4161,0
2015-03-21 11:22:53,0,1,1.25511,0,7.36523,0,22.4161,0
2015-03-21 11:27:53,0,1,1.23059,0,7.43581,0,22.4161,0
2015-03-21 11:32:53,0,1,1.13737,0,7.16795,0,22.4161,0
2015-03-21 11:37:53,0,1,1.29998,0,7.36388,0,22.4161,0
2015-03-21 11:42:53,0,1,1.20674,0,7.26649,0,22.4161,0
2015-03-21 11:47:53,0,1,1.26965,0,7.2188,0,22.4161,0
2015-03-21 11:52:53,0,1,1.20394,0,7.58307,0,22.4161,0
2015-03-21 11:57:53,0,1,1.1748,0,7.36348,0,22.4161,0
2015-03-21 12:02:53,0,1,1.2663,0,7.39164,0,22.4161,0
2015-03-21 12:07:53,0,1,1.22823,0,7.22773,0,22.4161,0
2015-03-21 12:12:53,0,1,1.14483,0,7.28524,0,22.4161,0
2015-03-21 12:17:53,0,1,1.20837,0,7.40018,0,22.4161,0
2015-03-21 12:22:53,0,1,1.23871,0,7.18269,0,22.4161,0
2015-03-21 12:27:53,0,1,1.23278,0,7.08991,0,22.4161,0
2015-03-21 12:32:53,0,1,1.19484,0,7.33528,0,22.4161,0
2015-03-21 12:37:53,0,1,1.21438,0,7.37651,0,22.4161,0
2015-03-21 12:42:53,0,1,1.24656,0,7.30239,0,22.4161,0
2015-03-21 12:47:53,0,1,1.17944,0,7.25984,0,22.4161,0
2015-03-21 12:52:53,0,1,1.29352,0,7.31572,0,22.4161,0
2015-03-21 12:57:53,1,1,1.17171,0,6.3921,0,22.4161,0
2015-03-21 13:02:53,0,1,1.27326,0,5.29709,0,22.4161,0
2015-03-21 13:07:53,0,1,1.33589,0,4.49726,0,22.4161,0
2015-03-21 13:12:53,0,1,1.16628,0,7.39754,0,22.4161,0
2015-03-21 13:17:53,1,1,1.20802,0,6.65784,0,22.4161,0
2015-03-21 13:22:53,0,1,1.24416,0,5.54824,0,22.4161,0
2015-03-21 13:27:53,0,1,1.2286,0,4.15904,0,22.4161,0
2015-03-21 13:32:53,0,1,1.2776,0,7.341,0,22.4161,0
2015-03-21 13:37:53,0,1,1.18907,0,7.46729,0,22.4161,0
2015-03-21 13:42:53,0,1,1.22613,0,7.43008,0,22.4161,0
2015-03-21 13:47:53,0,1,1.21265,0,7.43707,0,22.4161,0
2015-03-21 13:52:53,1,1,1.33642,0,6.23211,0,22.4161,0
2015-03-21 13:57:53,2,1,1.21314,0,4.76727,0,22.4161,0
2015-03-21 14:02:53,1,1,1.26912,0,2.17825,0,22.4161,0
2015-03-21 14:07:53,0,1,1.23751,0,3.68614,0,22.4161,0
2015-03-21 14:12:53,0,1,1.30074,0,4.41516,0,22.4161,0
2015-03-21 14:17:53,0,1,1.22054,0,7.58313,0,22.4161,0
2015-03-21 14:22:53,0,1,1.24992,0,7.53455,0,22.4161,0
2015-03-21 14:27:53,1,1,1.20342,0,6.59322,0,22.4161,0
2015-03-21 14:32:53,1,1,1.29581,0,4.36487,0,22.4161,0
2015-03-21 14:37:53,0,1,1.32962,0,2.45241,0,22.4161,0
2015-03-21 14:42:53,0,1,1.17496,0,4.53149,0,22.4161,0
2015-03-21 14:47:53,0,1,1.30662,0,7.72162,0,22.4161,0
2015-03-21 14:52:53,0,1,1.27609,0,7.6454,0,22.4161,0
2015-03-21 14:57:53,0,1,1.28107,0,7.41423,0,22.4161,0
2015-03-21 15:02:53,0,1,1.21557,0,7.75312,0,22.4161,0
2015-03-21 15:07:53,0,1,1.21598,0,7.60597,0,22.4161,0
2015-03-21 15:12:53,0,1,1.26711,0,7.49033,0,22.4161,0
2015-03-21 15:17:53,0,1,1.23092,0,7.34578,0,22.4161,0
2015-03-21 15:22:53,0,1,1.27563,0,7.41308,0,22.4161,0
2015-03-21 15:27:53,2,1,1.20913,0,6.98754,0,22.4161,0
2015-03-21 15:32:53,1,1,1.28521,0,5.35062,0,22.4161,0
2015-03-21 15:37:53,0,1,1.23485,0,3.87658,0,22.4161,0
2015-03-21 15:42:53,2,1,1.23587,0,3.96296,0,22.4161,0
2015-03-21 15:47:53,0,1,1.27669,0,6.6218,0,22.4161,0
2015-03-21 15:52:53,0,1,1.34688,0,6.0439,0,22.4161,0
2015-03-21 15:57:53,0,1,1.20211,0,7.60788,0,22.4161,0
2015-03-21 16:02:53,0,1,1.27635,0,7.72594,0,22.4161,0
2015-03-21 16:07:53,1,1,1.24061,0,6.7212,0,22.4161,0
2015-03-21 16:12:53,0,1,1.20971,0,5.39964,0,22.4161,0
2015-03-21 16:17:53,0,1,1.31692,0,4.51998,0,22.4161,0
2015-03-21 16:22:53,0,1,1.24436,0,7.45816,0,22.4161,0
2015-03-21 16:27:53,0,1,1.2489,0,7.50733,0,22.4161,0
2015-03-21 16:32:53,0,1,1.24015,0,7.68836,0,22.4161,0
2015-03-21 16:37:53,0,0,2.56793,0,7.47102,0,22.4161,0
2015-03-21 16:42:53,1,0,2.41035,0,7.79494,0,22.4161,0
2015-03-21 16:47:53,0,0,2.35306,0,9.26668,0,22.4161,0
2015-03-21 16:52:53,0,0,2.46426,0,11.8776,0,22.4161,0
2015-03-21 16:57:53,0,0,2.46918,0,14.4014,0,22.4161,0
2015-03-21 17:02:53,0,0,2.41598,0,14.4569,0,22.4161,0
2015-03-21 17:07:53,0,0,2.48782,0,14.7471,0,22.4161,0
2015-03-21 17:12:53,0,0,2.50714,0,14.7273,0,22.4161,0
2015-03-21 17:17:53,0,0,2.41053,0,14.7307,0,22.4161,0
2015-03-21 17:22:53,0,0,2.43727,0,14.8883,0,22.4161,0
2015-03-21 17:27:53,0,0,2.4294,0,14.7798,0,22.4161,0
2015-03-21 17:32:53,0,0,2.43085,0,14.5356,0,22.4161,0
2015-03-21 17:37:53,0,0,2.50639,0,14.6015,0,22.4161,0
2015-03-21 17:42:53,0,0,2.33109,0,14.6563,0,22.4161,0
2015-03-21 17:47:53,0,0,2.43262,0,14.6364,0,22.4161,0
2015-03-21 17:52:53,0,0,2.41552,0,14.614,0,22.4161,0
2015-03-21 17:57:53,0,0,2.41301,0,14.274,0,22.4161,0
2015-03-21 18:02:53,0,0,2.39574,0,14.5419,0,22.4161,0
2015-03-21 18:07:53,0,0,2.42231,0,14.4683,0,22.4161,0
2015-03-21 18:12:53,0,0,2.47453,0,14.4528,0,22.4161,0
2015-03-21 18:17:53,0,0,2.38141,0,14.5064,0,22.4161,0
2015-03-21 18:22:53,0,0,2.45769,0,14.5974,0,22.4161,0
2015-03-21 18:27:53,0,0,2.47147,0,14.6441,0,22.4161,0
2015-03-21 18:32:53,0,0,2.41519,0,14.5311,0,22.4161,0
2015-03-21 18:37:53,0,0,2.40081,0,14.7312,0,22.4161,0
2015-03-21 18:42:53,0,0,2.4294,0,14.6456,0,22.4161,0
2015-03-21 18:47:53,0,0,2.43486,0,14.4766,0,22.4161,0
2015-03-21 18:52:53,0,0,2.42729,0,14.4961,0,22.4161,0
2015-03-21 18:57:53,0,0,2.47476,0,14.5852,0,22.4161,0
2015-03-21 19:02:53,0,0,2.36108,0,14.6339,0,22.4161,0
2015-03-21 19:07:53,0,0,2.40941,0,14.5925,0,22.4161,0
2015-03-21 19:12:53,1,0,2.45716,0,13.5559,0,22.4161,0
2015-03-21 19:17:53,1,0,2.3718,0,11.3592,0,22.4161,0
2015-03-21 19:22:53,0,0,2.43792,0,9.51435,0,22.4161,0
2015-03-21 19:27:53,0,0,2.43981,0,11.553,0,22.4161,0
2015-03-21 19:32:53,1,0,2.35086,0,13.4311,0,22.4161,0
2015-03-21 19:37:53,0,0,2.4148,0,12.5443,0,22.4161,0
2015-03-21 19:42:53,0,0,2.46328,0,11.436,0,22.4161,0
2015-03-21 19:47:53,0,0,2.38362,0,14.3455,0,22.4161,0
2015-03-21 19:52:53,0,0,2.45686,0,14.5546,0,22.4161,0
2015-03-21 19:57:53,0,0,2.48703,0,14.6139,0,22.4161,0
2015-03-21 20:02:53,0,0,2.36554,0,14.5516,0,22.4161,0
2015-03-21 20:07:53,0,0,2.50476,0,14.7102,0,22.4161,0
2015-03-21 20:12:53,0,0,2.49652,0,14.6969,0,22.4161,0
2015-03-21 20:17:53,0,0,2.29913,0,14.6027,0,22.4161,0
2015-03-21 20:22:53,0,0,2.4724,0,14.8064,0,22.4161,0
2015-03-21 20:27:53,0,0,2.43359,0,14.5602,0,22.4161,0
2015-03-21 20:32:53,0,0,2.34231,0,14.2758,0,22.4161,0
2015-03-21 20:37:53,0,0,2.46336,0,14.6267,0,22.4161,0
2015-03-21 20:42:53,0,0,2.44496,0,14.4487,0,22.4161,0
2015-03-21 20:47:53,0,0,2.39676,0,14.3986,0,22.4161,0
2015-03-21 20:52:53,0,0,2.33822,0,14.6768,0,22.4161,0
2015-03-21 20:57:53,0,0,2.46864,0,14.4666,0,22.4161,0
2015-03-21 21:02:53,0,0,2.50996,0,14.3354,0,22.4161,0
2015-03-21 21:07:53,0,0,2.39264,0,14.4619,0,22.4161,0
2015-03-21 21:12:53,0,0,2.42404,0,14.8185,0,22.4161,0
2015-03-21 21:17:53,0,0,2.38886,0,14.7392,0,22.4161,0
2015-03-21 21:22:53,0,0,2.47934,0,14.4148,0,22.4161,0
2015-03-21 21:27:53,0,0,2.37869,0,14.5292,0,22.4161,0
2015-03-21 21:32:53,0,0,2.30199,0,14.504,0,22.4161,0
2015-03-21 21:37:53,0,0,2.51639,0,14.4974,0,22.4161,0
2015-03-21 21:42:53,0,0,2.35381,0,14.2564,0,22.4161,0
2015-03-21 21:47:53,0,0,2.4002,0,14.2926,0,22.4161,0
2015-03-21 21:52:53,0,0,2.46405,0,14.657,0,22.4161,0
2015-03-21 21:57:53,0,0,2.47555,0,14.3259,0,22.4161,0
2015-03-21 22:02:53,0,0,2.37624,0,14.6042,0,22.4161,0
2015-03-21 22:07:53,0,0,2.40096,0,14.7195,0,22.4161,0
2015-03-21 22:12:53,0,0,2.46605,0,14.5801,0,22.4161,0
2015-03-21 22:17:53,0,0,2.43516,0,14.3967,0,22.4161,0
2015-03-21 22:22:53,0,0,2.41987,0,14.5702,0,22.4161,0
2015-03-21 22:27:53,0,0,2.42998,0,14.6884,0,22.4161,0
2015-03-21 22:32:53,0,0,2.45676,0,14.5752,0,22.4161,0
2015-03-21 22:37:53,0,0,2.37889,0,14.5763,0,22.4161,0
2015-03-21 22:42:53,0,0,2.47343,0,14.5823,0,22.4161,0
2015-03-21 22:47:53,0,0,2.44572,0,14.6015,0,22.4161,0
2015-03-21 22:52:53,0,0,2.37308,0,14.5292,0,22.4161,0
2015-03-21 22:57:53,0,0,2.40076,0,14.6848,0,22.4161,0
2015-03-21 23:02:53,0,0,2.44142,0,14.4841,0,22.4161,0
2015-03-21 23:07:53,0,0,2.34005,0,14.3622,0,22.4161,0
2015-03-21 23:12:53,0,0,2.42998,0,14.4252,0,22.4161,0
2015-03-21 23:17:53,0,0,2.41229,0,14.4344,0,22.4161,0
2015-03-21 23:22:53,0,0,2.3462,0,14.2924,0,22.4161,0
2015-03-21 23:27:53,0,0,2.3921,0,14.4607,0,22.4161,0
2015-03-21 23:32:53,0,0,2.44393,0,14.3214,0,22.4161,0
2015-03-21 23:37:53,0,0,2.40933,0,14.2667,0,22.4161,0
2015-03-21 23:42:53,0,0,2.47771,0,14.4735,0,22.4161,0
2015-03-21 23:47:53,0,0,2.40219,0,14.6281,0,22.4161,0
2015-03-21 23:52:53,0,0,2.39706,0,14.5856,0,22.4161,0
2015-03-21 23:57:53,0,0,2.46272,0,14.6346,0,22.4161,0
2015-03-22 00:02:53,0,0,2.39508,0,14.4634,0,22.4161,0
2015-03-22 00:07:53,0,0,2.37123,0,14.5117,0,22.4161,0
2015-03-22 00:12:53,0,0,2.45969,0,14.5495,0,22.4161,0
2015-03-22 00:17:53,0,0,2.33598,0,14.3874,0,22.4161,0
2015-03-22 00:22:53,0,0,2.35828,0,14.369,0,22.4161,0
2015-03-22 00:27:53,0,0,2.48093,0,14.4093,0,22.4161,0
2015-03-22 00:32:53,0,0,2.34881,0,14.2054,0,22.4161,0
2015-03-22 00:37:53,1,0,2.40608,0,13.3855,0,22.4161,0
2015-03-22 00:42:53,0,0,2.45017,0,12.5465,0,22.4161,0
2015-03-22 00:47:53,0,0,2.42124,0,11.3087,0,22.4161,0
2015-03-22 00:52:53,0,0,2.40654,0,14.5398,0,22.4161,0
2015-03-22 00:57:53,0,0,2.41757,0,14.5995,0,22.4161,0
2015-03-22 01:02:53,0,0,2.45641,0,14.4944,0,22.4161,0
2015-03-22 01:07:53,1,0,2.41471,0,13.5112,0,22.4161,0
2015-03-22 01:12:53,0,0,2.45276,0,12.5802,0,22.4161,0
2015-03-22 01:17:53,0,0,2.41429,0,11.6514,0,22.4161,0
2015-03-22 01:22:53,0,0,2.43122,0,14.5639,0,22.4161,0
2015-03-22 01:27:53,0,0,2.37842,0,14.6181,0,22.4161,0
2015-03-22 01:32:53,0,0,2.56213,0,14.4837,0,22.4161,0
2015-03-22 01:37:53,0,0,2.41432,0,14.6126,0,22.4161,0
2015-03-22 01:42:53,0,0,2.37847,0,14.6738,0,22.4161,0
2015-03-22 01:47:53,0,0,2.4668,0,14.8935,0,22.4161,0
2015-03-22 01:52:53,0,0,2.40343,0,14.4667,0,22.4161,0
2015-03-22 01:57:53,0,0,2.3417,0,14.4724,0,22.4161,0
2015-03-22 02:02:53,0,0,2.58042,0,14.549,0,22.4161,0
2015-03-22 02:07:53,0,0,2.47516,0,14.4741,0,22.4161,0
2015-03-22 02:12:53,0,0,2.29446,0,14.6611,0,22.4161,0
2015-03-22 02:17:53,0,0,2.49701,0,14.986,0,22.4161,0
2015-03-22 02:22:53,0,0,2.42225,0,14.5114,0,22.4161,0
2015-03-22 02:27:53,0,0,2.38112,0,14.2996,0,22.4161,0
2015-03-22 02:32:53,0,0,2.49845,0,14.7166,0,22.4161,0
2015-03-22 02:37:53,0,0,2.38236,0,14.5274,0,22.4161,0
2015-03-22 02:42:53,0,0,2.42221,0,14.5226,0,22.4161,0
2015-03-22 02:47:53,0,0,2.39551,0,14.6823,0,22.4161,0
2015-03-22 02:52:53,0,0,2.4401,0,14.387,0,22.4161,0
2015-03-22 02:57:53,0,0,2.3968,0,14.4978,0,22.4161,0
2015-03-22 03:02:53,0,0,2.4763,0,14.4635,0,22.4161,0
2015-03-22 03:07:53,0,0,2.28816,0,14.5902,0,22.4161,0
2015-03-22 03:12:53,0,0,2.52025,0,14.4312,0,22.4161,0
2015-03-22 03:17:53,0,0,2.42245,0,14.5255,0,22.4161,0
2015-03-22 03:22:53,0,0,2.39528,0,14.3274,0,22.4161,0
2015-03-22 03:27:53,0,0,2.38497,0,14.8009,0,22.4161,0
2015-03-22 03:32:53,0,0,2.41019,0,14.4429,0,22.4161,0
2015-03-22 03:37:53,0,0,2.42559,0,14.366,0,22.4161,0
2015-03-22 03:42:53,0,0,2.42579,0,14.4009,0,22.4161,0
2015-03-22 03:47:53,1,0,2.4952,0,13.5075,0,22.4161,0
2015-03-22 03:52:53,0,0,2.4487,0,12.6236,0,22.4161,0
2015-03-22 03:57:53,0,0,2.40263,0,11.7165,0,22.4161,0
2015-03-22 04:02:53,0,0,2.37016,0,14.7856,0,22.4161,0
2015-03-22 04:07:53,0,0,2.5033,0,14.5215,0,22.4161,0
2015-03-22 04:12:53,0,0,2.39604,0,14.4515,0,22.4161,0
2015-03-22 04:17:53,0,0,2.44314,0,14.5131,0,22.4161,0
2015-03-22 04:22:53,0,0,2.44124,0,14.7451,0,22.4161,0
2015-03-22 04:27:53,0,0,2.37685,0,14.5156,0,22.4161,0
2015-03-22 04:32:53,0,0,2.39924,0,14.5887,0,22.4161,0
2015-03-22 04:37:53,0,0,2.46306,0,14.4767,0,22.4161,0
2015-03-22 04:42:53,0,0,2.44211,0,14.3921,0,22.4161,0
2015-03-22 04:47:53,0,0,2.40521,0,14.566,0,22.4161,0
2015-03-22 04:52:53,0,0,2.38143,0,14.6786,0,22.4161,0
2015-03-22 04:57:53,0,0,2.4342,0,14.5182,0,22.4161,0
2015-03-22 05:02:53,0,0,2.40734,0,14.4127,0,22.4161,0
2015-03-22 05:07:53,0,0,2.45704,0,14.42,0,22.4161,0
2015-03-22 05:12:53,0,0,2.36746,0,14.5743,0,22.4161,0
2015-03-22 05:17:53,0,0,2.49778,0,14.5035,0,22.4161,0
2015-03-22 05:22:53,0,0,2.33182,0,14.6038,0,22.4161,0
2015-03-22 05:27:53,1,0,2.39896,0,13.4298,0,22.4161,0
2015-03-22 05:32:53,0,0,2.52832,0,12.5559,0,22.4161,0
2015-03-22 05:37:53,0,0,2.42301,0,11.3217,0,22.4161,0
2015-03-22 05:42:53,0,0,2.38703,0,14.6765,0,22.4161,0
2015-03-22 05:47:53,0,0,2.38236,0,14.818,0,22.4161,0
2015-03-22 05:52:53,0,0,2.4801,0,14.4254,0,22.4161,0
2015-03-22 05:57:53,0,0,2.35244,0,14.4059,0,22.4161,0
2015-03-22 06:02:53,0,0,2.45421,0,14.4597,0,22.4161,0
2015-03-22 06:07:53,0,0,2.36021,0,14.5994,0,22.4161,0
2015-03-22 06:12:53,0,0,2.46267,0,14.3259,0,22.4161,0
2015-03-22 06:17:53,0,0,2.34321,0,14.5457,0,22.4161,0
2015-03-22 06:22:53,0,0,2.55632,0,14.3492,0,22.4161,0
2015-03-22 06:27:53,0,0,2.46268,0,14.6308,0,22.4161,0
2015-03-22 06:32:53,0,0,2.36178,0,14.605,0,22.4161,0
2015-03-22 06:37:53,0,0,2.46118,0,14.9561,0,22.4161,0
2015-03-22 06:42:53,0,0,2.35087,0,14.5728,0,22.4161,0
2015-03-22 06:47:53,0,0,2.42405,0,14.3586,0,22.4161,0
2015-03-22 06:52:53,0,0,2.45026,0,14.5093,0,22.4161,0
2015-03-22 06:57:53,0,0,2.50767,0,14.351,0,22.4161,0
2015-03-22 07:02:53,0,0,2.35967,0,14.6803,0,22.4161,0
2015-03-22 07:07:53,0,0,2.42673,0,14.7258,0,22.4161,0
2015-03-22 07:12:53,0,0,2.43316,0,14.6691,0,22.4161,0
2015-03-22 07:17:53,0,0,2.47411,0,14.3656,0,22.4161,0
2015-03-22 07:22:53,1,0,2.40659,0,13.6206,0,22.4161,0
2015-03-22 07:27:53,0,0,2.36122,0,12.6543,0,22.4161,0
2015-03-22 07:32:53,0,0,2.48817,0,11.5967,0,22.4161,0
2015-03-22 07:37:53,1,0,2.35367,0,13.4304,0,22.4161,0
2015-03-22 07:42:53,0,0,2.41538,0,12.4137,0,22.4161,0
2015-03-22 07:47:53,0,0,2.45885,0,11.5872,0,22.4161,0
2015-03-22 07:52:53,0,0,2.40547,0,14.3506,0,22.4161,0
2015-03-22 07:57:53,0,0,2.39788,0,14.5693,0,22.4161,0
2015-03-22 08:02:53,0,0,2.45571,0,14.5854,0,22.4161,0
2015-03-22 08:07:53,0,0,2.46445,0,14.4679,0,22.4161,0
2015-03-22 08:12:53,0,0,2.42306,0,14.5695,0,22.4161,0
2015-03-22 08:17:53,0,0,2.51906,0,14.7191,0,22.4161,0
2015-03-22 08:22:53,0,0,2.36155,0,14.7585,0,22.4161,0
2015-03-22 08:27:53,0,0,2.42133,0,14.6688,0,22.4161,0
2015-03-22 08:32:53,0,0,2.50841,0,14.7016,0,22.4161,0
2015-03-22 08:37:53,0,0,2.38902,0,14.4357,0,22.4161,0
2015-03-22 08:42:53,0,0,2.40867,0,14.6698,0,22.4161,0
2015-03-22 08:47:53,0,0,2.45549,0,14.7119,0,22.4161,0
2015-03-22 08:52:53,0,0,2.42498,0,14.4399,0,22.4161,0
2015-03-22 08:57:53,0,0,2.37903,0,14.562,0,22.4161,0
2015-03-22 09:02:53,0,0,2.44179,0,14.5955,0,22.4161,0
2015-03-22 09:07:53,0,0,2.49994,0,14.4748,0,22.4161,0
2015-03-22 09:12:53,0,0,2.35757,0,14.5206,0,22.4161,0
2015-03-22 09:17:53,0,0,2.43852,0,14.6828,0,22.4161,0
2015-03-22 09:22:53,0,0,2.35406,0,14.6535,0,22.4161,0
2015-03-22 09:27:53,0,0,2.51197,0,14.3038,0,22.4161,0
2015-03-22 09:32:53,0,0,2.37439,0,14.5357,0,22.4161,0
2015-03-22 09:37:53,0,0,2.31774,0,14.4605,0,22.4161,0
2015-03-22 09:42:53,0,0,2.47064,0,14.6024,0,22.4161,0
2015-03-22 09:47:53,0,0,2.39902,0,14.2293,0,22.4161,0
2015-03-22 09:52:53,0,0,2.41331,0,14.2935,0,22.4161,0
2015-03-22 09:57:53,0,0,2.46035,0,14.6233,0,22.4161,0
2015-03-22 10:02:53,0,0,2.42586,0,14.484,0,22.4161,0
2015-03-22 10:07:53,0,0,2.42639,0,14.5865,0,22.4161,0
2015-03-22 10:12:53,0,0,2.3995,0,14.6591,0,22.4161,0
2015-03-22 10:17:53,0,0,2.40028,0,14.5298,0,22.4161,0
2015-03-22 10:22:53,0,0,2.48644,0,14.4784,0,22.4161,0
2015-03-22 10:27:53,0,0,2.35839,0,14.4855,0,22.4161,0
2015-03-22 10:32:53,0,0,2.41313,0,14.5321,0,22.4161,0
2015-03-22 10:37:53,0,0,2.475,0,14.5892,0,22.4161,0
2015-03-22 10:42:53,0,0,2.3892,0,14.3764,0,22.4161,0
2015-03-22 10:47:53,0,0,2.42446,0,14.5786,0,22.4161,0
2015-03-22 10:52:53,0,0,2.49248,0,14.6279,0,22.4161,0
2015-03-22 10:57:53,0,0,2.36111,0,14.509,0,22.4161,0
2015-03-22 11:02:53,0,0,2.39419,0,14.6195,0,22.4161,0
2015-03-22 11:07:53,0,0,2.47563,0,14.5939,0,22.4161,0
2015-03-22 11:12:53,0,0,2.34181,0,14.3474,0,22.4161,0
2015-03-22 11:17:53,0,0,2.39395,0,14.4757,0,22.4161,0
2015-03-22 11:22:53,0,0,2.45284,0,14.5045,0,22.4161,0
2015-03-22 11:27:53,0,0,2.34059,0,14.2662,0,22.4161,0
2015-03-22 11:32:53,0,0,2.38158,0,14.4281,0,22.4161,0
2015-03-22 11:37:53,0,0,2.45498,0,14.4213,0,22.4161,0
2015-03-22 11:42:53,0,0,2.36454,0,14.2399,0,22.4161,0
2015-03-22 11:47:53,0,0,2.44393,0,14.4192,0,22.4161,0
2015-03-22 11:52:53,0,0,2.46348,0,14.538,0,22.4161,0
2015-03-22 11:57:53,0,0,2.34171,0,14.445,0,22.4161,0
2015-03-22 12:02:53,0,0,2.50488,0,14.6005,0,22.4161,0
2015-03-22 12:07:53,0,0,2.42639,0,14.5787,0,22.4161,0
2015-03-22 12:12:53,0,1,2.3103,0,14.4613,0,22.4161,0
2015-03-22 12:17:53,0,1,2.51201,0,14.6777,0,22.4161,0
2015-03-22 12:22:53,0,1,2.33598,0,14.4118,0,22.4161,0
2015-03-22 12:27:53,0,1,2.35828,0,14.2909,0,22.4161,0
2015-03-22 12:32:53,0,1,2.48093,0,14.5663,0,22.4161,0
2015-03-22 12:37:53,0,1,2.34881,0,14.2054,0,22.4161,0
2015-03-22 12:42:53,0,1,2.40608,0,14.3855,0,22.4161,0
2015-03-22 12:47:53,0,1,2.40608,0,14.5465,0,22.4161,0
2015-03-22 12:52:53,0,1,2.40608,0,14.2647,0,22.4161,0
2015-03-22 12:57:53,0,1,2.40608,0,14.4365,0,22.4161,0
2015-03-22 13:02:53,0,1,2.40608,0,14.4365,0,22.4161,0
2015-03-22 13:07:53,0,1,2.40608,0,14.4365,0,22.4161,0
2015-03-22 13:12:53,0,1,2.40608,0,14.4365,0,22.4161,0
2015-03-22 13:17:53,0,1,2.40608,0,14.4365,0,22.4161,0
2015-03-22 13:22:53,0,1,2.40608,0,14.4365,0,22.4161,0
2015-03-22 13:27:53,0,1,2.40608,0,14.4365,0,22.4161,0
2015-03-22 13:32:53,0,1,2.40608,0,14.4365,0,22.4161,0
2015-03-22 13:37:53,0,1,2.40608,0,14.4365,0,22.4161,0
2015-03-22 13:42:53,0,1,2.40608,0,14.4365,0,22.4161,0
2015-03-22 13:47:53,1,1,2.40608,0,13.4365,0,22.4161,0
2015-03-22 13:52:53,0,1,2.45017,0,12.4365,0,22.4161,0
2015-03-22 13:57:53,0,1,2.42124,0,11.4806,0,22.4161,0
2015-03-22 14:02:53,0,1,2.40654,0,14.5398,0,22.4161,0
2015-03-22 14:07:53,0,1,2.41757,0,14.5995,0,22.4161,0
2015-03-22 14:12:53,0,1,2.45641,0,14.4944,0,22.4161,0
2015-03-22 14:17:53,0,1,2.41471,0,14.5112,0,22.4161,0
2015-03-22 14:22:53,0,1,2.42791,0,14.5802,0,22.4161,0
2015-03-22 14:27:53,0,1,2.40247,0,14.6266,0,22.4161,0
2015-03-22 14:32:53,0,1,2.44105,0,14.5024,0,22.4161,0
2015-03-22 14:37:53,0,1,2.35561,0,14.5297,0,22.4161,0
2015-03-22 14:42:53,0,1,2.57626,0,14.4451,0,22.4161,0
2015-03-22 14:47:53,0,1,2.40916,0,14.6106,0,22.4161,0
2015-03-22 14:52:53,0,1,2.34526,0,14.6285,0,22.4161,0
2015-03-22 14:57:53,0,1,2.49553,0,14.8923,0,22.4161,0
2015-03-22 15:02:53,0,1,2.36737,0,14.4135,0,22.4161,0
2015-03-22 15:07:53,0,1,2.36545,0,14.3942,0,22.4161,0
2015-03-22 15:12:53,0,1,2.48252,0,14.5868,0,22.4161,0
2015-03-22 15:17:53,0,1,2.5007,0,14.3155,0,22.4161,0
2015-03-22 15:22:53,0,1,2.30907,0,14.5621,0,22.4161,0
2015-03-22 15:27:53,0,1,2.44509,0,14.758,0,22.4161,0
2015-03-22 15:32:53,0,1,2.46755,0,14.5654,0,22.4161,0
2015-03-22 15:37:53,0,1,2.41147,0,14.285,0,22.4161,0
2015-03-22 15:42:53,0,1,2.46035,0,14.6819,0,22.4161,0
2015-03-22 15:47:53,0,1,2.27775,0,14.6859,0,22.4161,0
2015-03-22 15:52:53,0,1,2.5255,0,14.4329,0,22.4161,0
2015-03-22 15:57:53,0,1,2.35217,0,14.462,0,22.4161,0
2015-03-22 16:02:53,0,1,2.3926,0,14.2364,0,22.4161,0
2015-03-22 16:07:53,0,1,2.38758,0,14.6734,0,22.4161,0
2015-03-22 16:12:53,0,1,2.45117,0,14.2293,0,22.4161,0
2015-03-22 16:17:53,0,1,2.36758,0,14.4041,0,22.4161,0
2015-03-22 16:22:53,0,1,2.448,0,14.4327,0,22.4161,0
2015-03-22 16:27:53,0,1,2.48302,0,14.5367,0,22.4161,0
2015-03-22 16:32:53,0,1,2.40431,0,14.4818,0,22.4161,0
2015-03-22 16:37:53,1,1,2.39472,0,13.7143,0,22.4161,0
2015-03-22 16:42:53,0,1,2.4095,0,12.6524,0,22.4161,0
2015-03-22 16:47:53,1,1,2.46349,0,10.4119,0,22.4161,0
2015-03-22 16:52:53,0,1,2.4238,0,12.4666,0,22.4161,0
2015-03-22 16:57:53,0,1,2.44987,0,11.5793,0,22.4161,0
2015-03-22 17:02:53,0,1,2.45369,0,14.6879,0,22.4161,0
2015-03-22 17:07:53,0,1,2.41199,0,14.6248,0,22.4161,0
2015-03-22 17:12:53,0,1,2.43434,0,14.669,0,22.4161,0
2015-03-22 17:17:53,1,1,2.46131,0,13.6194,0,22.4161,0
2015-03-22 17:22:53,0,1,2.42974,0,12.5659,0,22.4161,0
2015-03-22 17:27:53,0,1,2.38986,0,11.6554,0,22.4161,0
2015-03-22 17:32:53,0,1,2.51319,0,14.6333,0,22.4161,0
2015-03-22 17:37:53,0,1,2.36951,0,14.5821,0,22.4161,0
2015-03-22 17:42:53,0,1,2.47473,0,14.5654,0,22.4161,0
2015-03-22 17:47:53,0,1,2.48582,0,14.7533,0,22.4161,0
2015-03-22 17:52:53,0,1,2.33937,0,14.5438,0,22.4161,0
2015-03-22 17:57:53,0,1,2.4231,0,14.7352,0,22.4161,0
2015-03-22 18:02:53,0,1,2.44774,0,14.5593,0,22.4161,0
2015-03-22 18:07:53,0,1,2.40606,0,14.312,0,22.4161,0
2015-03-22 18:12:53,0,1,2.51359,0,14.5708,0,22.4161,0
2015-03-22 18:17:53,0,1,2.50969,0,14.6689,0,22.4161,0
2015-03-22 18:22:53,0,1,2.31418,0,14.755,0,22.4161,0
2015-03-22 18:27:53,0,1,2.51069,0,14.8743,0,22.4161,0
2015-03-22 18:32:53,0,1,2.42377,0,14.6681,0,22.4161,0
2015-03-22 18:37:53,0,1,2.30044,0,14.3877,0,22.4161,0
2015-03-22 18:42:53,0,1,2.568,0,14.68,0,22.4161,0
2015-03-22 18:47:53,0,1,2.33366,0,14.4402,0,22.4161,0
2015-03-22 18:52:53,0,1,2.41149,0,14.371,0,22.4161,0
2015-03-22 18:57:53,0,1,2.38676,0,14.7828,0,22.4161,0
2015-03-22 19:02:53,0,1,2.45988,0,14.2107,0,22.4161,0
2015-03-22 19:07:53,0,1,2.37626,0,14.4679,0,22.4161,0
2015-03-22 19:12:53,0,1,2.48762,0,14.4563,0,22.4161,0
2015-03-22 19:17:53,1,1,2.35432,0,13.6198,0,22.4161,0
2015-03-22 19:22:53,0,1,2.50803,0,12.4584,0,22.4161,0
2015-03-22 19:27:53,0,1,2.41954,0,11.6795,0,22.4161,0
2015-03-22 19:32:53,0,1,2.37893,0,14.4986,0,22.4161,0
2015-03-22 19:37:53,0,1,2.42991,0,14.7421,0,22.4161,0
2015-03-22 19:42:53,0,1,2.42716,0,14.4464,0,22.4161,0
2015-03-22 19:47:53,0,1,2.44869,0,14.4238,0,22.4161,0
2015-03-22 19:52:53,1,1,2.44673,0,13.5927,0,22.4161,0
2015-03-22 19:57:53,0,1,2.47622,0,12.6256,0,22.4161,0
2015-03-22 20:02:53,0,1,2.43135,0,11.7158,0,22.4161,0
2015-03-22 20:07:53,0,1,2.41484,0,14.724,0,22.4161,0
2015-03-22 20:12:53,0,1,2.43597,0,14.7062,0,22.4161,0
2015-03-22 20:17:53,0,1,2.50299,0,14.5597,0,22.4161,0
2015-03-22 20:22:53,0,1,2.35594,0,14.6194,0,22.4161,0
2015-03-22 20:27:53,0,1,2.46419,0,14.6698,0,22.4161,0
2015-03-22 20:32:53,0,1,2.39401,0,14.685,0,22.4161,0
2015-03-22 20:37:53,0,1,2.40873,0,14.3902,0,22.4161,0
2015-03-22 20:42:53,0,1,2.37195,0,14.5893,0,22.4161,0
2015-03-22 20:47:53,0,1,2.58609,0,14.3714,0,22.4161,0
2015-03-22 20:52:53,0,1,2.31986,0,14.5562,0,22.4161,0
2015-03-22 20:57:53,0,1,2.39277,0,14.6079,0,22.4161,0
2015-03-22 21:02:53,0,1,2.51062,0,14.7908,0,22.4161,0
2015-03-22 21:07:53,0,1,2.40464,0,14.2557,0,22.4161,0
2015-03-22 21:12:53,0,1,2.39128,0,14.6042,0,22.4161,0
2015-03-22 21:17:53,0,1,2.4745,0,14.7324,0,22.4161,0
2015-03-22 21:22:53,0,1,2.41925,0,14.471,0,22.4161,0
2015-03-22 21:27:53,0,1,2.3462,0,14.5421,0,22.4161,0
2015-03-22 21:32:53,0,1,2.43709,0,14.6082,0,22.4161,0
2015-03-22 21:37:53,0,1,2.37689,0,14.3873,0,22.4161,0
2015-03-22 21:42:53,0,1,2.50096,0,14.2897,0,22.4161,0
2015-03-22 21:47:53,0,1,2.42063,0,14.566,0,22.4161,0
2015-03-22 21:52:53,0,1,2.30536,0,14.5532,0,22.4161,0
2015-03-22 21:57:53,0,1,2.56235,0,14.6495,0,22.4161,0
2015-03-22 22:02:53,0,1,2.34969,0,14.435,0,22.4161,0
2015-03-22 22:07:53,0,1,2.36416,0,14.3905,0,22.4161,0
2015-03-22 22:12:53,0,1,2.41604,0,14.7506,0,22.4161,0
2015-03-22 22:17:53,0,1,2.43715,0,14.1934,0,22.4161,0
2015-03-22 22:22:53,0,1,2.36891,0,14.3617,0,22.4161,0
2015-03-22 22:27:53,0,1,2.4705,0,14.4913,0,22.4161,0
2015-03-22 22:32:53,0,1,2.48271,0,14.5198,0,22.4161,0
2015-03-22 22:37:53,0,1,2.39784,0,14.5304,0,22.4161,0
2015-03-22 22:42:53,0,1,2.38166,0,14.7748,0,22.4161,0
2015-03-22 22:47:53,0,1,2.44254,0,14.6255,0,22.4161,0
2015-03-22 22:52:53,0,1,2.41489,0,14.3994,0,22.4161,0
2015-03-22 22:57:53,0,1,2.40072,0,14.445,0,22.4161,0
2015-03-22 23:02:53,0,1,2.44625,0,14.5581,0,22.4161,0
2015-03-22 23:07:53,0,1,2.40202,0,14.4924,0,22.4161,0
2015-03-22 23:12:53,0,1,2.38245,0,14.4967,0,22.4161,0
2015-03-22 23:17:53,0,1,2.43101,0,14.5252,0,22.4161,0
2015-03-22 23:22:53,0,1,2.43113,0,14.402,0,22.4161,0
2015-03-22 23:27:53,0,1,2.36025,0,14.4405,0,22.4161,0
2015-03-22 23:32:53,0,1,2.41808,0,14.5156,0,22.4161,0
2015-03-22 23:37:53,2,1,2.40902,0,12.432,0,22.4161,0
2015-03-22 23:42:53,2,1,2.45325,0,8.32593,0,22.4161,0
2015-03-22 23:47:53,0,1,2.45833,0,4.52553,0,22.4161,0
2015-03-22 23:52:53,0,1,2.40675,0,8.5919,0,22.4161,0
2015-03-22 23:57:53,0,1,2.42006,0,14.6832,0,22.4161,0
2015-03-23 00:02:53,0,1,2.42845,0,14.6086,0,22.4161,0
2015-03-23 00:07:53,0,1,2.43152,0,14.4888,0,22.4161,0
2015-03-23 00:12:53,0,1,2.44784,0,14.5486,0,22.4161,0
2015-03-23 00:17:53,0,1,2.41984,0,14.5962,0,22.4161,0
2015-03-23 00:22:53,0,1,2.4505,0,14.6101,0,22.4161,0
2015-03-23 00:27:53,0,1,2.36646,0,14.6337,0,22.4161,0
2015-03-23 00:32:53,0,1,2.51126,0,14.527,0,22.4161,0
2015-03-23 00:37:53,0,1,2.50811,0,14.5957,0,22.4161,0
2015-03-23 00:42:53,0,1,2.3517,0,14.63,0,22.4161,0
2015-03-23 00:47:53,0,1,2.45034,0,14.9017,0,22.4161,0
2015-03-23 00:52:53,0,1,2.42076,0,14.6781,0,22.4161,0
2015-03-23 00:57:53,0,1,2.35,0,14.3765,0,22.4161,0
2015-03-23 01:02:53,1,1,2.43134,0,13.5426,0,22.4161,0
2015-03-23 01:07:53,2,1,2.53474,0,10.3936,0,22.4161,0
2015-03-23 01:12:53,2,1,2.43347,0,5.4474,0,22.4161,0
2015-03-23 01:17:53,0,1,2.40685,0,4.79697,0,22.4161,0
2015-03-23 01:22:53,0,1,2.46535,0,8.87803,0,22.4161,0
2015-03-23 01:27:53,0,1,2.4567,0,14.5795,0,22.4161,0
2015-03-23 01:32:53,0,1,2.46712,0,14.608,0,22.4161,0
2015-03-23 01:37:53,0,1,2.40416,0,14.7766,0,22.4161,0
2015-03-23 01:42:53,1,1,2.41592,0,13.7085,0,22.4161,0
2015-03-23 01:47:53,0,1,2.46439,0,12.6256,0,22.4161,0
2015-03-23 01:52:53,0,1,2.38078,0,11.5087,0,22.4161,0
2015-03-23 01:57:53,0,1,2.42419,0,14.5573,0,22.4161,0
2015-03-23 02:02:53,0,1,2.4788,0,14.5789,0,22.4161,0
2015-03-23 02:07:53,0,1,2.48881,0,14.4695,0,22.4161,0
2015-03-23 02:12:53,0,1,2.40359,0,14.719,0,22.4161,0
2015-03-23 02:17:53,0,1,2.47189,0,14.8176,0,22.4161,0
2015-03-23 02:22:53,1,1,2.45502,0,13.7455,0,22.4161,0
2015-03-23 02:27:53,0,1,2.39932,0,12.6096,0,22.4161,0
2015-03-23 02:32:53,1,1,2.41285,0,10.725,0,22.4161,0
2015-03-23 02:37:53,0,1,2.52115,0,12.5765,0,22.4161,0
2015-03-23 02:42:53,0,1,2.44373,0,11.5448,0,22.4161,0
2015-03-23 02:47:53,0,1,2.40751,0,14.7246,0,22.4161,0
2015-03-23 02:52:53,0,1,2.51268,0,14.8584,0,22.4161,0
2015-03-23 02:57:53,0,1,2.46537,0,14.6589,0,22.4161,0
2015-03-23 03:02:53,0,1,2.38145,0,14.7133,0,22.4161,0
2015-03-23 03:07:53,0,1,2.45994,0,14.8502,0,22.4161,0
2015-03-23 03:12:53,1,1,2.41603,0,13.619,0,22.4161,0
2015-03-23 03:17:53,0,1,2.44491,0,12.4803,0,22.4161,0
2015-03-23 03:22:53,0,1,2.38029,0,11.6568,0,22.4161,0
2015-03-23 03:27:53,0,1,2.42685,0,14.5182,0,22.4161,0
2015-03-23 03:32:53,1,1,2.40654,0,13.5222,0,22.4161,0
2015-03-23 03:37:53,0,1,2.44321,0,12.4011,0,22.4161,0
2015-03-23 03:42:53,0,1,2.41343,0,11.5368,0,22.4161,0
2015-03-23 03:47:53,0,1,2.46652,0,14.5195,0,22.4161,0
2015-03-23 03:52:53,0,1,2.43723,0,14.623,0,22.4161,0
2015-03-23 03:57:53,0,1,2.40599,0,14.6105,0,22.4161,0
2015-03-23 04:02:53,0,1,2.44013,0,14.68,0,22.4161,0
2015-03-23 04:07:53,0,1,2.51527,0,14.5638,0,22.4161,0
2015-03-23 04:12:53,0,1,2.4326,0,14.6135,0,22.4161,0
2015-03-23 04:17:53,0,1,2.45072,0,14.7835,0,22.4161,0
2015-03-23 04:22:53,0,1,2.45127,0,14.8617,0,22.4161,0
2015-03-23 04:27:53,0,1,2.43719,0,14.6505,0,22.4161,0
2015-03-23 04:32:53,0,1,2.37381,0,14.6919,0,22.4161,0
2015-03-23 04:37:53,0,1,2.44867,0,14.602,0,22.4161,0
2015-03-23 04:42:53,0,1,2.44008,0,14.5079,0,22.4161,0
2015-03-23 04:47:53,0,1,2.35129,0,14.4589,0,22.4161,0
2015-03-23 04:52:53,0,1,2.40112,0,14.5775,0,22.4161,0
2015-03-23 04:57:53,0,1,2.45247,0,14.424,0,22.4161,0
2015-03-23 05:02:53,0,1,2.42364,0,14.3086,0,22.4161,0
2015-03-23 05:07:53,0,1,2.40306,0,14.5319,0,22.4161,0
2015-03-23 05:12:53,1,1,2.42283,0,13.6078,0,22.4161,0
2015-03-23 05:17:53,0,1,2.40828,0,12.4999,0,22.4161,0
2015-03-23 05:22:53,0,1,2.41215,0,11.4631,0,22.4161,0
2015-03-23 05:27:53,0,1,2.42533,0,14.4972,0,22.4161,0
2015-03-23 05:32:53,0,1,2.44112,0,14.4745,0,22.4161,0
2015-03-23 05:37:53,0,1,2.50698,0,14.5282,0,22.4161,0
2015-03-23 05:42:53,0,1,2.42041,0,14.6652,0,22.4161,0
2015-03-23 05:47:53,0,1,2.38979,0,14.7577,0,22.4161,0
2015-03-23 05:52:53,0,1,2.44333,0,14.7516,0,22.4161,0
2015-03-23 05:57:53,0,1,2.38222,0,14.4841,0,22.4161,0
2015-03-23 06:02:53,0,1,2.40368,0,14.4382,0,22.4161,0
2015-03-23 06:07:53,0,1,2.46692,0,14.4981,0,22.4161,0
2015-03-23 06:12:53,0,1,2.42872,0,14.421,0,22.4161,0
2015-03-23 06:17:53,0,1,2.33245,0,14.5736,0,22.4161,0
2015-03-23 06:22:53,0,1,2.49735,0,14.5907,0,22.4161,0
2015-03-23 06:27:53,0,1,2.33769,0,14.4484,0,22.4161,0
2015-03-23 06:32:53,0,1,2.41238,0,14.3298,0,22.4161,0
2015-03-23 06:37:53,0,1,2.43445,0,14.5798,0,22.4161,0
2015-03-23 06:42:53,0,1,2.47243,0,14.2723,0,22.4161,0
2015-03-23 06:47:53,0,1,2.38623,0,14.5784,0,22.4161,0
2015-03-23 06:52:53,0,1,2.45204,0,14.6344,0,22.4161,0
2015-03-23 06:57:53,0,1,2.41619,0,14.6418,0,22.4161,0
2015-03-23 07:02:53,0,1,2.49759,0,14.479,0,22.4161,0
2015-03-23 07:07:53,0,1,2.33797,0,14.6861,0,22.4161,0
2015-03-23 07:12:53,0,1,2.39028,0,14.5817,0,22.4161,0
2015-03-23 07:17:53,0,1,2.45306,0,14.559,0,22.4161,0
2015-03-23 07:22:53,0,1,2.31351,0,14.2475,0,22.4161,0
2015-03-23 07:27:53,0,1,2.43031,0,14.3905,0,22.4161,0
2015-03-23 07:32:53,0,1,2.39576,0,14.4165,0,22.4161,0
2015-03-23 07:37:53,0,1,2.43741,0,14.1969,0,22.4161,0
2015-03-23 07:42:53,0,1,2.41823,0,14.5199,0,22.4161,0
2015-03-23 07:47:53,0,1,2.38554,0,14.4803,0,22.4161,0
2015-03-23 07:52:53,0,1,2.49173,0,14.5342,0,22.4161,0
2015-03-23 07:57:53,0,1,2.41814,0,14.5175,0,22.4161,0
2015-03-23 08:02:53,0,1,2.41266,0,14.5582,0,22.4161,0
2015-03-23 08:07:53,0,1,2.37607,0,14.7241,0,22.4161,0
2015-03-23 08:12:53,0,1,2.45462,0,14.4558,0,22.4161,0
2015-03-23 08:17:53,0,1,2.36652,0,14.4447,0,22.4161,0
2015-03-23 08:22:53,0,1,2.40713,0,14.404,0,22.4161,0
2015-03-23 08:27:53,0,1,2.48122,0,14.504,0,22.4161,0
2015-03-23 08:32:53,0,1,2.35859,0,14.395,0,22.4161,0
2015-03-23 08:37:53,0,1,2.38286,0,14.5424,0,22.4161,0
2015-03-23 08:42:53,0,1,2.49685,0,14.5437,0,22.4161,0
2015-03-23 08:47:53,0,1,2.35231,0,14.3384,0,22.4161,0
2015-03-23 08:52:53,0,1,2.41251,0,14.4946,0,22.4161,0
2015-03-23 08:57:53,0,1,2.41367,0,14.6077,0,22.4161,0
2015-03-23 09:02:53,0,1,2.3689,0,14.2956,0,22.4161,0
2015-03-23 09:07:53,0,1,2.38255,0,14.4338,0,22.4161,0
2015-03-23 09:12:53,0,1,2.46456,0,14.3614,0,22.4161,0
2015-03-23 09:17:53,0,1,2.35064,0,14.3363,0,22.4161,0
2015-03-23 09:22:53,0,1,2.39502,0,14.4274,0,22.4161,0
2015-03-23 09:27:53,0,1,2.4166,0,14.49,0,22.4161,0
2015-03-23 09:32:53,0,1,2.40264,0,14.2586,0,22.4161,0
2015-03-23 09:37:53,0,1,2.47065,0,14.4209,0,22.4161,0
2015-03-23 09:42:53,0,1,2.47653,0,14.5257,0,22.4161,0
2015-03-23 09:47:53,0,1,2.31835,0,14.6258,0,22.4161,0
2015-03-23 09:52:53,0,1,2.48136,0,14.6834,0,22.4161,0
2015-03-23 09:57:53,0,1,2.36421,0,14.5476,0,22.4161,0
2015-03-23 10:02:53,0,1,2.35828,0,14.282,0,22.4161,0
2015-03-23 10:07:53,0,1,2.48093,0,14.5308,0,22.4161,0
2015-03-23 10:12:53,0,1,2.34881,0,14.2901,0,22.4161,0
2015-03-23 10:17:53,0,1,2.40608,0,14.3855,0,22.4161,0
2015-03-23 10:22:53,1,1,2.40608,0,13.5465,0,22.4161,0
2015-03-23 10:27:53,0,1,2.45017,0,12.2647,0,22.4161,0
2015-03-23 10:32:53,0,1,2.42124,0,11.4806,0,22.4161,0
2015-03-23 10:37:53,0,1,2.40654,0,14.5398,0,22.4161,0
2015-03-23 10:42:53,0,1,2.41757,0,14.5995,0,22.4161,0
2015-03-23 10:47:53,0,1,2.45641,0,14.4944,0,22.4161,0
2015-03-23 10:52:53,1,1,2.41471,0,13.5112,0,22.4161,0
2015-03-23 10:57:53,0,1,2.45276,0,12.5802,0,22.4161,0
2015-03-23 11:02:53,1,1,2.41429,0,10.6514,0,22.4161,0
2015-03-23 11:07:53,0,1,2.45212,0,12.5639,0,22.4161,0
2015-03-23 11:12:53,1,1,2.3923,0,10.639,0,22.4161,0
2015-03-23 11:17:53,0,1,2.53906,0,12.5394,0,22.4161,0
2015-03-23 11:22:53,0,1,2.42523,0,11.68,0,22.4161,0
2015-03-23 11:27:53,0,1,2.41207,0,14.6802,0,22.4161,0
2015-03-23 11:32:53,0,1,2.45901,0,14.8797,0,22.4161,0
2015-03-23 11:37:53,0,1,2.44026,0,14.5588,0,22.4161,0
2015-03-23 11:42:53,0,1,2.36307,0,14.5945,0,22.4161,0
2015-03-23 11:47:53,0,1,2.55798,0,14.6206,0,22.4161,0
2015-03-23 11:52:53,0,1,2.42784,0,14.6049,0,22.4161,0
2015-03-23 11:57:53,1,1,2.43048,0,13.633,0,22.4161,0
2015-03-23 12:02:53,0,1,2.46205,0,12.9601,0,22.4161,0
2015-03-23 12:07:53,0,1,2.47252,0,11.6065,0,22.4161,0
2015-03-23 12:12:53,0,1,2.43196,0,14.6881,0,22.4161,0
2015-03-23 12:17:53,0,1,2.42531,0,14.7631,0,22.4161,0
2015-03-23 12:22:53,1,1,2.43546,0,13.7068,0,22.4161,0
2015-03-23 12:27:53,0,1,2.45227,0,12.5819,0,22.4161,0
2015-03-23 12:32:53,0,1,2.43719,0,11.5991,0,22.4161,0
2015-03-23 12:37:53,0,1,2.41604,0,14.6481,0,22.4161,0
2015-03-23 12:42:53,0,1,2.47429,0,14.6472,0,22.4161,0
2015-03-23 12:47:53,0,1,2.43209,0,14.6179,0,22.4161,0
2015-03-23 12:52:53,0,1,2.4297,0,14.6288,0,22.4161,0
2015-03-23 12:57:53,0,1,2.52933,0,14.7168,0,22.4161,0
2015-03-23 13:02:53,0,1,2.33905,0,14.685,0,22.4161,0
2015-03-23 13:07:53,1,1,2.52159,0,13.6868,0,22.4161,0
2015-03-23 13:12:53,1,1,2.30906,0,11.7877,0,22.4161,0
2015-03-23 13:17:53,0,1,2.51255,0,9.36939,0,22.4161,0
2015-03-23 13:22:53,1,1,2.42394,0,10.6954,0,22.4161,0
2015-03-23 13:27:53,0,1,2.45616,0,12.3762,0,22.4161,0
2015-03-23 13:32:53,1,1,2.45227,0,10.8417,0,22.4161,0
2015-03-23 13:37:53,1,1,2.47587,0,11.6364,0,22.4161,0
2015-03-23 13:42:53,1,1,2.44804,0,8.7489,0,22.4161,0
2015-03-23 13:47:53,0,1,2.46048,0,9.7566,0,22.4161,0
2015-03-23 13:52:53,0,1,2.53235,0,11.7842,0,22.4161,0
2015-03-23 13:57:53,0,1,2.32916,0,14.7974,0,22.4161,0
2015-03-23 14:02:53,0,1,2.5374,0,14.7753,0,22.4161,0
2015-03-23 14:07:53,0,1,2.48785,0,14.7928,0,22.4161,0
2015-03-23 14:12:53,0,1,2.40004,0,14.5501,0,22.4161,0
2015-03-23 14:17:53,0,1,2.48099,0,14.9879,0,22.4161,0
2015-03-23 14:22:53,1,1,2.44655,0,13.7446,0,22.4161,0
2015-03-23 14:27:53,1,1,2.41735,0,11.6087,0,22.4161,0
2015-03-23 14:32:53,0,1,2.50568,0,9.75342,0,22.4161,0
2015-03-23 14:37:53,1,1,2.47755,0,10.68,0,22.4161,0
2015-03-23 14:42:53,0,1,2.42715,0,12.7409,0,22.4161,0
2015-03-23 14:47:53,1,1,2.4356,0,10.8993,0,22.4161,0
2015-03-23 14:52:53,0,1,2.48858,0,12.7225,0,22.4161,0
2015-03-23 14:57:53,0,1,2.39932,0,11.6412,0,22.4161,0
2015-03-23 15:02:53,0,1,2.51801,0,14.6833,0,22.4161,0
2015-03-23 15:07:53,1,1,2.41856,0,13.7824,0,22.4161,0
2015-03-23 15:12:53,0,1,2.44269,0,12.6525,0,22.4161,0
2015-03-23 15:17:53,0,1,2.48125,0,11.8339,0,22.4161,0
2015-03-23 15:22:53,0,1,2.4508,0,14.6223,0,22.4161,0
2015-03-23 15:27:53,1,1,2.44937,0,13.7414,0,22.4161,0
2015-03-23 15:32:53,1,1,2.4962,0,11.7947,0,22.4161,0
2015-03-23 15:37:53,0,1,2.42568,0,9.74732,0,22.4161,0
2015-03-23 15:42:53,1,1,2.42683,0,10.7662,0,22.4161,0
2015-03-23 15:47:53,1,1,2.47093,0,11.7668,0,22.4161,0
2015-03-23 15:52:53,0,1,2.45436,0,9.60161,0,22.4161,0
2015-03-23 15:57:53,1,1,2.44065,0,10.6767,0,22.4161,0
2015-03-23 16:02:53,1,1,2.42803,0,11.7621,0,22.4161,0
2015-03-23 16:07:53,1,1,2.50484,0,8.67241,0,22.4161,0
2015-03-23 16:12:53,0,1,2.44396,0,9.68285,0,22.4161,0
2015-03-23 16:17:53,0,1,2.49789,0,11.7377,0,22.4161,0
2015-03-23 16:22:53,3,1,2.4926,0,12.9046,0,22.4161,0
2015-03-23 16:27:53,4,1,2.47559,0,9.8435,0,22.4161,0
2015-03-23 16:32:53,2,1,2.46876,0,4.99673,0,22.4161,0
2015-03-23 16:37:53,1,1,2.46757,0,6.94214,0,22.4161,0
2015-03-23 16:42:53,1,1,2.47947,0,5.83187,0,22.4161,0
2015-03-23 16:47:53,0,1,2.40578,0,9.8209,0,22.4161,0
2015-03-23 16:52:53,0,1,2.54309,0,11.7674,0,22.4161,0
2015-03-23 16:57:53,1,1,2.44317,0,13.793,0,22.4161,0
2015-03-23 17:02:53,0,1,2.47814,0,12.7467,0,22.4161,0
2015-03-23 17:07:53,0,1,2.42319,0,11.9937,0,22.4161,0
2015-03-23 17:12:53,0,1,2.46615,0,14.709,0,22.4161,0
2015-03-23 17:17:53,0,1,2.45719,0,14.747,0,22.4161,0
2015-03-23 17:22:53,2,1,2.50472,0,12.6591,0,22.4161,0
2015-03-23 17:27:53,0,1,2.46175,0,10.8176,0,22.4161,0
2015-03-23 17:32:53,0,1,2.46399,0,8.84276,0,22.4161,0
2015-03-23 17:37:53,0,1,2.49826,0,14.9016,0,22.4161,0
2015-03-23 17:42:53,0,1,2.37165,0,14.8115,0,22.4161,0
2015-03-23 17:47:53,0,1,2.44555,0,14.7602,0,22.4161,0
2015-03-23 17:52:53,0,1,2.56123,0,14.6836,0,22.4161,0
2015-03-23 17:57:53,0,1,2.41132,0,14.5673,0,22.4161,0
2015-03-23 18:02:53,0,1,2.41434,0,14.8704,0,22.4161,0
2015-03-23 18:07:53,2,1,2.50743,0,12.9207,0,22.4161,0
2015-03-23 18:12:53,0,1,2.43979,0,10.5701,0,22.4161,0
2015-03-23 18:17:53,0,1,2.48514,0,8.69768,0,22.4161,0
2015-03-23 18:22:53,0,1,2.41399,0,14.887,0,22.4161,0
2015-03-23 18:27:53,0,1,2.41382,0,14.7037,0,22.4161,0
2015-03-23 18:32:53,0,1,2.44051,0,14.6972,0,22.4161,0
2015-03-23 18:37:53,1,1,2.41747,0,13.5101,0,22.4161,0
2015-03-23 18:42:53,0,1,2.39031,0,12.5399,0,22.4161,0
2015-03-23 18:47:53,0,1,2.47734,0,11.5468,0,22.4161,0
2015-03-23 18:52:53,13,1,2.45027,0,22.5557,0,22.4161,1
2015-03-23 18:57:53,8,1,2.42533,0,33.766,0,22.4161,1
2015-03-23 19:02:53,0,1,2.50049,0,45.0928,0,22.4161,1
2015-03-23 19:07:53,3,1,2.45267,0,21.9994,0,22.4161,0
2015-03-23 19:12:53,1,1,2.42241,0,9.72769,0,22.4161,0
2015-03-23 19:17:53,0,1,2.48131,0,6.82629,0,22.4161,0
2015-03-23 19:22:53,1,1,2.41533,0,10.6842,0,22.4161,0
2015-03-23 19:27:53,0,1,2.44702,0,12.6452,0,22.4161,0
2015-03-23 19:32:53,0,1,2.454,0,11.7216,0,22.4161,0
2015-03-23 19:37:53,0,1,2.45935,0,14.594,0,22.4161,0
2015-03-23 19:42:53,1,1,2.38529,0,13.7084,0,22.4161,0
2015-03-23 19:47:53,0,1,2.53182,0,12.666,0,22.4161,0
2015-03-23 19:52:53,0,1,2.50163,0,11.6804,0,22.4161,0
2015-03-23 19:57:53,1,1,2.37829,0,13.7211,0,22.4161,0
2015-03-23 20:02:53,2,1,2.49448,0,10.977,0,22.4161,0
2015-03-23 20:07:53,2,1,2.4326,0,5.75595,0,22.4161,0
2015-03-23 20:12:53,0,1,2.36554,0,4.55642,0,22.4161,0
2015-03-23 20:17:53,0,1,2.44028,0,8.71417,0,22.4161,0
2015-03-23 20:22:53,4,1,2.5291,0,13.5886,0,22.4161,0
2015-03-23 20:27:53,1,1,2.39629,0,11.7452,0,22.4161,0
2015-03-23 20:32:53,0,1,2.41145,0,10.1337,0,22.4161,0
2015-03-23 20:37:53,0,1,2.49265,0,11.7913,0,22.4161,0
2015-03-23 20:42:53,0,1,2.44064,0,14.5044,0,22.4161,0
2015-03-23 20:47:53,0,1,2.46738,0,14.6603,0,22.4161,0
2015-03-23 20:52:53,1,1,2.40556,0,13.8266,0,22.4161,0
2015-03-23 20:57:53,2,1,2.45638,0,10.6622,0,22.4161,0
2015-03-23 21:02:53,0,1,2.4533,0,7.66964,0,22.4161,0
2015-03-23 21:07:53,0,0,3.96028,0,8.58273,0,22.4161,0
2015-03-23 21:12:53,1,0,3.94772,0,15.236,0,22.4161,0
2015-03-23 21:17:53,0,0,4.03221,0,17.2282,0,22.4161,0
2015-03-23 21:22:53,0,0,4.02146,0,20.8085,0,22.4161,0
2015-03-23 21:27:53,0,0,3.88771,0,23.929,0,22.4161,1
2015-03-23 21:32:53,0,0,3.914,0,24.0273,0,22.4161,1
2015-03-23 21:37:53,0,0,4.0317,0,23.7538,0,22.4161,1
2015-03-23 21:42:53,0,0,3.89473,0,23.5228,0,22.4161,1
2015-03-23 21:47:53,0,0,3.91697,0,23.7001,0,22.4161,1
2015-03-23 21:52:53,0,0,3.94009,0,23.8015,0,22.4161,1
2015-03-23 21:57:53,0,0,3.8879,0,23.4582,0,22.4161,1
2015-03-23 22:02:53,0,0,3.93032,0,23.519,0,22.4161,1
2015-03-23 22:07:53,0,0,3.91095,0,23.5264,0,22.4161,1
2015-03-23 22:12:53,0,0,3.90133,0,23.4353,0,22.4161,1
2015-03-23 22:17:53,0,0,3.95617,0,23.5142,0,22.4161,1
2015-03-23 22:22:53,0,0,3.96403,0,23.4917,0,22.4161,1
2015-03-23 22:27:53,0,0,3.91625,0,23.5804,0,22.4161,1
2015-03-23 22:32:53,0,0,3.86113,0,23.7128,0,22.4161,1
2015-03-23 22:37:53,0,0,3.97971,0,23.5857,0,22.4161,1
2015-03-23 22:42:53,0,0,3.89331,0,23.4507,0,22.4161,1
2015-03-23 22:47:53,0,0,3.87723,0,23.4361,0,22.4161,1
2015-03-23 22:52:53,0,0,3.95657,0,23.603,0,22.4161,1
2015-03-23 22:57:53,1,0,3.86838,0,22.391,0,22.4161,0
2015-03-23 23:02:53,0,0,3.85651,0,21.4132,0,22.4161,0
2015-03-23 23:07:53,0,0,3.93543,0,20.463,0,22.4161,0
2015-03-23 23:12:53,0,0,3.93023,0,23.2536,0,22.4161,1
2015-03-23 23:17:53,0,0,3.92755,0,23.3706,0,22.4161,1
2015-03-23 23:22:53,0,0,3.92991,0,23.5943,0,22.4161,1
2015-03-23 23:27:53,0,0,3.89398,0,23.5757,0,22.4161,1
2015-03-23 23:32:53,1,0,3.83876,0,22.5365,0,22.4161,1
2015-03-23 23:37:53,1,0,3.91655,0,20.4165,0,22.4161,0
2015-03-23 23:42:53,0,0,3.83379,0,18.276,0,22.4161,0
2015-03-23 23:47:53,0,0,3.88414,0,20.1832,0,22.4161,0
2015-03-23 23:52:53,0,0,3.84768,0,23.3014,0,22.4161,1
2015-03-23 23:57:53,0,0,3.75072,0,23.1173,0,22.4161,1
2015-03-24 00:02:53,0,0,3.86761,0,23.0985,0,22.4161,1
2015-03-24 00:07:53,0,0,3.93772,0,22.9121,0,22.4161,1
2015-03-24 00:12:53,0,0,3.79442,0,22.9251,0,22.4161,1
2015-03-24 00:17:53,1,0,3.92341,0,22.2727,0,22.4161,0
2015-03-24 00:22:53,0,0,3.93383,0,21.3254,0,22.4161,0
2015-03-24 00:27:53,0,0,3.87431,0,20.1639,0,22.4161,0
2015-03-24 00:32:53,0,0,3.85831,0,23.5122,0,22.4161,1
2015-03-24 00:37:53,0,0,3.89483,0,23.4084,0,22.4161,1
2015-03-24 00:42:53,0,0,3.87027,0,23.2344,0,22.4161,1
2015-03-24 00:47:53,0,0,3.87545,0,23.2349,0,22.4161,1
2015-03-24 00:52:53,0,0,3.83024,0,23.3005,0,22.4161,1
2015-03-24 00:57:53,0,0,3.89176,0,23.1919,0,22.4161,1
2015-03-24 01:02:53,0,0,3.85847,0,23.1786,0,22.4161,1
2015-03-24 01:07:53,0,0,3.84858,0,23.1327,0,22.4161,1
2015-03-24 01:12:53,1,0,3.82094,0,22.2408,0,22.4161,0
2015-03-24 01:17:53,0,0,3.95793,0,21.0935,0,22.4161,0
2015-03-24 01:22:53,0,0,3.80537,0,20.1455,0,22.4161,0
2015-03-24 01:27:53,0,0,3.98615,0,23.184,0,22.4161,1
2015-03-24 01:32:53,0,0,3.82826,0,23.4707,0,22.4161,1
2015-03-24 01:37:53,0,0,3.89447,0,23.2166,0,22.4161,1
2015-03-24 01:42:53,0,0,3.91152,0,23.5094,0,22.4161,1
2015-03-24 01:47:53,0,0,3.86416,0,23.1852,0,22.4161,1
2015-03-24 01:52:53,0,0,3.92214,0,23.3706,0,22.4161,1
2015-03-24 01:57:53,0,0,3.90568,0,23.385,0,22.4161,1
2015-03-24 02:02:53,0,0,3.95141,0,23.3424,0,22.4161,1
2015-03-24 02:07:53,0,0,3.90484,0,23.5292,0,22.4161,1
2015-03-24 02:12:53,0,0,3.8547,0,23.5247,0,22.4161,1
2015-03-24 02:17:53,3,0,3.99259,0,20.5186,0,22.4161,0
2015-03-24 02:22:53,0,0,4.11391,0,17.4165,0,22.4161,0
2015-03-24 02:27:53,0,0,3.67761,0,14.6632,0,22.4161,0
2015-03-24 02:32:53,0,0,4.10358,0,23.8832,0,22.4161,1
2015-03-24 02:37:53,0,0,3.7901,0,23.8005,0,22.4161,1
2015-03-24 02:42:53,0,0,4.0591,0,23.0301,0,22.4161,1
2015-03-24 02:47:53,1,0,3.88972,0,22.95,0,22.4161,1
2015-03-24 02:52:53,0,0,3.85768,0,21.3782,0,22.4161,0
2015-03-24 02:57:53,0,0,3.90543,0,20.8144,0,22.4161,0
2015-03-24 03:02:53,0,0,4.04097,0,23.29,0,22.4161,1
2015-03-24 03:07:53,0,0,3.78255,0,23.4249,0,22.4161,1
2015-03-24 03:12:53,0,0,3.95114,0,23.5808,0,22.4161,1
2015-03-24 03:17:53,0,0,3.85962,0,23.6392,0,22.4161,1
2015-03-24 03:22:53,0,0,3.8955,0,23.1095,0,22.4161,1
2015-03-24 03:27:53,0,0,3.95184,0,23.4682,0,22.4161,1
2015-03-24 03:32:53,0,0,3.90844,0,23.3217,0,22.4161,1
2015-03-24 03:37:53,0,0,3.88142,0,23.4986,0,22.4161,1
2015-03-24 03:42:53,0,0,3.98084,0,23.5538,0,22.4161,1
2015-03-24 03:47:53,0,0,3.9587,0,23.469,0,22.4161,1
2015-03-24 03:52:53,0,0,3.83473,0,23.5646,0,22.4161,1
2015-03-24 03:57:53,0,0,3.87951,0,23.6946,0,22.4161,1
2015-03-24 04:02:53,0,0,3.9278,0,23.4251,0,22.4161,1
2015-03-24 04:07:53,0,0,3.80385,0,23.191,0,22.4161,1
2015-03-24 04:12:53,1,0,3.93142,0,22.298,0,22.4161,0
2015-03-24 04:17:53,0,0,4.05781,0,21.3225,0,22.4161,0
2015-03-24 04:22:53,0,0,3.74249,0,20.3322,0,22.4161,0
2015-03-24 04:27:53,0,0,3.91419,0,23.6524,0,22.4161,1
2015-03-24 04:32:53,0,0,3.93257,0,23.5726,0,22.4161,1
2015-03-24 04:37:53,0,0,3.88527,0,22.9884,0,22.4161,1
2015-03-24 04:42:53,0,0,4.10366,0,23.493,0,22.4161,1
2015-03-24 04:47:53,0,0,3.93378,0,23.6719,0,22.4161,1
2015-03-24 04:52:53,0,0,3.82642,0,23.7969,0,22.4161,1
2015-03-24 04:57:53,0,0,3.95033,0,24.0049,0,22.4161,1
2015-03-24 05:02:53,0,0,3.95775,0,23.4045,0,22.4161,1
2015-03-24 05:07:53,0,0,3.86023,0,23.3377,0,22.4161,1
2015-03-24 05:12:53,0,0,3.99542,0,23.6267,0,22.4161,1
2015-03-24 05:17:53,0,0,3.82521,0,23.5892,0,22.4161,1
2015-03-24 05:22:53,0,0,3.93534,0,23.3968,0,22.4161,1
2015-03-24 05:27:53,0,0,3.92353,0,23.572,0,22.4161,1
2015-03-24 05:32:53,0,0,3.89461,0,23.2698,0,22.4161,1
2015-03-24 05:37:53,0,0,3.96738,0,23.5477,0,22.4161,1
2015-03-24 05:42:53,0,0,3.97103,0,23.5272,0,22.4161,1
2015-03-24 05:47:53,0,0,3.81787,0,23.5896,0,22.4161,1
2015-03-24 05:52:53,3,0,3.88066,0,20.6621,0,22.4161,0
2015-03-24 05:57:53,0,0,4.00918,0,17.4295,0,22.4161,0
2015-03-24 06:02:53,0,0,3.76813,0,14.2241,0,22.4161,0
2015-03-24 06:07:53,0,0,4.0418,0,23.4285,0,22.4161,1
2015-03-24 06:12:53,0,0,3.79457,0,23.6056,0,22.4161,1
2015-03-24 06:17:53,0,0,3.88072,0,23.1826,0,22.4161,1
2015-03-24 06:22:53,0,0,3.93171,0,23.5953,0,22.4161,1
2015-03-24 06:27:53,0,0,3.77763,0,23.0769,0,22.4161,1
2015-03-24 06:32:53,1,0,4.04713,0,22.2832,0,22.4161,0
2015-03-24 06:37:53,0,0,3.98017,0,21.3975,0,22.4161,0
2015-03-24 06:42:53,0,0,3.85067,0,20.4073,0,22.4161,0
2015-03-24 06:47:53,0,0,3.92267,0,23.9524,0,22.4161,1
2015-03-24 06:52:53,0,0,3.85,0,23.5645,0,22.4161,1
2015-03-24 06:57:53,0,0,3.85416,0,23.2474,0,22.4161,1
2015-03-24 07:02:53,0,0,3.98569,0,23.3222,0,22.4161,1
2015-03-24 07:07:53,0,0,3.78664,0,23.244,0,22.4161,1
2015-03-24 07:12:53,0,0,3.91834,0,23.3205,0,22.4161,1
2015-03-24 07:17:53,0,0,3.90014,0,23.4487,0,22.4161,1
2015-03-24 07:22:53,0,0,4.00303,0,23.0967,0,22.4161,1
2015-03-24 07:27:53,0,0,3.79161,0,23.5583,0,22.4161,1
2015-03-24 07:32:53,0,0,3.88503,0,23.4981,0,22.4161,1
2015-03-24 07:37:53,0,0,3.8611,0,23.4773,0,22.4161,1
2015-03-24 07:42:53,0,0,3.87433,0,23.006,0,22.4161,1
2015-03-24 07:47:53,0,0,3.92097,0,23.2516,0,22.4161,1
2015-03-24 07:52:53,0,0,3.92932,0,23.2529,0,22.4161,1
2015-03-24 07:57:53,0,0,3.91204,0,23.3942,0,22.4161,1
2015-03-24 08:02:53,0,0,3.90144,0,23.5336,0,22.4161,1
2015-03-24 08:07:53,0,0,3.9254,0,23.5135,0,22.4161,1
2015-03-24 08:12:53,0,0,3.92094,0,23.4644,0,22.4161,1
2015-03-24 08:17:53,0,0,4.07943,0,23.4761,0,22.4161,1
2015-03-24 08:22:53,0,0,3.92001,0,23.6975,0,22.4161,1
2015-03-24 08:27:53,0,0,3.88377,0,23.8417,0,22.4161,1
2015-03-24 08:32:53,0,0,3.92089,0,23.9621,0,22.4161,1
2015-03-24 08:37:53,0,0,3.9937,0,23.4485,0,22.4161,1
2015-03-24 08:42:53,0,0,3.86156,0,23.4868,0,22.4161,1
2015-03-24 08:47:53,0,0,3.95556,0,23.6116,0,22.4161,1
2015-03-24 08:52:53,0,0,3.82298,0,23.6598,0,22.4161,1
2015-03-24 08:57:53,0,0,4.02625,0,23.3188,0,22.4161,1
2015-03-24 09:02:53,0,0,3.88047,0,23.5389,0,22.4161,1
2015-03-24 09:07:53,0,0,3.89545,0,23.4019,0,22.4161,1
2015-03-24 09:12:53,0,0,3.90627,0,23.7351,0,22.4161,1
2015-03-24 09:17:53,0,0,3.95882,0,23.3386,0,22.4161,1
2015-03-24 09:22:53,0,0,3.8659,0,23.4577,0,22.4161,1
2015-03-24 09:27:53,0,0,3.90062,0,23.5023,0,22.4161,1
2015-03-24 09:32:53,0,0,3.81251,0,23.5089,0,22.4161,1
2015-03-24 09:37:53,0,0,4.04159,0,23.2114,0,22.4161,1
2015-03-24 09:42:53,0,0,3.79966,0,23.3685,0,22.4161,1
2015-03-24 09:47:53,0,0,3.88955,0,23.3204,0,22.4161,1
2015-03-24 09:52:53,0,0,3.89119,0,23.6136,0,22.4161,1
2015-03-24 09:57:53,0,0,3.92792,0,23.0693,0,22.4161,1
2015-03-24 10:02:53,0,0,3.81774,0,23.379,0,22.4161,1
2015-03-24 10:07:53,0,0,3.97732,0,23.3471,0,22.4161,1
2015-03-24 10:12:53,0,0,3.82378,0,23.3966,0,22.4161,1
2015-03-24 10:17:53,0,0,4.00819,0,23.2316,0,22.4161,1
2015-03-24 10:22:53,0,0,3.82755,0,23.5877,0,22.4161,1
2015-03-24 10:27:53,0,0,3.88074,0,23.3153,0,22.4161,1
2015-03-24 10:32:53,0,0,3.83324,0,23.5604,0,22.4161,1
2015-03-24 10:37:53,0,0,3.9314,0,23.0774,0,22.4161,1
2015-03-24 10:42:53,0,0,3.76014,0,23.2401,0,22.4161,1
2015-03-24 10:47:53,0,0,3.98268,0,23.1227,0,22.4161,1
2015-03-24 10:52:53,1,0,3.77913,0,22.2971,0,22.4161,0
2015-03-24 10:57:53,0,0,4.11005,0,21.0249,0,22.4161,0
2015-03-24 11:02:53,0,0,3.68133,0,20.6163,0,22.4161,0
2015-03-24 11:07:53,0,0,4.07512,0,23.2388,0,22.4161,1
2015-03-24 11:12:53,0,0,3.74879,0,23.7679,0,22.4161,1
2015-03-24 11:17:53,0,0,3.93192,0,22.943,0,22.4161,1
2015-03-24 11:22:53,0,0,3.83888,0,23.6549,0,22.4161,1
2015-03-24 11:27:53,0,0,3.86549,0,22.9491,0,22.4161,1
2015-03-24 11:32:53,0,0,3.87711,0,23.339,0,22.4161,1
2015-03-24 11:37:53,0,0,3.97237,0,23.1247,0,22.4161,1
2015-03-24 11:42:53,0,0,3.82001,0,23.3231,0,22.4161,1
2015-03-24 11:47:53,0,0,3.9154,0,23.3961,0,22.4161,1
2015-03-24 11:52:53,0,0,3.87518,0,23.4725,0,22.4161,1
2015-03-24 11:57:53,0,0,3.87741,0,23.166,0,22.4161,1
2015-03-24 12:02:53,1,0,3.96871,0,22.374,0,22.4161,0
2015-03-24 12:07:53,0,0,4.05041,0,21.3491,0,22.4161,0
2015-03-24 12:12:53,0,0,3.67148,0,20.62,0,22.4161,0
2015-03-24 12:17:53,0,0,4.13829,0,23.6784,0,22.4161,1
2015-03-24 12:22:53,0,0,3.89991,0,23.6325,0,22.4161,1
2015-03-24 12:27:53,1,0,3.83513,0,22.1909,0,22.4161,0
2015-03-24 12:32:53,0,0,4.03384,0,22.0498,0,22.4161,0
2015-03-24 12:37:53,0,0,3.67977,0,20.4038,0,22.4161,0
2015-03-24 12:42:53,0,0,4.05965,0,23.2528,0,22.4161,1
2015-03-24 12:47:53,0,0,3.89503,0,23.5207,0,22.4161,1
2015-03-24 12:52:53,0,0,3.90762,0,23.0536,0,22.4161,1
2015-03-24 12:57:53,0,0,3.89942,0,23.8766,0,22.4161,1
2015-03-24 13:02:53,0,0,3.81657,0,23.3998,0,22.4161,1
2015-03-24 13:07:53,1,0,3.97105,0,22.3383,0,22.4161,0
2015-03-24 13:12:53,1,0,4.10565,0,20.3025,0,22.4161,0
2015-03-24 13:17:53,0,0,3.92826,0,18.4975,0,22.4161,0
2015-03-24 13:22:53,0,0,3.91275,0,21.0527,0,22.4161,0
2015-03-24 13:27:53,0,0,3.94331,0,24.0862,0,22.4161,1
2015-03-24 13:32:53,0,0,3.90838,0,23.5536,0,22.4161,1
2015-03-24 13:37:53,0,0,3.95137,0,23.5332,0,22.4161,1
2015-03-24 13:42:53,1,0,3.83897,0,22.5981,0,22.4161,1
2015-03-24 13:47:53,0,0,3.97365,0,21.4668,0,22.4161,0
2015-03-24 13:52:53,0,0,3.82553,0,20.5057,0,22.4161,0
2015-03-24 13:57:53,0,0,4.12366,0,23.2897,0,22.4161,1
2015-03-24 14:02:53,1,0,3.79796,0,22.6957,0,22.4161,1
2015-03-24 14:07:53,3,0,3.95933,0,18.5218,0,22.4161,0
2015-03-24 14:12:53,1,0,4.00575,0,13.9262,0,22.4161,0
2015-03-24 14:17:53,0,0,3.81981,0,12.3183,0,22.4161,0
2015-03-24 14:22:53,2,0,4.04453,0,18.7093,0,22.4161,0
2015-03-24 14:27:53,0,0,4.02037,0,19.7014,0,22.4161,0
2015-03-24 14:32:53,0,0,3.74871,0,17.5688,0,22.4161,0
2015-03-24 14:37:53,0,0,4.08401,0,23.923,0,22.4161,1
2015-03-24 14:42:53,1,0,3.7911,0,22.6426,0,22.4161,1
2015-03-24 14:47:53,2,0,3.99299,0,19.2053,0,22.4161,0
2015-03-24 14:52:53,1,0,4.0311,0,15.8272,0,22.4161,0
2015-03-24 14:57:53,0,0,3.83448,0,15.3904,0,22.4161,0
2015-03-24 15:02:53,0,0,3.89034,0,20.8756,0,22.4161,0
2015-03-24 15:07:53,0,0,3.98765,0,23.6526,0,22.4161,1
2015-03-24 15:12:53,1,0,3.89418,0,22.2718,0,22.4161,0
2015-03-24 15:17:53,2,0,3.95764,0,19.5405,0,22.4161,0
2015-03-24 15:22:53,3,0,3.91673,0,13.7089,0,22.4161,0
2015-03-24 15:27:53,2,0,3.96844,0,9.51453,0,22.4161,0
2015-03-24 15:32:53,0,0,4.01913,0,10.6748,0,22.4161,0
2015-03-24 15:37:53,0,0,3.99923,0,17.7062,0,22.4161,0
2015-03-24 15:42:53,1,0,3.85107,0,22.9428,0,22.4161,1
2015-03-24 15:47:53,2,0,3.89695,0,19.9069,0,22.4161,0
2015-03-24 15:52:53,2,0,3.94707,0,14.5968,0,22.4161,0
2015-03-24 15:57:53,0,0,3.90673,0,13.2942,0,22.4161,0
2015-03-24 16:02:53,0,0,3.91692,0,17.4917,0,22.4161,0
2015-03-24 16:07:53,1,0,4.00897,0,22.5716,0,22.4161,1
2015-03-24 16:12:53,0,0,3.91024,0,21.563,0,22.4161,0
2015-03-24 16:17:53,1,0,3.89228,0,19.6789,0,22.4161,0
2015-03-24 16:22:53,1,0,3.99071,0,20.7397,0,22.4161,0
2015-03-24 16:27:53,1,0,3.92061,0,17.506,0,22.4161,0
2015-03-24 16:32:53,0,0,4.05404,0,18.5789,0,22.4161,0
2015-03-24 16:37:53,0,0,3.94601,0,20.8674,0,22.4161,0
2015-03-24 16:42:53,0,0,3.90493,0,23.8159,0,22.4161,1
2015-03-24 16:47:53,0,0,4.01608,0,23.9591,0,22.4161,1
2015-03-24 16:52:53,1,0,4.00314,0,22.664,0,22.4161,1
2015-03-24 16:57:53,2,0,3.91852,0,19.7501,0,22.4161,0
2015-03-24 17:02:53,0,0,3.89823,0,16.9731,0,22.4161,0
2015-03-24 17:07:53,0,0,3.89563,0,17.7447,0,22.4161,0
2015-03-24 17:12:53,0,0,4.04984,0,23.4476,0,22.4161,1
2015-03-24 17:17:53,0,0,3.95999,0,23.5358,0,22.4161,1
2015-03-24 17:22:53,0,0,3.92413,0,23.7465,0,22.4161,1
2015-03-24 17:27:53,0,0,3.91266,0,23.9936,0,22.4161,1
2015-03-24 17:32:53,0,0,3.91184,0,23.6409,0,22.4161,1
2015-03-24 17:37:53,0,0,4.00913,0,23.5095,0,22.4161,1
2015-03-24 17:42:53,0,0,3.9846,0,23.5708,0,22.4161,1
2015-03-24 17:47:53,1,0,4.01324,0,22.7384,0,22.4161,1
2015-03-24 17:52:53,1,0,4.026,0,21.0098,0,22.4161,0
2015-03-24 17:57:53,0,0,3.86304,0,19.0063,0,22.4161,0
2015-03-24 18:02:53,0,0,3.88078,0,20.9548,0,22.4161,0
2015-03-24 18:07:53,0,0,4.06746,0,23.6849,0,22.4161,1
2015-03-24 18:12:53,3,0,3.91599,0,20.4181,0,22.4161,0
2015-03-24 18:17:53,0,0,4.02781,0,17.6933,0,22.4161,0
2015-03-24 18:22:53,0,0,3.84331,0,15.0622,0,22.4161,0
2015-03-24 18:27:53,1,0,4.03359,0,22.6469,0,22.4161,1
2015-03-24 18:32:53,0,0,3.92456,0,21.8036,0,22.4161,0
2015-03-24 18:37:53,2,0,3.93399,0,18.5217,0,22.4161,0
2015-03-24 18:42:53,2,0,3.96414,0,17.8839,0,22.4161,0
2015-03-24 18:47:53,1,1,3.8754,0,12.6058,0,22.4161,0
2015-03-24 18:52:53,3,1,3.96696,0,12.6057,0,22.4161,0
2015-03-24 18:57:53,3,1,3.98044,0,11.6102,0,22.4161,0
2015-03-24 19:02:53,3,1,3.84228,0,5.54054,0,22.4161,0
2015-03-24 19:07:53,5,1,3.97522,0,6.01946,0,22.4161,0
2015-03-24 19:12:53,0,1,3.96332,0,9.23197,0,22.4161,0
2015-03-24 19:17:53,3,1,3.82802,0,12.3869,0,22.4161,0
2015-03-24 19:22:53,2,1,4.08583,0,15.6803,0,22.4161,0
2015-03-24 19:27:53,1,1,3.77359,0,9.63182,0,22.4161,0
2015-03-24 19:32:53,3,1,3.91469,0,12.4293,0,22.4161,0
2015-03-24 19:37:53,1,1,3.99144,0,13.7194,0,22.4161,0
2015-03-24 19:42:53,0,1,3.86055,0,12.1416,0,22.4161,0
2015-03-24 19:47:53,0,1,3.95188,0,20.5875,0,22.4161,0
2015-03-24 19:52:53,2,1,3.87613,0,21.6473,0,22.4161,0
2015-03-24 19:57:53,0,1,3.85227,0,19.3615,0,22.4161,0
2015-03-24 20:02:53,0,1,3.87466,0,17.4602,0,22.4161,0
2015-03-24 20:07:53,0,1,3.96839,0,23.2076,0,22.4161,1
2015-03-24 20:12:53,3,1,3.90982,0,20.2745,0,22.4161,0
2015-03-24 20:17:53,6,1,3.975,0,15.6509,0,22.4161,0
2015-03-24 20:22:53,0,1,3.9344,0,11.0605,0,22.4161,0
2015-03-24 20:27:53,0,1,3.80231,0,18.1549,0,22.4161,0
2015-03-24 20:32:53,0,1,4.03945,0,23.5961,0,22.4161,1
2015-03-24 20:37:53,0,1,3.90885,0,23.4473,0,22.4161,1
2015-03-24 20:42:53,2,1,3.89786,0,21.3947,0,22.4161,0
2015-03-24 20:47:53,1,1,3.91561,0,18.8339,0,22.4161,0
2015-03-24 20:52:53,2,1,3.85653,0,13.4379,0,22.4161,0
2015-03-24 20:57:53,0,1,4.03518,0,16.3813,0,22.4161,0
2015-03-24 21:02:53,0,1,3.96998,0,17.4951,0,22.4161,0
2015-03-24 21:07:53,4,1,3.93199,0,27.0961,0,22.4161,1
2015-03-24 21:12:53,2,1,3.95805,0,17.5237,0,22.4161,0
2015-03-24 21:17:53,2,1,3.91989,0,5.9121,0,22.4161,0
2015-03-24 21:22:53,2,1,4.10999,0,11.632,0,22.4161,0
2015-03-24 21:27:53,2,1,3.95408,0,11.8239,0,22.4161,0
2015-03-24 21:32:53,2,1,4.02834,0,11.9337,0,22.4161,0
2015-03-24 21:37:53,0,1,3.9677,0,14.2665,0,22.4161,0
2015-03-24 21:42:53,0,1,3.92611,0,17.8866,0,22.4161,0
2015-03-24 21:47:53,0,1,4.06375,0,23.9465,0,22.4161,1
2015-03-24 21:52:53,0,1,3.90875,0,23.8191,0,22.4161,1
2015-03-24 21:57:53,2,1,3.92813,0,21.8146,0,22.4161,0
2015-03-24 22:02:53,0,1,3.97238,0,19.9369,0,22.4161,0
2015-03-24 22:07:53,1,1,3.84415,0,16.5549,0,22.4161,0
2015-03-24 22:12:53,0,1,4.07694,0,21.5733,0,22.4161,0
2015-03-24 22:17:53,0,1,3.94269,0,20.6824,0,22.4161,0
2015-03-24 22:22:53,0,1,3.91485,0,23.629,0,22.4161,1
2015-03-24 22:27:53,0,1,3.90052,0,24.0311,0,22.4161,1
2015-03-24 22:32:53,1,1,3.89157,0,22.5583,0,22.4161,1
2015-03-24 22:37:53,0,1,4.07164,0,21.4372,0,22.4161,0
2015-03-24 22:42:53,0,1,3.98594,0,20.5564,0,22.4161,0
2015-03-24 22:47:53,0,1,3.9052,0,23.8039,0,22.4161,1
2015-03-24 22:52:53,1,1,3.8798,0,23.092,0,22.4161,1
2015-03-24 22:57:53,0,1,3.90025,0,21.648,0,22.4161,0
2015-03-24 23:02:53,0,1,3.9176,0,20.3755,0,22.4161,0
2015-03-24 23:07:53,0,1,3.95969,0,23.3575,0,22.4161,1
2015-03-24 23:12:53,0,1,3.87501,0,23.4956,0,22.4161,1
2015-03-24 23:17:53,1,1,3.89663,0,22.5472,0,22.4161,1
2015-03-24 23:22:53,2,1,3.99346,0,19.5257,0,22.4161,0
2015-03-24 23:27:53,0,1,3.89613,0,16.4117,0,22.4161,0
2015-03-24 23:32:53,0,1,3.95344,0,17.5729,0,22.4161,0
2015-03-24 23:37:53,3,1,4.01298,0,20.7261,0,22.4161,0
2015-03-24 23:42:53,0,1,3.88496,0,17.6082,0,22.4161,0
2015-03-24 23:47:53,0,1,3.85804,0,14.7712,0,22.4161,0
2015-03-24 23:52:53,1,1,3.96167,0,22.6669,0,22.4161,1
2015-03-24 23:57:53,1,1,3.87597,0,20.3326,0,22.4161,0
2015-03-25 00:02:53,1,1,3.98208,0,17.3734,0,22.4161,0
2015-03-25 00:07:53,1,1,3.80982,0,17.619,0,22.4161,0
2015-03-25 00:12:53,0,1,3.86877,0,18.4019,0,22.4161,0
2015-03-25 00:17:53,0,1,3.92318,0,20.4346,0,22.4161,0
2015-03-25 00:22:53,0,1,3.90425,0,23.0902,0,22.4161,1
2015-03-25 00:27:53,1,1,3.88819,0,22.3569,0,22.4161,0
2015-03-25 00:32:53,0,1,3.94315,0,21.4662,0,22.4161,0
2015-03-25 00:37:53,1,1,3.88688,0,19.4323,0,22.4161,0
2015-03-25 00:42:53,1,1,3.92547,0,20.4377,0,22.4161,0
2015-03-25 00:47:53,0,1,3.9162,0,18.5287,0,22.4161,0
2015-03-25 00:52:53,0,1,3.92441,0,20.4278,0,22.4161,0
2015-03-25 00:57:53,0,1,3.82382,0,23.5332,0,22.4161,1
2015-03-25 01:02:53,0,1,3.86805,0,23.4212,0,22.4161,1
2015-03-25 01:07:53,0,1,3.89818,0,23.2889,0,22.4161,1
2015-03-25 01:12:53,0,1,3.8644,0,23.1057,0,22.4161,1
2015-03-25 01:17:53,0,1,3.86544,0,23.2649,0,22.4161,1
2015-03-25 01:22:53,2,1,3.93302,0,21.2888,0,22.4161,0
2015-03-25 01:27:53,1,1,3.8889,0,18.2571,0,22.4161,0
2015-03-25 01:32:53,0,1,3.87485,0,15.3513,0,22.4161,0
2015-03-25 01:37:53,1,1,3.98508,0,19.4517,0,22.4161,0
2015-03-25 01:42:53,1,1,3.87766,0,20.4015,0,22.4161,0
2015-03-25 01:47:53,0,1,3.887,0,18.4724,0,22.4161,0
2015-03-25 01:52:53,0,1,3.94149,0,20.5976,0,22.4161,0
2015-03-25 01:57:53,0,1,3.84206,0,23.3485,0,22.4161,1
2015-03-25 02:02:53,0,1,3.9551,0,23.386,0,22.4161,1
2015-03-25 02:07:53,0,1,3.91427,0,23.4637,0,22.4161,1
2015-03-25 02:12:53,0,1,3.83298,0,23.3506,0,22.4161,1
2015-03-25 02:17:53,0,1,3.8707,0,23.5268,0,22.4161,1
2015-03-25 02:22:53,0,1,3.97593,0,23.2795,0,22.4161,1
2015-03-25 02:27:53,0,1,3.89918,0,23.2162,0,22.4161,1
2015-03-25 02:32:53,0,1,3.91755,0,23.4631,0,22.4161,1
2015-03-25 02:37:53,2,1,3.9153,0,21.6437,0,22.4161,0
2015-03-25 02:42:53,0,1,3.99309,0,19.448,0,22.4161,0
2015-03-25 02:47:53,0,1,3.8252,0,17.5764,0,22.4161,0
2015-03-25 02:52:53,0,1,4.10353,0,23.5573,0,22.4161,1
2015-03-25 02:57:53,0,1,3.82846,0,23.7332,0,22.4161,1
2015-03-25 03:02:53,2,1,3.92241,0,21.5111,0,22.4161,0
2015-03-25 03:07:53,0,1,4.0652,0,19.8899,0,22.4161,0
2015-03-25 03:12:53,0,1,3.73847,0,17.3954,0,22.4161,0
2015-03-25 03:17:53,0,1,3.97899,0,23.6361,0,22.4161,1
2015-03-25 03:22:53,1,1,3.97223,0,22.6515,0,22.4161,1
2015-03-25 03:27:53,0,1,3.85958,0,21.1456,0,22.4161,0
2015-03-25 03:32:53,2,1,3.82492,0,18.741,0,22.4161,0
2015-03-25 03:37:53,0,1,4.02542,0,19.4608,0,22.4161,0
2015-03-25 03:42:53,0,1,3.81485,0,17.254,0,22.4161,0
2015-03-25 03:47:53,0,1,4.08531,0,23.3404,0,22.4161,1
2015-03-25 03:52:53,0,1,3.9062,0,23.7913,0,22.4161,1
2015-03-25 03:57:53,0,1,3.82935,0,23.5214,0,22.4161,1
2015-03-25 04:02:53,0,1,3.98775,0,23.8977,0,22.4161,1
2015-03-25 04:07:53,0,1,3.95947,0,23.3651,0,22.4161,1
2015-03-25 04:12:53,0,1,3.88396,0,23.423,0,22.4161,1
2015-03-25 04:17:53,0,1,3.86586,0,23.7661,0,22.4161,1
2015-03-25 04:22:53,0,1,3.85315,0,23.5122,0,22.4161,1
2015-03-25 04:27:53,1,1,3.86348,0,22.2367,0,22.4161,0
2015-03-25 04:32:53,4,1,4.03664,0,17.4404,0,22.4161,0
2015-03-25 04:37:53,1,1,3.89638,0,11.8691,0,22.4161,0
2015-03-25 04:42:53,0,1,3.80077,0,10.3451,0,22.4161,0
2015-03-25 04:47:53,0,1,3.99168,0,20.238,0,22.4161,0
2015-03-25 04:52:53,0,1,3.85018,0,23.2824,0,22.4161,1
2015-03-25 04:57:53,0,1,3.90609,0,23.2359,0,22.4161,1
2015-03-25 05:02:53,1,1,4.01558,0,22.5815,0,22.4161,1
2015-03-25 05:07:53,1,1,3.86817,0,20.3783,0,22.4161,0
2015-03-25 05:12:53,0,1,3.8708,0,18.6176,0,22.4161,0
2015-03-25 05:17:53,0,1,3.92041,0,20.6539,0,22.4161,0
2015-03-25 05:22:53,0,1,3.92543,0,23.2665,0,22.4161,1
2015-03-25 05:27:53,0,1,3.91853,0,23.3787,0,22.4161,1
2015-03-25 05:32:53,0,1,3.90408,0,23.5306,0,22.4161,1
2015-03-25 05:37:53,0,1,3.83769,0,23.5174,0,22.4161,1
2015-03-25 05:42:53,1,1,3.94335,0,22.4014,0,22.4161,0
2015-03-25 05:47:53,0,1,4.04152,0,21.331,0,22.4161,0
2015-03-25 05:52:53,0,1,3.85093,0,20.4413,0,22.4161,0
2015-03-25 05:57:53,0,1,4.06407,0,23.764,0,22.4161,1
2015-03-25 06:02:53,1,1,3.95747,0,22.8905,0,22.4161,1
2015-03-25 06:07:53,0,1,3.89436,0,21.6384,0,22.4161,0
2015-03-25 06:12:53,0,1,3.79216,0,21.0015,0,22.4161,0
2015-03-25 06:17:53,0,1,3.92077,0,23.4533,0,22.4161,1
2015-03-25 06:22:53,0,1,3.85345,0,23.1882,0,22.4161,1
2015-03-25 06:27:53,0,1,3.93552,0,23.0715,0,22.4161,1
2015-03-25 06:32:53,0,1,3.93483,0,23.4048,0,22.4161,1
2015-03-25 06:37:53,0,1,3.87159,0,23.3662,0,22.4161,1
2015-03-25 06:42:53,0,1,3.85255,0,23.5478,0,22.4161,1
2015-03-25 06:47:53,0,1,3.97706,0,23.4002,0,22.4161,1
2015-03-25 06:52:53,0,1,3.96294,0,23.2969,0,22.4161,1
2015-03-25 06:57:53,0,1,4.03883,0,23.4747,0,22.4161,1
2015-03-25 07:02:53,0,1,3.97791,0,23.8959,0,22.4161,1
2015-03-25 07:07:53,0,1,3.89257,0,23.9444,0,22.4161,1
2015-03-25 07:12:53,0,1,3.8743,0,23.9649,0,22.4161,1
2015-03-25 07:17:53,1,1,4.00553,0,22.5932,0,22.4161,1
2015-03-25 07:22:53,0,1,3.90366,0,21.4318,0,22.4161,0
2015-03-25 07:27:53,0,1,3.90439,0,20.5376,0,22.4161,0
2015-03-25 07:32:53,0,1,3.95855,0,23.7283,0,22.4161,1
2015-03-25 07:37:53,0,1,3.88105,0,23.4783,0,22.4161,1
2015-03-25 07:42:53,1,1,3.85312,0,22.5113,0,22.4161,1
2015-03-25 07:47:53,0,1,4.0145,0,21.4909,0,22.4161,0
2015-03-25 07:52:53,0,1,3.79811,0,20.3639,0,22.4161,0
2015-03-25 07:57:53,0,1,4.05445,0,23.3865,0,22.4161,1
2015-03-25 08:02:53,0,1,3.82436,0,23.6942,0,22.4161,1
2015-03-25 08:07:53,0,1,3.88703,0,23.3276,0,22.4161,1
2015-03-25 08:12:53,0,1,3.86035,0,23.6991,0,22.4161,1
2015-03-25 08:17:53,0,1,3.96138,0,23.1075,0,22.4161,1
2015-03-25 08:22:53,0,1,3.80987,0,23.3431,0,22.4161,1
2015-03-25 08:27:53,0,1,3.98809,0,23.3137,0,22.4161,1
2015-03-25 08:32:53,0,1,3.83936,0,23.492,0,22.4161,1
2015-03-25 08:37:53,0,1,3.87668,0,23.2452,0,22.4161,1
2015-03-25 08:42:53,2,1,3.84262,0,21.5197,0,22.4161,0
2015-03-25 08:47:53,0,1,4.09446,0,19.1141,0,22.4161,0
2015-03-25 08:52:53,0,1,3.7787,0,17.4097,0,22.4161,0
2015-03-25 08:57:53,1,1,4.01604,0,22.4955,0,22.4161,1
2015-03-25 09:02:53,1,1,3.8433,0,20.8568,0,22.4161,0
2015-03-25 09:07:53,0,1,3.89012,0,18.2115,0,22.4161,0
2015-03-25 09:12:53,1,1,3.89495,0,19.6248,0,22.4161,0
2015-03-25 09:17:53,0,1,3.90413,0,21.2051,0,22.4161,0
2015-03-25 09:22:53,1,1,3.77145,0,19.3644,0,22.4161,0
2015-03-25 09:27:53,1,1,4.0529,0,20.2645,0,22.4161,0
2015-03-25 09:32:53,0,1,3.74635,0,18.3082,0,22.4161,0
2015-03-25 09:37:53,0,1,3.88788,0,20.1665,0,22.4161,0
2015-03-25 09:42:53,1,1,3.99456,0,22.5393,0,22.4161,1
2015-03-25 09:47:53,1,1,3.92024,0,20.0094,0,22.4161,0
2015-03-25 09:52:53,0,1,3.857,0,18.573,0,22.4161,0
2015-03-25 09:57:53,0,1,3.91982,0,20.6812,0,22.4161,0
2015-03-25 10:02:53,0,1,3.86948,0,23.3946,0,22.4161,1
2015-03-25 10:07:53,0,1,3.99983,0,23.2801,0,22.4161,1
2015-03-25 10:12:53,0,1,4.00173,0,23.4983,0,22.4161,1
2015-03-25 10:17:53,0,1,3.76948,0,23.6098,0,22.4161,1
2015-03-25 10:22:53,0,1,3.89101,0,23.7724,0,22.4161,1
2015-03-25 10:27:53,0,1,4.03137,0,23.4352,0,22.4161,1
2015-03-25 10:32:53,0,1,3.82965,0,23.1218,0,22.4161,1
2015-03-25 10:37:53,0,1,3.95218,0,23.5654,0,22.4161,1
2015-03-25 10:42:53,0,1,3.89462,0,23.7056,0,22.4161,1
2015-03-25 10:47:53,0,1,3.83671,0,23.2879,0,22.4161,1
2015-03-25 10:52:53,0,1,3.92461,0,23.4825,0,22.4161,1
2015-03-25 10:57:53,0,1,3.99958,0,23.2819,0,22.4161,1
2015-03-25 11:02:53,0,1,3.87227,0,23.3589,0,22.4161,1
2015-03-25 11:07:53,0,1,3.98514,0,23.6452,0,22.4161,1
2015-03-25 11:12:53,0,1,4.00891,0,23.7284,0,22.4161,1
2015-03-25 11:17:53,0,1,3.88293,0,23.596,0,22.4161,1
2015-03-25 11:22:53,0,1,3.96186,0,23.8561,0,22.4161,1
2015-03-25 11:27:53,1,1,4.05768,0,22.7544,0,22.4161,1
2015-03-25 11:32:53,0,1,3.91998,0,21.6302,0,22.4161,0
2015-03-25 11:37:53,0,1,3.89095,0,20.9209,0,22.4161,0
2015-03-25 11:42:53,1,1,4.06253,0,22.904,0,22.4161,1
2015-03-25 11:47:53,0,1,4.01833,0,21.6044,0,22.4161,0
2015-03-25 11:52:53,0,1,3.87339,0,20.8162,0,22.4161,0
2015-03-25 11:57:53,0,1,4.01676,0,24.0976,0,22.4161,1
2015-03-25 12:02:53,0,1,3.85399,0,23.8185,0,22.4161,1
2015-03-25 12:07:53,0,1,4.04841,0,23.5077,0,22.4161,1
2015-03-25 12:12:53,0,1,3.98821,0,23.8067,0,22.4161,1
2015-03-25 12:17:53,2,1,3.84816,0,21.647,0,22.4161,0
2015-03-25 12:22:53,0,1,3.98078,0,19.9698,0,22.4161,0
2015-03-25 12:27:53,0,1,3.88018,0,17.6417,0,22.4161,0
2015-03-25 12:32:53,1,1,3.95788,0,22.3862,0,22.4161,0
2015-03-25 12:37:53,0,1,3.90716,0,21.6606,0,22.4161,0
2015-03-25 12:42:53,1,1,3.81672,0,19.4635,0,22.4161,0
2015-03-25 12:47:53,1,1,4.03939,0,20.5047,0,22.4161,0
2015-03-25 12:52:53,0,1,3.78508,0,18.3943,0,22.4161,0
2015-03-25 12:57:53,1,1,4.0219,0,19.314,0,22.4161,0
2015-03-25 13:02:53,0,1,3.92439,0,21.7102,0,22.4161,0
2015-03-25 13:07:53,0,1,3.81345,0,20.3234,0,22.4161,0
2015-03-25 13:12:53,0,1,4.01427,0,23.7279,0,22.4161,1
2015-03-25 13:17:53,0,1,3.79351,0,23.4143,0,22.4161,1
2015-03-25 13:22:53,0,1,3.81794,0,23.2624,0,22.4161,1
2015-03-25 13:27:53,0,1,4.04356,0,23.4478,0,22.4161,1
2015-03-25 13:32:53,0,1,3.75833,0,23.06,0,22.4161,1
2015-03-25 13:37:53,0,1,3.89149,0,23.2993,0,22.4161,1
2015-03-25 13:42:53,1,1,3.93271,0,22.5388,0,22.4161,1
2015-03-25 13:47:53,0,1,3.97062,0,20.9907,0,22.4161,0
2015-03-25 13:52:53,0,1,3.79842,0,20.5105,0,22.4161,0
2015-03-25 13:57:53,0,1,3.99346,0,23.5378,0,22.4161,1
2015-03-25 14:02:53,0,1,3.80394,0,23.5022,0,22.4161,1
2015-03-25 14:07:53,0,1,3.93375,0,23.1861,0,22.4161,1
2015-03-25 14:12:53,0,1,3.99144,0,23.522,0,22.4161,1
2015-03-25 14:17:53,1,1,3.85293,0,22.2708,0,22.4161,0
2015-03-25 14:22:53,1,1,3.90343,0,20.6371,0,22.4161,0
2015-03-25 14:27:53,1,1,3.91904,0,17.5836,0,22.4161,0
2015-03-25 14:32:53,3,1,3.93344,0,15.2847,0,22.4161,0
2015-03-25 14:37:53,1,1,4.00715,0,13.4818,0,22.4161,0
2015-03-25 14:42:53,1,1,3.88628,0,11.6311,0,22.4161,0
2015-03-25 14:47:53,3,1,4.05813,0,15.7009,0,22.4161,0
2015-03-25 14:52:53,0,1,3.93212,0,14.8521,0,22.4161,0
2015-03-25 14:57:53,0,1,3.84968,0,14.7072,0,22.4161,0
2015-03-25 15:02:53,0,1,4.09126,0,23.8883,0,22.4161,1
2015-03-25 15:07:53,1,1,3.81671,0,22.587,0,22.4161,1
2015-03-25 15:12:53,1,1,4.09571,0,20.5483,0,22.4161,0
2015-03-25 15:17:53,0,1,3.89151,0,19.0029,0,22.4161,0
2015-03-25 15:22:53,1,1,3.85483,0,19.5331,0,22.4161,0
2015-03-25 15:27:53,2,1,4.0611,0,19.925,0,22.4161,0
2015-03-25 15:32:53,0,1,3.897,0,16.4453,0,22.4161,0
2015-03-25 15:37:53,2,1,3.84766,0,15.5837,0,22.4161,0
2015-03-25 15:42:53,0,1,4.08875,0,19.825,0,22.4161,0
2015-03-25 15:47:53,1,1,3.76742,0,16.4751,0,22.4161,0
2015-03-25 15:52:53,0,1,4.05457,0,21.4879,0,22.4161,0
2015-03-25 15:57:53,1,1,3.85951,0,19.8557,0,22.4161,0
2015-03-25 16:02:53,0,1,4.0376,0,21.2709,0,22.4161,0
2015-03-25 16:07:53,0,1,3.83856,0,20.9203,0,22.4161,0
2015-03-25 16:12:53,0,1,3.93881,0,23.4923,0,22.4161,1
2015-03-25 16:17:53,1,1,3.93242,0,22.7287,0,22.4161,1
2015-03-25 16:22:53,0,1,3.87385,0,21.3257,0,22.4161,0
2015-03-25 16:27:53,3,1,3.83056,0,17.5551,0,22.4161,0
2015-03-25 16:32:53,4,1,4.06625,0,13.7144,0,22.4161,0
2015-03-25 16:37:53,1,1,3.9007,0,6.02669,0,22.4161,0
2015-03-25 16:42:53,0,1,3.95618,0,10.5786,0,22.4161,0
2015-03-25 16:47:53,2,1,4.00607,0,18.7247,0,22.4161,0
2015-03-25 16:52:53,0,1,3.94431,0,19.6205,0,22.4161,0
2015-03-25 16:57:53,0,1,3.93163,0,17.825,0,22.4161,0
2015-03-25 17:02:53,0,1,4.0318,0,23.8384,0,22.4161,1
2015-03-25 17:07:53,3,1,3.88477,0,20.728,0,22.4161,0
2015-03-25 17:12:53,2,1,4.10354,0,15.7432,0,22.4161,0
2015-03-25 17:17:53,0,1,3.88582,0,10.9685,0,22.4161,0
2015-03-25 17:22:53,0,1,3.87468,0,17.7472,0,22.4161,0
2015-03-25 17:27:53,0,1,3.98825,0,23.9569,0,22.4161,1
2015-03-25 17:32:53,0,1,3.87301,0,23.3951,0,22.4161,1
2015-03-25 17:37:53,0,1,3.94658,0,23.4736,0,22.4161,1
2015-03-25 17:42:53,0,1,3.94239,0,23.6573,0,22.4161,1
2015-03-25 17:47:53,1,1,3.88682,0,22.4546,0,22.4161,1
2015-03-25 17:52:53,2,1,4.06201,0,19.6114,0,22.4161,0
2015-03-25 17:57:53,1,1,4.03038,0,15.6628,0,22.4161,0
2015-03-25 18:02:53,0,1,3.95215,0,15.8149,0,22.4161,0
2015-03-25 18:07:53,0,1,3.89325,0,21.1989,0,22.4161,0
2015-03-25 18:12:53,1,1,3.89902,0,22.8887,0,22.4161,1
2015-03-25 18:17:53,1,1,3.98202,0,20.542,0,22.4161,0
2015-03-25 18:22:53,1,1,3.87133,0,17.4598,0,22.4161,0
2015-03-25 18:27:53,1,1,3.90741,0,17.5324,0,22.4161,0
2015-03-25 18:32:53,1,1,4.00844,0,17.5961,0,22.4161,0
2015-03-25 18:37:53,0,1,3.91943,0,18.4373,0,22.4161,0
2015-03-25 18:42:53,0,1,3.93,0,20.6585,0,22.4161,0
2015-03-25 18:47:53,0,1,3.93783,0,23.7942,0,22.4161,1
2015-03-25 18:52:53,1,1,3.95711,0,22.5561,0,22.4161,1
2015-03-25 18:57:53,3,1,4.00834,0,18.6228,0,22.4161,0
2015-03-25 19:02:53,0,1,4.01659,0,14.736,0,22.4161,0
2015-03-25 19:07:53,0,1,3.83521,0,14.9046,0,22.4161,0
2015-03-25 19:12:53,0,1,4.05084,0,23.8934,0,22.4161,1
2015-03-25 19:17:53,0,1,3.84067,0,23.771,0,22.4161,1
2015-03-25 19:22:53,0,1,3.93647,0,23.448,0,22.4161,1
2015-03-25 19:27:53,0,1,3.8693,0,23.7703,0,22.4161,1
2015-03-25 19:32:53,0,1,3.91526,0,23.2643,0,22.4161,1
2015-03-25 19:37:53,0,1,3.94247,0,23.4633,0,22.4161,1
2015-03-25 19:42:53,1,1,3.97836,0,22.3809,0,22.4161,0
2015-03-25 19:47:53,1,1,3.83248,0,20.6091,0,22.4161,0
2015-03-25 19:52:53,0,1,4.02915,0,18.6166,0,22.4161,0
2015-03-25 19:57:53,3,1,3.86661,0,17.6292,0,22.4161,0
2015-03-25 20:02:53,0,1,4.0018,0,17.4223,0,22.4161,0
2015-03-25 20:07:53,1,1,3.74318,0,13.8225,0,22.4161,0
2015-03-25 20:12:53,1,1,4.06615,0,20.3466,0,22.4161,0
2015-03-25 20:17:53,0,1,3.86633,0,18.5579,0,22.4161,0
2015-03-25 20:22:53,1,1,3.95373,0,19.2282,0,22.4161,0
2015-03-25 20:27:53,1,1,3.92283,0,20.8848,0,22.4161,0
2015-03-25 20:32:53,0,1,3.89687,0,18.4293,0,22.4161,0
2015-03-25 20:37:53,2,1,3.87137,0,18.6037,0,22.4161,0
2015-03-25 20:42:53,1,1,4.02298,0,18.4336,0,22.4161,0
2015-03-25 20:47:53,2,1,3.79598,0,13.4563,0,22.4161,0
2015-03-25 20:52:53,0,1,4.10639,0,16.456,0,22.4161,0
2015-03-25 20:57:53,1,1,3.86272,0,16.7673,0,22.4161,0
2015-03-25 21:02:53,0,1,3.92822,0,21.4634,0,22.4161,0
2015-03-25 21:07:53,0,1,3.84259,0,20.9728,0,22.4161,0
2015-03-25 21:12:53,0,1,3.9797,0,23.2872,0,22.4161,1
2015-03-25 21:17:53,4,1,3.86577,0,19.4901,0,22.4161,0
2015-03-25 21:22:53,0,1,4.04941,0,15.4341,0,22.4161,0
2015-03-25 21:27:53,2,1,3.81273,0,9.84183,0,22.4161,0
2015-03-25 21:32:53,0,1,3.98218,0,19.7452,0,22.4161,0
2015-03-25 21:37:53,0,1,3.7946,1,17.7559,0,22.4161,0
2015-03-25 21:42:53,0,1,4.0086,1,23.1971,0,22.4161,1
2015-03-25 21:47:53,0,1,3.79129,1,23.5443,0,22.4161,1
2015-03-25 21:52:53,0,1,3.89314,1,23.1923,0,22.4161,1
2015-03-25 21:57:53,0,1,3.91977,1,23.5015,0,22.4161,1
2015-03-25 22:02:53,0,1,3.89813,1,23.0799,0,22.4161,1
2015-03-25 22:07:53,0,1,3.93046,1,23.4171,0,22.4161,1
2015-03-25 22:12:53,1,1,3.96292,1,22.486,0,22.4161,1
2015-03-25 22:17:53,0,1,3.94284,1,21.5182,0,22.4161,0
2015-03-25 22:22:53,0,1,3.91263,1,20.6601,0,22.4161,0
2015-03-25 22:27:53,0,1,3.98716,1,23.687,0,22.4161,1
2015-03-25 22:32:53,0,1,3.8401,1,23.6409,0,22.4161,1
2015-03-25 22:37:53,0,1,3.93328,1,23.5523,0,22.4161,1
2015-03-25 22:42:53,0,1,4.01212,1,23.575,0,22.4161,1
2015-03-25 22:47:53,0,1,3.91764,1,23.399,0,22.4161,1
2015-03-25 22:52:53,0,1,3.92094,1,23.7417,0,22.4161,1
2015-03-25 22:57:53,0,1,3.91903,1,23.7926,0,22.4161,1
2015-03-25 23:02:53,1,1,3.92459,1,22.5138,0,22.4161,1
2015-03-25 23:07:53,0,1,3.93084,1,21.5255,0,22.4161,0
2015-03-25 23:12:53,0,1,3.95719,1,20.5371,0,22.4161,0
2015-03-25 23:17:53,0,1,3.96369,1,23.5926,0,22.4161,1
2015-03-25 23:22:53,1,1,3.91573,1,22.6706,0,22.4161,1
2015-03-25 23:27:53,1,1,3.94244,1,20.7147,0,22.4161,0
2015-03-25 23:32:53,2,1,3.92867,1,16.665,0,22.4161,0
2015-03-25 23:37:53,1,1,3.89619,1,15.5607,0,22.4161,0
2015-03-25 23:42:53,0,1,4.09032,1,15.5809,0,22.4161,0
2015-03-25 23:47:53,0,1,3.8671,1,20.6687,0,22.4161,0
2015-03-25 23:52:53,0,1,3.93408,1,23.7363,0,22.4161,1
2015-03-25 23:57:53,1,1,3.8581,1,22.9392,0,22.4161,1
2015-03-26 00:02:53,2,1,3.97263,1,19.3276,0,22.4161,0
2015-03-26 00:07:53,2,1,3.90515,1,14.4911,0,22.4161,0
2015-03-26 00:12:53,0,1,4.03732,1,13.4247,0,22.4161,0
2015-03-26 00:17:53,1,1,3.78113,1,16.7655,0,22.4161,0
2015-03-26 00:22:53,0,1,4.02631,1,21.5712,0,22.4161,0
2015-03-26 00:27:53,0,1,3.78213,1,20.7005,0,22.4161,0
2015-03-26 00:32:53,1,1,3.97204,1,22.1781,0,22.4161,0
2015-03-26 00:37:53,3,1,3.86678,1,18.6152,0,22.4161,0
2015-03-26 00:42:53,0,1,3.99555,1,14.1573,0,22.4161,0
2015-03-26 00:47:53,1,1,3.77109,1,13.6452,0,22.4161,0
2015-03-26 00:52:53,0,1,4.03698,1,21.3626,0,22.4161,0
2015-03-26 00:57:53,0,1,3.73398,1,20.5658,0,22.4161,0
2015-03-26 01:02:53,1,1,4.06764,1,22.1212,0,22.4161,0
2015-03-26 01:07:53,1,1,3.78473,1,20.6465,0,22.4161,0
2015-03-26 01:12:53,0,1,3.86419,1,18.122,0,22.4161,0
2015-03-26 01:17:53,0,1,3.8833,1,20.6366,0,22.4161,0
2015-03-26 01:22:53,0,1,3.92386,1,22.9659,0,22.4161,1
2015-03-26 01:27:53,1,1,3.83282,1,22.283,0,22.4161,0
2015-03-26 01:32:53,0,1,4.07867,1,21.3304,0,22.4161,0
2015-03-26 01:37:53,0,1,3.73164,1,20.5159,0,22.4161,0
2015-03-26 01:42:53,0,1,3.9772,1,23.3875,0,22.4161,1
2015-03-26 01:47:53,0,1,3.90556,1,23.6765,0,22.4161,1
2015-03-26 01:52:53,0,1,3.92835,1,23.0549,0,22.4161,1
2015-03-26 01:57:53,1,1,3.92655,1,22.6711,0,22.4161,1
2015-03-26 02:02:53,1,1,4.02297,1,20.4999,0,22.4161,0
2015-03-26 02:07:53,0,1,3.86799,1,18.6611,0,22.4161,0
2015-03-26 02:12:53,4,1,3.92309,1,23.6638,0,22.4161,1
2015-03-26 02:17:53,0,1,4.00493,1,19.9622,0,22.4161,0
2015-03-26 02:22:53,1,1,3.76994,1,11.2471,0,22.4161,0
2015-03-26 02:27:53,0,1,4.12599,1,21.0239,0,22.4161,0
2015-03-26 02:32:53,0,1,3.89406,1,20.6807,0,22.4161,0
2015-03-26 02:37:53,0,1,3.99971,1,23.4559,0,22.4161,1
2015-03-26 02:42:53,0,1,3.91255,1,24.1658,0,22.4161,1
2015-03-26 02:47:53,0,1,3.90981,1,23.5942,0,22.4161,1
2015-03-26 02:52:53,0,1,3.97391,1,23.734,0,22.4161,1
2015-03-26 02:57:53,0,1,4.00057,1,23.5312,0,22.4161,1
2015-03-26 03:02:53,0,1,3.94873,1,23.6778,0,22.4161,1
2015-03-26 03:07:53,0,1,3.95884,1,23.8716,0,22.4161,1
2015-03-26 03:12:53,0,1,3.85948,1,23.858,0,22.4161,1
2015-03-26 03:17:53,0,1,3.93039,1,23.6234,0,22.4161,1
2015-03-26 03:22:53,0,1,3.99523,1,23.5259,0,22.4161,1
2015-03-26 03:27:53,0,1,3.97457,1,23.4345,0,22.4161,1
2015-03-26 03:32:53,0,1,3.91732,1,23.7562,0,22.4161,1
2015-03-26 03:37:53,0,1,3.882,1,23.8521,0,22.4161,1
2015-03-26 03:42:53,0,0,1.88865,1,23.6404,0,22.4161,1
2015-03-26 03:47:53,1,0,1.80448,1,20.4046,0,22.4161,0
2015-03-26 03:52:53,2,0,1.82612,1,13.6188,0,22.4161,0
2015-03-26 03:57:53,0,0,1.93818,1,4.88312,0,22.4161,0
2015-03-26 04:02:53,0,0,1.78096,1,6.17698,0,22.4161,0
2015-03-26 04:07:53,0,0,1.90117,1,11.1357,0,22.4161,0
2015-03-26 04:12:53,0,0,1.84994,1,11.2776,0,22.4161,0
2015-03-26 04:17:53,0,0,1.85413,1,10.9952,0,22.4161,0
2015-03-26 04:22:53,0,0,1.77076,1,11.2575,0,22.4161,0
2015-03-26 04:27:53,0,0,1.89216,1,11.0289,0,22.4161,0
2015-03-26 04:32:53,0,0,1.7368,1,10.9961,0,22.4161,0
2015-03-26 04:37:53,0,0,1.83886,1,10.8334,0,22.4161,0
2015-03-26 04:42:53,0,0,1.8002,1,10.9889,0,22.4161,0
2015-03-26 04:47:53,1,0,1.90063,1,9.68831,0,22.4161,0
2015-03-26 04:52:53,0,0,1.75276,1,9.01761,0,22.4161,0
2015-03-26 04:57:53,0,0,1.88295,1,7.95462,0,22.4161,0
2015-03-26 05:02:53,0,0,1.80347,1,11.0904,0,22.4161,0
2015-03-26 05:07:53,0,0,1.7938,1,10.8276,0,22.4161,0
2015-03-26 05:12:53,0,0,1.83524,1,11.0496,0,22.4161,0
2015-03-26 05:17:53,0,0,1.88056,1,10.8333,0,22.4161,0
2015-03-26 05:22:53,0,0,1.74662,1,10.9325,0,22.4161,0
2015-03-26 05:27:53,0,0,1.85793,1,11.0135,0,22.4161,0
2015-03-26 05:32:53,0,0,1.86213,1,10.9929,0,22.4161,0
2015-03-26 05:37:53,0,0,1.83934,1,10.8179,0,22.4161,0
2015-03-26 05:42:53,0,0,1.81821,1,11.1374,0,22.4161,0
2015-03-26 05:47:53,0,0,1.82707,1,11.0833,0,22.4161,0
2015-03-26 05:52:53,0,0,1.87184,1,10.9815,0,22.4161,0
2015-03-26 05:57:53,0,0,1.77247,1,10.9806,0,22.4161,0
2015-03-26 06:02:53,0,0,1.77908,1,10.9974,0,22.4161,0
2015-03-26 06:07:53,0,0,1.83524,1,10.9395,0,22.4161,0
2015-03-26 06:12:53,1,0,1.79024,1,9.7108,0,22.4161,0
2015-03-26 06:17:53,0,0,1.79563,1,8.79795,0,22.4161,0
2015-03-26 06:22:53,0,0,1.98232,1,7.88183,0,22.4161,0
2015-03-26 06:27:53,0,0,1.68302,1,10.9443,0,22.4161,0
2015-03-26 06:32:53,0,0,1.90887,1,11.0345,0,22.4161,0
2015-03-26 06:37:53,0,0,1.76105,1,11.2219,0,22.4161,0
2015-03-26 06:42:53,0,0,1.9201,1,10.6279,0,22.4161,0
2015-03-26 06:47:53,0,0,1.69988,1,11.1688,0,22.4161,0
2015-03-26 06:52:53,0,0,1.95518,1,10.8232,0,22.4161,0
2015-03-26 06:57:53,0,0,1.67776,1,11.1152,0,22.4161,0
2015-03-26 07:02:53,0,0,1.88514,1,10.6878,0,22.4161,0
2015-03-26 07:07:53,0,0,1.77229,1,11.1062,0,22.4161,0
2015-03-26 07:12:53,0,0,1.88531,1,10.5758,0,22.4161,0
2015-03-26 07:17:53,0,0,1.78809,1,11.0853,0,22.4161,0
2015-03-26 07:22:53,0,0,1.78651,1,10.8756,0,22.4161,0
2015-03-26 07:27:53,0,0,1.79011,1,11.0186,0,22.4161,0
2015-03-26 07:32:53,0,0,1.87546,1,10.7274,0,22.4161,0
2015-03-26 07:37:53,0,0,1.80337,1,10.8152,0,22.4161,0
2015-03-26 07:42:53,1,0,1.77173,1,9.92462,0,22.4161,0
2015-03-26 07:47:53,0,0,1.82343,1,9.00482,0,22.4161,0
2015-03-26 07:52:53,0,0,1.84301,1,7.77698,0,22.4161,0
2015-03-26 07:57:53,0,0,1.91374,1,10.805,0,22.4161,0
2015-03-26 08:02:53,0,0,1.86428,1,11.07,0,22.4161,0
2015-03-26 08:07:53,1,0,1.77395,1,10.2208,0,22.4161,0
2015-03-26 08:12:53,0,0,1.90479,1,9.24371,0,22.4161,0
2015-03-26 08:17:53,0,0,1.81946,1,8.04551,0,22.4161,0
2015-03-26 08:22:53,0,0,1.83808,1,10.9509,0,22.4161,0
2015-03-26 08:27:53,0,0,1.77084,1,11.1914,0,22.4161,0
2015-03-26 08:32:53,2,0,1.83182,1,9.36368,0,22.4161,0
2015-03-26 08:37:53,0,0,1.8059,1,7.80436,0,22.4161,0
2015-03-26 08:42:53,4,0,1.87129,1,6.54521,0,22.4161,0
2015-03-26 08:47:53,0,0,1.88809,1,11.7549,0,22.4161,0
2015-03-26 08:52:53,0,0,1.82832,1,12.213,0,22.4161,0
2015-03-26 08:57:53,0,0,1.8767,1,11.2184,0,22.4161,0
2015-03-26 09:02:53,0,0,1.81248,1,11.1976,0,22.4161,0
2015-03-26 09:07:53,0,0,1.78074,1,11.0508,0,22.4161,0
2015-03-26 09:12:53,0,0,1.96982,1,11.0358,0,22.4161,0
2015-03-26 09:17:53,0,0,1.75315,1,10.9688,0,22.4161,0
2015-03-26 09:22:53,0,0,1.91714,1,11.035,0,22.4161,0
2015-03-26 09:27:53,1,0,1.74435,1,10.3329,0,22.4161,0
2015-03-26 09:32:53,0,0,1.89429,1,8.83808,0,22.4161,0
2015-03-26 09:37:53,0,0,1.78535,1,8.13443,0,22.4161,0
2015-03-26 09:42:53,1,0,1.91091,1,9.807,0,22.4161,0
2015-03-26 09:47:53,0,0,1.78578,1,9.1645,0,22.4161,0
2015-03-26 09:52:53,0,0,1.84095,1,7.96367,0,22.4161,0
2015-03-26 09:57:53,0,0,1.77208,1,11.1453,0,22.4161,0
2015-03-26 10:02:53,1,0,1.84236,1,9.81132,0,22.4161,0
2015-03-26 10:07:53,0,0,1.83174,1,8.90937,0,22.4161,0
2015-03-26 10:12:53,0,0,1.83981,1,7.83269,0,22.4161,0
2015-03-26 10:17:53,0,0,1.84088,1,11.0304,0,22.4161,0
2015-03-26 10:22:53,0,0,1.84727,1,11.0157,0,22.4161,0
2015-03-26 10:27:53,0,0,1.86413,1,11.0485,0,22.4161,0
2015-03-26 10:32:53,0,0,1.87716,1,11.0813,0,22.4161,0
2015-03-26 10:37:53,0,0,1.81821,1,11.1472,0,22.4161,0
2015-03-26 10:42:53,0,0,1.91235,1,11.1649,0,22.4161,0
2015-03-26 10:47:53,0,0,1.76823,1,11.1802,0,22.4161,0
2015-03-26 10:52:53,0,0,1.7879,1,11.0476,0,22.4161,0
2015-03-26 10:57:53,0,0,1.81155,1,11.0614,0,22.4161,0
2015-03-26 11:02:53,0,0,1.79563,1,10.692,0,22.4161,0
2015-03-26 11:07:53,0,0,1.82764,1,10.7824,0,22.4161,0
2015-03-26 11:12:53,0,0,1.84241,1,10.8536,0,22.4161,0
2015-03-26 11:17:53,0,0,1.74583,1,10.8846,0,22.4161,0
2015-03-26 11:22:53,0,0,1.90976,1,10.9136,0,22.4161,0
2015-03-26 11:27:53,0,0,1.83289,1,10.9287,0,22.4161,0
2015-03-26 11:32:53,0,0,1.8572,1,10.8899,0,22.4161,0
2015-03-26 11:37:53,0,0,1.77164,1,11.2523,0,22.4161,0
2015-03-26 11:42:53,0,0,1.86178,1,10.9847,0,22.4161,0
2015-03-26 11:47:53,0,0,1.81114,1,10.9767,0,22.4161,0
2015-03-26 11:52:53,0,0,1.90301,1,10.8496,0,22.4161,0
2015-03-26 11:57:53,0,0,1.75417,1,11.1106,0,22.4161,0
2015-03-26 12:02:53,1,0,1.90956,1,9.99362,0,22.4161,0
2015-03-26 12:07:53,0,0,1.76931,1,9.12692,0,22.4161,0
2015-03-26 12:12:53,1,0,1.87279,1,6.85093,0,22.4161,0
2015-03-26 12:17:53,0,0,1.8036,1,9.14007,0,22.4161,0
2015-03-26 12:22:53,0,0,1.84517,1,7.8571,0,22.4161,0
2015-03-26 12:27:53,0,0,1.78244,1,11.0707,0,22.4161,0
2015-03-26 12:32:53,0,0,1.84665,1,10.8836,0,22.4161,0
2015-03-26 12:37:53,0,0,1.74919,1,10.947,0,22.4161,0
2015-03-26 12:42:53,0,0,1.94855,1,10.7898,0,22.4161,0
2015-03-26 12:47:53,0,0,1.74338,1,10.9869,0,22.4161,0
2015-03-26 12:52:53,1,0,2.01787,1,9.88806,0,22.4161,0
2015-03-26 12:57:53,9,0,1.64805,1,14.3146,0,22.4161,0
2015-03-26 13:02:53,2,0,1.91625,1,16.5463,0,22.4161,0
2015-03-26 13:07:53,7,0,1.84653,1,26.734,0,22.4161,1
2015-03-26 13:12:53,4,0,1.91854,1,13.3768,0,22.4161,0
2015-03-26 13:17:53,3,0,1.78543,1,20.6397,0,22.4161,0
2015-03-26 13:22:53,6,0,1.8979,1,12.8379,0,22.4161,0
2015-03-26 13:27:53,7,0,1.86658,1,16.7756,0,22.4161,0
2015-03-26 13:32:53,7,0,1.86057,1,27.9813,0,22.4161,1
2015-03-26 13:37:53,10,0,1.96649,1,33.7126,0,22.4161,1
2015-03-26 13:42:53,11,0,1.84231,1,40.7126,0,22.4161,1
2015-03-26 13:47:53,13,0,1.92818,1,53.643,0,22.4161,1
2015-03-26 13:52:53,7,0,1.86636,1,54.4877,0,22.4161,1
2015-03-26 13:57:53,8,0,1.92101,1,49.7503,0,22.4161,1
2015-03-26 14:02:53,8,0,1.87617,1,33.5617,0,22.4161,1
2015-03-26 14:07:53,9,0,1.88587,1,37.6827,0,22.4161,1
2015-03-26 14:12:53,7,0,1.88459,1,37.5988,0,22.4161,1
2015-03-26 14:17:53,7,0,1.89796,1,36.7152,0,22.4161,1
2015-03-26 14:22:53,7,0,1.85491,1,30.6752,0,22.4161,1
2015-03-26 14:27:53,14,0,1.89654,1,37.6954,0,22.4161,1
2015-03-26 14:32:53,11,0,1.85813,1,48.6998,0,22.4161,1
2015-03-26 14:37:53,9,0,1.89586,1,61.7841,0,22.4161,1
2015-03-26 14:42:53,15,0,1.89584,1,54.6983,0,22.4161,1
2015-03-26 14:47:53,11,0,1.87446,1,56.738,0,22.4161,1
2015-03-26 14:52:53,8,0,1.89073,1,63.6463,0,22.4161,1
2015-03-26 14:57:53,9,0,1.89934,1,46.6728,0,22.4161,1
2015-03-26 15:02:53,6,0,1.8634,1,36.6958,0,22.4161,1
2015-03-26 15:07:53,2,0,1.89677,1,29.6657,0,22.4161,1
2015-03-26 15:12:53,8,0,1.87012,1,18.6784,0,22.4161,0
2015-03-26 15:17:53,1,0,1.85836,1,13.4864,0,22.4161,0
2015-03-26 15:22:53,1,0,1.89442,1,20.9083,0,22.4161,0
2015-03-26 15:27:53,2,0,1.86782,1,4.43263,0,22.4161,0
2015-03-26 15:32:53,2,0,1.87434,1,2.91841,0,22.4161,0
2015-03-26 15:37:53,3,0,1.85434,1,1.70676,0,22.4161,0
2015-03-26 15:42:53,0,0,1.87868,1,4.50221,0,22.4161,0
2015-03-26 15:47:53,0,0,1.86453,1,8.96433,0,22.4161,0
2015-03-26 15:52:53,2,0,1.83837,1,9.45583,0,22.4161,0
2015-03-26 15:57:53,1,0,1.82142,1,6.74534,0,22.4161,0
2015-03-26 16:02:53,0,0,1.85916,1,3.90457,0,22.4161,0
2015-03-26 16:07:53,0,0,1.82813,1,8.0171,0,22.4161,0
2015-03-26 16:12:53,1,0,1.86465,1,10.0107,0,22.4161,0
2015-03-26 16:17:53,1,0,1.85622,1,8.09838,0,22.4161,0
2015-03-26 16:22:53,3,0,1.84415,1,5.35746,0,22.4161,0
2015-03-26 16:27:53,5,0,1.89864,1,8.03734,0,22.4161,0
2015-03-26 16:32:53,2,0,1.86261,1,9.84439,0,22.4161,0
2015-03-26 16:37:53,4,0,1.87534,1,11.8077,0,22.4161,0
2015-03-26 16:42:53,4,0,1.87538,1,6.70351,0,22.4161,0
2015-03-26 16:47:53,6,0,1.84902,1,14.7861,0,22.4161,0
2015-03-26 16:52:53,4,0,1.85702,1,16.7742,0,22.4161,0
2015-03-26 16:57:53,4,0,1.8898,1,18.8188,0,22.4161,0
2015-03-26 17:02:53,4,0,1.81761,1,12.8491,0,22.4161,0
2015-03-26 17:07:53,3,0,1.91131,1,11.8317,0,22.4161,0
2015-03-26 17:12:53,2,0,1.82453,1,8.78408,0,22.4161,0
2015-03-26 17:17:53,1,0,1.88411,1,4.54907,0,22.4161,0
2015-03-26 17:22:53,1,0,1.82499,1,2.79923,0,22.4161,0
2015-03-26 17:27:53,0,0,1.88548,1,6.06678,0,22.4161,0
2015-03-26 17:32:53,3,0,1.82991,1,7.41682,0,22.4161,0
2015-03-26 17:37:53,1,0,1.88422,1,8.53391,0,22.4161,0
2015-03-26 17:42:53,0,0,1.80528,1,6.8876,0,22.4161,0
2015-03-26 17:47:53,3,0,1.88937,1,7.45287,0,22.4161,0
2015-03-26 17:52:53,4,0,1.84482,1,10.1527,0,22.4161,0
2015-03-26 17:57:53,0,0,1.84761,1,9.65023,0,22.4161,0
2015-03-26 18:02:53,0,0,1.84675,1,11.8691,0,22.4161,0
2015-03-26 18:07:53,2,0,1.842,1,9.38291,0,22.4161,0
2015-03-26 18:12:53,0,0,1.83334,1,7.69132,0,22.4161,0
2015-03-26 18:17:53,0,0,1.84267,1,5.97707,0,22.4161,0
2015-03-26 18:22:53,0,0,1.83684,1,11.0353,0,22.4161,0
2015-03-26 18:27:53,0,0,1.83453,1,11.0222,0,22.4161,0
2015-03-26 18:32:53,1,0,1.82322,1,10.0362,0,22.4161,0
2015-03-26 18:37:53,0,0,1.86006,1,9.00282,0,22.4161,0
2015-03-26 18:42:53,3,0,1.83004,1,7.28997,0,22.4161,0
2015-03-26 18:47:53,1,0,1.82194,1,8.57957,0,22.4161,0
2015-03-26 18:52:53,0,0,1.87544,1,6.90182,0,22.4161,0
2015-03-26 18:57:53,0,0,1.8259,1,8.00943,0,22.4161,0
2015-03-26 19:02:53,0,0,1.79508,1,11.0426,0,22.4161,0
2015-03-26 19:07:53,1,0,1.83383,1,10.0732,0,22.4161,0
2015-03-26 19:12:53,1,0,1.82674,1,7.90169,0,22.4161,0
2015-03-26 19:17:53,2,0,1.78808,1,4.22615,0,22.4161,0
2015-03-26 19:22:53,2,0,1.86598,1,3.05994,0,22.4161,0
2015-03-26 19:27:53,0,0,1.77832,1,2.80961,0,22.4161,0
2015-03-26 19:32:53,0,0,1.84324,1,6.14604,0,22.4161,0
2015-03-26 19:37:53,2,0,1.83576,1,9.31133,0,22.4161,0
2015-03-26 19:42:53,2,0,1.83208,1,5.81271,0,22.4161,0
2015-03-26 19:47:53,3,0,1.86536,1,1.96669,0,22.4161,0
2015-03-26 19:52:53,2,0,1.87856,1,2.96321,0,22.4161,0
2015-03-26 19:57:53,3,0,1.80074,1,4.89447,0,22.4161,0
2015-03-26 20:02:53,1,0,1.87814,1,3.44752,0,22.4161,0
2015-03-26 20:07:53,2,0,1.86418,1,5.08765,0,22.4161,0
2015-03-26 20:12:53,2,0,1.81312,1,2.78175,0,22.4161,0
2015-03-26 20:17:53,0,0,1.88931,1,2.45035,0,22.4161,0
2015-03-26 20:22:53,0,0,1.83937,1,5.92302,0,22.4161,0
2015-03-26 20:27:53,0,0,1.86091,1,11.0573,0,22.4161,0
2015-03-26 20:32:53,0,0,1.83895,1,11.2076,0,22.4161,0
2015-03-26 20:37:53,0,0,1.88692,1,11.0789,0,22.4161,0
2015-03-26 20:42:53,0,0,1.81842,1,11.1476,0,22.4161,0
2015-03-26 20:47:53,0,0,1.85311,1,11.1091,0,22.4161,0
2015-03-26 20:52:53,0,0,1.83897,1,11.1507,0,22.4161,0
2015-03-26 20:57:53,2,0,1.86252,1,9.32251,0,22.4161,0
2015-03-26 21:02:53,2,0,1.78777,1,6.01887,0,22.4161,0
2015-03-26 21:07:53,2,0,1.87612,1,0.970288,0,22.4161,0
2015-03-26 21:12:53,1,0,1.85054,1,1.71304,0,22.4161,0
2015-03-26 21:17:53,2,0,1.84847,1,3.31045,0,22.4161,0
2015-03-26 21:22:53,3,0,1.80431,1,4.07883,0,22.4161,0
2015-03-26 21:27:53,0,0,1.83752,1,4.55576,0,22.4161,0
2015-03-26 21:32:53,0,0,1.86424,1,8.90073,0,22.4161,0
2015-03-26 21:37:53,0,0,1.8285,1,10.9522,0,22.4161,0
2015-03-26 21:42:53,0,0,1.86255,1,11.0695,0,22.4161,0
2015-03-26 21:47:53,2,0,1.831,1,9.38716,0,22.4161,0
2015-03-26 21:52:53,0,0,1.86551,1,7.5914,0,22.4161,0
2015-03-26 21:57:53,1,0,1.87136,1,4.93987,0,22.4161,0
2015-03-26 22:02:53,0,0,1.91906,1,9.0954,0,22.4161,0
2015-03-26 22:07:53,0,0,1.75444,1,8.25833,0,22.4161,0
2015-03-26 22:12:53,2,0,1.85667,1,9.69777,0,22.4161,0
2015-03-26 22:17:53,0,0,1.80812,1,8.10497,0,22.4161,0
2015-03-26 22:22:53,0,0,1.8113,1,6.25813,0,22.4161,0
2015-03-26 22:27:53,0,0,1.87291,1,10.9975,0,22.4161,0
2015-03-26 22:32:53,0,0,1.77216,1,10.9199,0,22.4161,0
2015-03-26 22:37:53,0,0,1.82695,1,10.9519,0,22.4161,0
2015-03-26 22:42:53,1,0,1.85446,1,9.99001,0,22.4161,0
2015-03-26 22:47:53,0,0,1.85304,1,8.82483,0,22.4161,0
2015-03-26 22:52:53,0,0,1.90467,1,8.04282,0,22.4161,0
2015-03-26 22:57:53,0,0,1.85466,1,11.1741,0,22.4161,0
2015-03-26 23:02:53,0,0,1.87791,1,11.2231,0,22.4161,0
2015-03-26 23:07:53,1,0,1.82809,1,10.3012,0,22.4161,0
2015-03-26 23:12:53,0,0,1.85195,1,9.1479,0,22.4161,0
2015-03-26 23:17:53,0,0,1.86497,1,8.14186,0,22.4161,0
2015-03-26 23:22:53,1,0,1.86152,1,10.0531,0,22.4161,0
2015-03-26 23:27:53,0,0,1.79724,1,9.1473,0,22.4161,0
2015-03-26 23:32:53,0,0,1.8396,1,8.1152,0,22.4161,0
2015-03-26 23:37:53,0,0,1.7798,1,11.0187,0,22.4161,0
2015-03-26 23:42:53,1,0,1.81244,1,9.85073,0,22.4161,0
2015-03-26 23:47:53,0,0,1.91905,1,8.89086,0,22.4161,0
2015-03-26 23:52:53,0,0,1.80256,1,7.88335,0,22.4161,0
2015-03-26 23:57:53,0,0,1.86385,1,11.078,0,22.4161,0
2015-03-27 00:02:53,2,0,1.8049,1,9.49842,0,22.4161,0
2015-03-27 00:07:53,1,0,1.86639,1,6.48488,0,22.4161,0
2015-03-27 00:12:53,0,0,1.86831,1,3.88464,0,22.4161,0
2015-03-27 00:17:53,0,0,1.85303,1,8.01577,0,22.4161,0
2015-03-27 00:22:53,1,0,1.82264,1,10.1888,0,22.4161,0
2015-03-27 00:27:53,0,0,1.83505,1,9.13362,0,22.4161,0
2015-03-27 00:32:53,2,0,1.78191,1,6.36932,0,22.4161,0
2015-03-27 00:37:53,0,0,1.89954,1,7.57973,0,22.4161,0
2015-03-27 00:42:53,3,0,1.85311,1,5.15914,0,22.4161,0
2015-03-27 00:47:53,0,0,1.81849,1,9.39976,0,22.4161,0
2015-03-27 00:52:53,0,0,1.84744,1,8.82609,0,22.4161,0
2015-03-27 00:57:53,0,0,1.77146,1,11.0437,0,22.4161,0
2015-03-27 01:02:53,0,0,1.89793,1,10.9218,0,22.4161,0
2015-03-27 01:07:53,0,0,1.86735,1,10.9832,0,22.4161,0
2015-03-27 01:12:53,0,0,1.86742,1,10.9776,0,22.4161,0
2015-03-27 01:17:53,0,0,1.78299,1,11.2959,0,22.4161,0
2015-03-27 01:22:53,0,0,1.8908,1,11.1199,0,22.4161,0
2015-03-27 01:27:53,0,0,1.80316,1,11.059,0,22.4161,0
2015-03-27 01:32:53,0,0,1.9083,1,10.9337,0,22.4161,0
2015-03-27 01:37:53,0,0,1.74091,1,11.187,0,22.4161,0
2015-03-27 01:42:53,3,0,1.83342,1,10.4852,0,22.4161,0
2015-03-27 01:47:53,0,0,1.83558,1,10.0765,0,22.4161,0
2015-03-27 01:52:53,0,0,1.8267,1,9.27968,0,22.4161,0
2015-03-27 01:57:53,0,0,1.84783,1,10.9981,0,22.4161,0
2015-03-27 02:02:53,0,0,1.83039,1,11.008,0,22.4161,0
2015-03-27 02:07:53,0,0,1.79453,1,11.0061,0,22.4161,0
2015-03-27 02:12:53,0,0,1.85427,1,10.9988,0,22.4161,0
2015-03-27 02:17:53,0,0,1.82972,1,10.9345,0,22.4161,0
2015-03-27 02:22:53,0,0,1.88977,1,10.9218,0,22.4161,0
2015-03-27 02:27:53,0,0,1.84471,1,11.112,0,22.4161,0
2015-03-27 02:32:53,0,0,1.81096,1,11.1134,0,22.4161,0
2015-03-27 02:37:53,2,0,1.79548,1,9.54777,0,22.4161,0
2015-03-27 02:42:53,1,0,1.91171,1,6.70769,0,22.4161,0
2015-03-27 02:47:53,0,0,1.82069,1,4.06979,0,22.4161,0
2015-03-27 02:52:53,0,0,1.88033,1,8.03054,0,22.4161,0
2015-03-27 02:57:53,0,0,1.71572,1,11.2568,0,22.4161,0
2015-03-27 03:02:53,1,0,1.82864,1,9.93843,0,22.4161,0
2015-03-27 03:07:53,1,0,1.84186,1,7.90106,0,22.4161,0
2015-03-27 03:12:53,1,0,1.87916,1,4.64629,0,22.4161,0
2015-03-27 03:17:53,0,0,1.83579,1,6.0488,0,22.4161,0
2015-03-27 03:22:53,1,0,1.90073,1,7.11968,0,22.4161,0
2015-03-27 03:27:53,0,0,1.82669,1,9.20977,0,22.4161,0
2015-03-27 03:32:53,0,0,1.87365,1,8.13551,0,22.4161,0
2015-03-27 03:37:53,0,0,1.81596,1,11.2292,0,22.4161,0
2015-03-27 03:42:53,0,0,1.9505,1,11.0433,0,22.4161,0
2015-03-27 03:47:53,0,0,1.78226,1,11.2034,0,22.4161,0
2015-03-27 03:52:53,0,0,1.8752,1,11.1311,0,22.4161,0
2015-03-27 03:57:53,0,0,1.71389,1,11.2912,0,22.4161,0
2015-03-27 04:02:53,0,0,1.90881,1,10.8111,0,22.4161,0
2015-03-27 04:07:53,0,0,1.75007,1,10.9622,0,22.4161,0
2015-03-27 04:12:53,0,0,1.9476,1,10.7094,0,22.4161,0
2015-03-27 04:17:53,0,0,1.69002,1,11.1742,0,22.4161,0
2015-03-27 04:22:53,0,0,1.91309,1,10.8354,0,22.4161,0
2015-03-27 04:27:53,0,0,1.75186,1,11.1359,0,22.4161,0
2015-03-27 04:32:53,0,0,1.9237,1,10.6481,0,22.4161,0
2015-03-27 04:37:53,0,0,1.73141,1,11.1667,0,22.4161,0
2015-03-27 04:42:53,0,0,1.94947,1,10.8344,0,22.4161,0
2015-03-27 04:47:53,0,0,1.71184,1,11.1834,0,22.4161,0
2015-03-27 04:52:53,0,0,1.95118,1,10.805,0,22.4161,0
2015-03-27 04:57:53,0,0,1.701,1,11.2233,0,22.4161,0
2015-03-27 05:02:53,0,0,1.95515,1,10.7389,0,22.4161,0
2015-03-27 05:07:53,0,0,1.75861,1,11.2107,0,22.4161,0
2015-03-27 05:12:53,0,0,1.87934,1,10.7719,0,22.4161,0
2015-03-27 05:17:53,0,0,1.69501,1,11.262,0,22.4161,0
2015-03-27 05:22:53,0,0,1.93654,1,10.7295,0,22.4161,0
2015-03-27 05:27:53,0,0,1.75564,1,10.9646,0,22.4161,0
2015-03-27 05:32:53,0,0,1.80476,1,10.7138,0,22.4161,0
2015-03-27 05:37:53,0,0,1.79431,1,11.1257,0,22.4161,0
2015-03-27 05:42:53,0,0,1.81916,1,10.6708,0,22.4161,0
2015-03-27 05:47:53,0,0,1.81133,1,10.8221,0,22.4161,0
2015-03-27 05:52:53,0,0,1.97706,1,10.8326,0,22.4161,0
2015-03-27 05:57:53,0,0,1.73453,1,11.0572,0,22.4161,0
2015-03-27 06:02:53,0,0,1.86645,1,11.1226,0,22.4161,0
2015-03-27 06:07:53,0,0,1.79025,1,11.2667,0,22.4161,0
2015-03-27 06:12:53,0,0,1.86177,1,10.7268,0,22.4161,0
2015-03-27 06:17:53,0,0,1.74304,1,11.0416,0,22.4161,0
2015-03-27 06:22:53,0,0,1.93407,1,10.8373,0,22.4161,0
2015-03-27 06:27:53,1,0,1.72447,1,10.0055,0,22.4161,0
2015-03-27 06:32:53,1,0,1.8533,1,7.82173,0,22.4161,0
2015-03-27 06:37:53,0,0,1.81906,1,6.10445,0,22.4161,0
2015-03-27 06:42:53,1,0,1.86006,0,6.69906,0,22.4161,0
2015-03-27 06:47:53,0,0,1.92405,0,9.05806,0,22.4161,0
2015-03-27 06:52:53,0,0,1.80136,0,8.10135,0,22.4161,0
2015-03-27 06:57:53,0,0,1.78989,0,11.2297,0,22.4161,0
2015-03-27 07:02:53,1,0,1.84111,0,10.1648,0,22.4161,0
2015-03-27 07:07:53,0,0,1.84755,0,8.82497,0,22.4161,0
2015-03-27 07:12:53,0,0,1.88126,0,7.89943,0,22.4161,0
2015-03-27 07:17:53,0,0,1.83443,0,11.0997,0,22.4161,0
2015-03-27 07:22:53,0,0,1.835,0,11.1396,0,22.4161,0
2015-03-27 07:27:53,0,0,1.71865,0,11.1476,0,22.4161,0
2015-03-27 07:32:53,0,0,1.98558,0,10.8919,0,22.4161,0
2015-03-27 07:37:53,0,0,1.71278,0,10.9279,0,22.4161,0
2015-03-27 07:42:53,0,0,1.89862,0,10.8399,0,22.4161,0
2015-03-27 07:47:53,0,0,1.72915,0,11.2809,0,22.4161,0
2015-03-27 07:52:53,0,0,1.85832,0,10.6647,0,22.4161,0
2015-03-27 07:57:53,0,0,1.69273,0,11.0125,0,22.4161,0
2015-03-27 08:02:53,0,0,1.92459,0,10.5968,0,22.4161,0
2015-03-27 08:07:53,0,0,1.75798,0,10.885,0,22.4161,0
2015-03-27 08:12:53,0,0,1.86145,0,10.6853,0,22.4161,0
2015-03-27 08:17:53,0,0,1.80553,0,11.1512,0,22.4161,0
2015-03-27 08:22:53,0,0,1.84454,0,10.8024,0,22.4161,0
2015-03-27 08:27:53,0,0,1.92612,0,11.04,0,22.4161,0
2015-03-27 08:32:53,0,0,1.81984,0,11.0318,0,22.4161,0
2015-03-27 08:37:53,0,0,1.82157,0,11.2057,0,22.4161,0
2015-03-27 08:42:53,0,0,1.85141,0,11.2396,0,22.4161,0
2015-03-27 08:47:53,0,0,1.81084,0,10.9541,0,22.4161,0
2015-03-27 08:52:53,0,0,1.75979,0,10.9784,0,22.4161,0
2015-03-27 08:57:53,0,0,1.88702,0,10.9357,0,22.4161,0
2015-03-27 09:02:53,0,0,1.79309,0,10.8391,0,22.4161,0
2015-03-27 09:07:53,0,0,1.81567,0,10.8465,0,22.4161,0
2015-03-27 09:12:53,1,0,1.81155,0,10.0629,0,22.4161,0
2015-03-27 09:17:53,1,0,1.85733,0,7.82215,0,22.4161,0
2015-03-27 09:22:53,0,0,1.85075,0,5.92741,0,22.4161,0
2015-03-27 09:27:53,0,0,1.86233,0,8.00004,0,22.4161,0
2015-03-27 09:32:53,0,0,1.85806,0,11.1358,0,22.4161,0
2015-03-27 09:37:53,0,0,1.75342,0,11.135,0,22.4161,0
2015-03-27 09:42:53,0,0,1.87559,0,11.0565,0,22.4161,0
2015-03-27 09:47:53,1,0,1.88579,0,9.95661,0,22.4161,0
2015-03-27 09:52:53,0,0,1.92583,0,8.89721,0,22.4161,0
2015-03-27 09:57:53,1,0,1.80366,0,7.32416,0,22.4161,0
2015-03-27 10:02:53,0,0,1.87402,0,9.31267,0,22.4161,0
2015-03-27 10:07:53,0,0,1.81137,0,8.25881,0,22.4161,0
2015-03-27 10:12:53,6,0,1.85527,0,13.3476,0,22.4161,0
2015-03-27 10:17:53,0,0,1.87069,0,15.8546,0,22.4161,0
2015-03-27 10:22:53,0,0,1.87862,0,18.1471,0,22.4161,0
2015-03-27 10:27:53,0,0,1.85716,0,11.1858,0,22.4161,0
2015-03-27 10:32:53,0,0,1.76691,0,11.2265,0,22.4161,0
2015-03-27 10:37:53,0,0,1.82633,0,11.1171,0,22.4161,0
2015-03-27 10:42:53,0,0,1.91262,0,10.9316,0,22.4161,0
2015-03-27 10:47:53,0,0,1.7841,0,10.866,0,22.4161,0
2015-03-27 10:52:53,0,0,1.95176,0,11.0883,0,22.4161,0
2015-03-27 10:57:53,0,0,1.72112,0,11.2578,0,22.4161,0
2015-03-27 11:02:53,0,0,1.87694,0,10.9769,0,22.4161,0
2015-03-27 11:07:53,1,0,1.74045,0,10.1745,0,22.4161,0
2015-03-27 11:12:53,0,0,1.95581,0,8.65771,0,22.4161,0
2015-03-27 11:17:53,0,0,1.79645,0,8.06755,0,22.4161,0
2015-03-27 11:22:53,0,0,1.80979,0,10.9294,0,22.4161,0
2015-03-27 11:27:53,0,0,1.73969,0,11.2701,0,22.4161,0
2015-03-27 11:32:53,0,0,1.86398,0,10.7486,0,22.4161,0
2015-03-27 11:37:53,0,0,1.76718,0,10.7727,0,22.4161,0
2015-03-27 11:42:53,0,0,1.87763,0,10.7142,0,22.4161,0
2015-03-27 11:47:53,0,0,1.81163,0,11.0039,0,22.4161,0
2015-03-27 11:52:53,0,0,1.80894,0,10.8684,0,22.4161,0
2015-03-27 11:57:53,0,0,1.92079,0,11.0651,0,22.4161,0
2015-03-27 12:02:53,0,0,1.756,0,10.9736,0,22.4161,0
2015-03-27 12:07:53,0,0,1.89524,0,11.0244,0,22.4161,0
2015-03-27 12:12:53,0,0,1.9059,0,11.1696,0,22.4161,0
2015-03-27 12:17:53,0,0,1.76397,0,10.9644,0,22.4161,0
2015-03-27 12:22:53,0,0,1.77873,0,11.2615,0,22.4161,0
2015-03-27 12:27:53,0,0,1.84003,0,11.0244,0,22.4161,0
2015-03-27 12:32:53,0,0,1.74697,0,10.6894,0,22.4161,0
2015-03-27 12:37:53,0,0,1.89324,0,10.7632,0,22.4161,0
2015-03-27 12:42:53,0,0,1.78728,0,10.9073,0,22.4161,0
2015-03-27 12:47:53,0,0,1.7798,0,10.8147,0,22.4161,0
2015-03-27 12:52:53,0,0,1.85742,0,11.0341,0,22.4161,0
2015-03-27 12:57:53,0,0,1.8219,0,10.7788,0,22.4161,0
2015-03-27 13:02:53,1,0,1.88723,0,9.87614,0,22.4161,0
2015-03-27 13:07:53,0,0,1.78474,0,9.10331,0,22.4161,0
2015-03-27 13:12:53,0,0,1.83186,0,8.0249,0,22.4161,0
2015-03-27 13:17:53,0,0,1.84078,0,11.063,0,22.4161,0
2015-03-27 13:22:53,0,0,1.83935,0,10.8587,0,22.4161,0
2015-03-27 13:27:53,0,0,1.7946,0,11.0165,0,22.4161,0
2015-03-27 13:32:53,1,0,1.91175,0,9.99564,0,22.4161,0
2015-03-27 13:37:53,0,0,1.77903,0,9.01899,0,22.4161,0
2015-03-27 13:42:53,0,0,1.8559,0,7.98633,0,22.4161,0
2015-03-27 13:47:53,0,0,1.74899,0,11.1492,0,22.4161,0
2015-03-27 13:52:53,0,0,1.87748,0,10.7979,0,22.4161,0
2015-03-27 13:57:53,0,0,1.82051,0,10.9432,0,22.4161,0
2015-03-27 14:02:53,0,0,1.78189,0,10.8224,0,22.4161,0
2015-03-27 14:07:53,0,0,1.82257,0,11.0553,0,22.4161,0
2015-03-27 14:12:53,0,0,1.82379,0,10.8479,0,22.4161,0
2015-03-27 14:17:53,0,0,1.77632,0,10.8146,0,22.4161,0
2015-03-27 14:22:53,0,0,2.00129,0,10.8916,0,22.4161,0
2015-03-27 14:27:53,0,0,1.6853,0,11.0253,0,22.4161,0
2015-03-27 14:32:53,0,0,1.83026,0,11.0168,0,22.4161,0
2015-03-27 14:37:53,0,0,1.8187,0,11.2047,0,22.4161,0
2015-03-27 14:42:53,0,0,1.83189,0,10.5351,0,22.4161,0
2015-03-27 14:47:53,0,0,1.73657,0,10.9601,0,22.4161,0
2015-03-27 14:52:53,0,0,1.91838,0,10.8565,0,22.4161,0
2015-03-27 14:57:53,0,0,1.70141,0,10.8872,0,22.4161,0
2015-03-27 15:02:53,0,0,1.85882,0,10.7479,0,22.4161,0
2015-03-27 15:07:53,0,0,1.81498,0,11.0168,0,22.4161,0
2015-03-27 15:12:53,0,0,1.80191,0,10.6369,0,22.4161,0
2015-03-27 15:17:53,0,0,1.99565,0,11.0083,0,22.4161,0
2015-03-27 15:22:53,0,0,1.64556,0,11.0444,0,22.4161,0
2015-03-27 15:27:53,0,0,1.92142,0,11.0426,0,22.4161,0
2015-03-27 15:32:53,1,0,1.84251,0,10.1995,0,22.4161,0
2015-03-27 15:37:53,1,0,1.82172,0,7.62205,0,22.4161,0
2015-03-27 15:42:53,0,0,1.82102,0,6.27101,0,22.4161,0
2015-03-27 15:47:53,0,0,1.91972,0,7.99198,0,22.4161,0
2015-03-27 15:52:53,0,0,1.76311,0,11.0269,0,22.4161,0
2015-03-27 15:57:53,0,0,1.79692,0,11.0656,0,22.4161,0
2015-03-27 16:02:53,0,0,1.86361,0,11.0823,0,22.4161,0
2015-03-27 16:07:53,0,0,1.83308,0,10.7468,0,22.4161,0
2015-03-27 16:12:53,0,0,1.89002,0,10.9511,0,22.4161,0
2015-03-27 16:17:53,0,0,1.81456,0,11.147,0,22.4161,0
2015-03-27 16:22:53,0,0,1.89094,0,11.0938,0,22.4161,0
2015-03-27 16:27:53,0,0,1.74839,0,11.1901,0,22.4161,0
2015-03-27 16:32:53,0,0,1.85115,0,10.974,0,22.4161,0
2015-03-27 16:37:53,2,0,1.83948,0,9.31845,0,22.4161,0
2015-03-27 16:42:53,1,0,1.87753,0,6.38237,0,22.4161,0
2015-03-27 16:47:53,0,0,1.82886,0,4.00304,0,22.4161,0
2015-03-27 16:52:53,0,0,1.88714,0,8.10236,0,22.4161,0
2015-03-27 16:57:53,0,0,1.77543,0,11.1774,0,22.4161,0
2015-03-27 17:02:53,0,0,1.79472,0,11.0363,0,22.4161,0
2015-03-27 17:07:53,2,0,1.8585,0,9.41756,0,22.4161,0
2015-03-27 17:12:53,1,0,1.93522,0,6.59536,0,22.4161,0
2015-03-27 17:17:53,0,0,1.8935,0,4.26806,0,22.4161,0
2015-03-27 17:22:53,0,0,1.84851,0,8.33944,0,22.4161,0
2015-03-27 17:27:53,0,0,1.80913,0,11.4412,0,22.4161,0
2015-03-27 17:32:53,0,0,1.83462,0,11.1866,0,22.4161,0
2015-03-27 17:37:53,0,0,1.8737,0,10.9984,0,22.4161,0
2015-03-27 17:42:53,0,0,1.92595,0,10.9703,0,22.4161,0
2015-03-27 17:47:53,0,0,1.7817,0,11.1772,0,22.4161,0
2015-03-27 17:52:53,0,0,1.76754,0,11.2547,0,22.4161,0
2015-03-27 17:57:53,0,0,1.82053,0,11.1088,0,22.4161,0
2015-03-27 18:02:53,0,0,1.80341,0,10.7007,0,22.4161,0
2015-03-27 18:07:53,0,0,1.79743,0,10.7471,0,22.4161,0
2015-03-27 18:12:53,0,0,1.88347,0,10.8658,0,22.4161,0
2015-03-27 18:17:53,0,0,1.78045,0,10.8886,0,22.4161,0
2015-03-27 18:22:53,0,0,1.85557,0,10.9397,0,22.4161,0
2015-03-27 18:27:53,0,0,1.81589,0,11.0669,0,22.4161,0
2015-03-27 18:32:53,0,0,1.82529,0,10.8684,0,22.4161,0
2015-03-27 18:37:53,1,0,1.90318,0,10.0238,0,22.4161,0
2015-03-27 18:42:53,0,0,1.84472,0,9.00141,0,22.4161,0
2015-03-27 18:47:53,0,0,1.79908,0,8.12694,0,22.4161,0
2015-03-27 18:52:53,0,0,1.89611,0,11.1981,0,22.4161,0
2015-03-27 18:57:53,0,0,1.78101,0,11.0284,0,22.4161,0
2015-03-27 19:02:53,1,0,1.84182,0,9.97046,0,22.4161,0
2015-03-27 19:07:53,1,0,1.93003,0,8.09217,0,22.4161,0
2015-03-27 19:12:53,0,0,1.81206,0,5.9567,0,22.4161,0
2015-03-27 19:17:53,3,0,1.866,0,7.57346,0,22.4161,0
2015-03-27 19:22:53,1,0,1.82986,0,9.03197,0,22.4161,0
2015-03-27 19:27:53,0,0,1.85936,0,7.12569,0,22.4161,0
2015-03-27 19:32:53,0,0,1.84143,0,8.1171,0,22.4161,0
2015-03-27 19:37:53,1,0,1.84303,0,10.0498,0,22.4161,0
2015-03-27 19:42:53,0,0,1.84367,0,9.10398,0,22.4161,0
2015-03-27 19:47:53,0,0,1.91535,0,8.05403,0,22.4161,0
2015-03-27 19:52:53,0,0,1.78636,0,11.1318,0,22.4161,0
2015-03-27 19:57:53,0,0,1.95357,0,11.1481,0,22.4161,0
2015-03-27 20:02:53,0,0,1.7648,0,11.2723,0,22.4161,0
2015-03-27 20:07:53,2,0,1.87402,0,12.8326,0,22.4161,0
2015-03-27 20:12:53,0,0,1.78765,0,9.62915,0,22.4161,0
2015-03-27 20:17:53,1,0,1.90557,0,5.24128,0,22.4161,0
2015-03-27 20:22:53,0,0,1.83673,0,9.10293,0,22.4161,0
2015-03-27 20:27:53,1,0,1.83951,0,7.01082,0,22.4161,0
2015-03-27 20:32:53,6,0,1.76927,0,11.5506,0,22.4161,0
2015-03-27 20:37:53,0,0,1.91959,0,12.6004,0,22.4161,0
2015-03-27 20:42:53,1,0,1.82243,0,16.9396,0,22.4161,0
2015-03-27 20:47:53,0,0,1.95261,0,8.96942,0,22.4161,0
2015-03-27 20:52:53,1,0,1.76083,0,7.35626,0,22.4161,0
2015-03-27 20:57:53,0,0,1.83494,0,9.13334,0,22.4161,0
2015-03-27 21:02:53,0,0,1.9115,0,8.21443,0,22.4161,0
2015-03-27 21:07:53,1,0,1.844,0,9.86386,0,22.4161,0
2015-03-27 21:12:53,0,0,1.89079,0,9.17183,0,22.4161,0
2015-03-27 21:17:53,0,0,1.86468,0,8.31329,0,22.4161,0
2015-03-27 21:22:53,0,0,1.84775,0,11.1783,0,22.4161,0
2015-03-27 21:27:53,0,0,1.72323,0,11.2495,0,22.4161,0
2015-03-27 21:32:53,0,0,1.90145,0,11.0128,0,22.4161,0
2015-03-27 21:37:53,1,0,1.81668,0,9.89113,0,22.4161,0
2015-03-27 21:42:53,0,0,1.79305,0,8.78925,0,22.4161,0
2015-03-27 21:47:53,0,0,1.81741,0,8.13073,0,22.4161,0
2015-03-27 21:52:53,0,0,1.83348,0,10.8535,0,22.4161,0
2015-03-27 21:57:53,0,0,1.78033,0,10.8474,0,22.4161,0
2015-03-27 22:02:53,0,0,1.85759,0,10.8995,0,22.4161,0
2015-03-27 22:07:53,0,0,1.88081,0,10.9187,0,22.4161,0
2015-03-27 22:12:53,0,0,1.80312,0,10.937,0,22.4161,0
2015-03-27 22:17:53,0,0,1.90272,0,11.1375,0,22.4161,0
2015-03-27 22:22:53,0,0,1.77824,0,11.1514,0,22.4161,0
2015-03-27 22:27:53,0,0,1.92107,0,10.993,0,22.4161,0
2015-03-27 22:32:53,0,0,1.84653,0,11.1857,0,22.4161,0
2015-03-27 22:37:53,1,0,1.84532,0,10.0234,0,22.4161,0
2015-03-27 22:42:53,2,0,1.79069,0,7.61094,0,22.4161,0
2015-03-27 22:47:53,0,0,1.88993,0,4.63964,0,22.4161,0
2015-03-27 22:52:53,1,0,1.74752,0,4.93536,0,22.4161,0
2015-03-27 22:57:53,0,0,1.91433,0,8.89945,0,22.4161,0
2015-03-27 23:02:53,1,0,1.76091,0,7.07916,0,22.4161,0
2015-03-27 23:07:53,1,0,1.84301,0,7.83213,0,22.4161,0
2015-03-27 23:12:53,1,0,1.84291,0,5.10782,0,22.4161,0
2015-03-27 23:17:53,0,0,1.88365,0,5.81166,0,22.4161,0
2015-03-27 23:22:53,1,0,1.8697,0,7.0985,0,22.4161,0
2015-03-27 23:27:53,0,0,1.83861,0,9.16571,0,22.4161,0
2015-03-27 23:32:53,0,0,1.85613,0,8.22895,0,22.4161,0
2015-03-27 23:37:53,0,0,1.82865,0,11.1424,0,22.4161,0
2015-03-27 23:42:53,0,0,1.85344,0,11.0567,0,22.4161,0
2015-03-27 23:47:53,0,0,1.84861,0,11.0791,0,22.4161,0
2015-03-27 23:52:53,0,0,1.84683,0,11.0414,0,22.4161,0
2015-03-27 23:57:53,1,0,1.80036,0,10.1044,0,22.4161,0
2015-03-28 00:02:53,0,0,1.82881,0,9.03984,0,22.4161,0
2015-03-28 00:07:53,0,0,1.76638,0,7.97,0,22.4161,0
2015-03-28 00:12:53,2,0,1.88923,0,9.29231,0,22.4161,0
2015-03-28 00:17:53,0,0,1.84351,0,7.84291,0,22.4161,0
2015-03-28 00:22:53,0,0,1.78154,0,6.32283,0,22.4161,0
2015-03-28 00:27:53,0,0,1.87534,0,11.1362,0,22.4161,0
2015-03-28 00:32:53,0,0,1.77863,0,10.9689,0,22.4161,0
2015-03-28 00:37:53,0,0,1.87811,0,10.8739,0,22.4161,0
2015-03-28 00:42:53,0,0,1.95484,0,11.0614,0,22.4161,0
2015-03-28 00:47:53,0,0,1.73666,0,11.047,0,22.4161,0
2015-03-28 00:52:53,0,0,1.85843,0,11.2807,0,22.4161,0
2015-03-28 00:57:53,1,0,1.80493,0,10.1963,0,22.4161,0
2015-03-28 01:02:53,0,0,1.87389,0,8.73177,0,22.4161,0
2015-03-28 01:07:53,0,0,1.76315,0,8.05904,0,22.4161,0
2015-03-28 01:12:53,0,0,1.88932,0,10.9257,0,22.4161,0
2015-03-28 01:17:53,0,0,1.7499,0,11.0373,0,22.4161,0
2015-03-28 01:22:53,2,0,1.83503,0,12.8135,0,22.4161,0
2015-03-28 01:27:53,0,0,1.80855,0,9.71986,0,22.4161,0
2015-03-28 01:32:53,0,0,1.85455,0,6.22891,0,22.4161,0
2015-03-28 01:37:53,0,0,1.81191,0,10.9767,0,22.4161,0
2015-03-28 01:42:53,0,0,1.79935,0,10.9467,0,22.4161,0
2015-03-28 01:47:53,0,0,1.87705,0,10.9868,0,22.4161,0
2015-03-28 01:52:53,0,0,1.83569,0,10.9115,0,22.4161,0
2015-03-28 01:57:53,1,0,1.89813,0,9.98784,0,22.4161,0
2015-03-28 02:02:53,1,0,1.89928,0,8.20067,0,22.4161,0
2015-03-28 02:07:53,0,0,1.80653,0,6.20262,0,22.4161,0
2015-03-28 02:12:53,0,0,1.92272,0,8.29949,0,22.4161,0
2015-03-28 02:17:53,1,0,1.74861,0,10.2336,0,22.4161,0
2015-03-28 02:22:53,0,0,1.8734,0,9.01362,0,22.4161,0
2015-03-28 02:27:53,0,0,1.84981,0,8.13877,0,22.4161,0
2015-03-28 02:32:53,2,0,1.81551,0,9.14282,0,22.4161,0
2015-03-28 02:37:53,2,0,1.81683,0,6.10509,0,22.4161,0
2015-03-28 02:42:53,0,0,1.90856,0,2.63639,0,22.4161,0
2015-03-28 02:47:53,2,0,1.84378,0,4.27857,0,22.4161,0
2015-03-28 02:52:53,0,0,1.9103,0,7.47717,0,22.4161,0
2015-03-28 02:57:53,0,0,1.78635,0,5.87219,0,22.4161,0
2015-03-28 03:02:53,1,0,1.93054,0,10.1383,0,22.4161,0
2015-03-28 03:07:53,0,0,1.81595,0,9.23413,0,22.4161,0
2015-03-28 03:12:53,0,0,1.84946,0,8.03607,0,22.4161,0
2015-03-28 03:17:53,0,0,1.89651,0,11.273,0,22.4161,0
2015-03-28 03:22:53,0,0,1.87441,0,11.0433,0,22.4161,0
2015-03-28 03:27:53,0,0,1.738,0,11.2158,0,22.4161,0
2015-03-28 03:32:53,0,0,1.88812,0,11.1764,0,22.4161,0
2015-03-28 03:37:53,0,0,1.82264,0,10.9873,0,22.4161,0
2015-03-28 03:42:53,0,0,1.8193,0,10.8129,0,22.4161,0
2015-03-28 03:47:53,0,0,1.79545,0,11.1289,0,22.4161,0
2015-03-28 03:52:53,0,0,1.84884,0,10.902,0,22.4161,0
2015-03-28 03:57:53,0,0,1.77251,0,10.8976,0,22.4161,0
2015-03-28 04:02:53,0,0,1.8639,0,10.8565,0,22.4161,0
2015-03-28 04:07:53,0,0,1.82109,0,10.9554,0,22.4161,0
2015-03-28 04:12:53,0,0,1.81613,0,10.8664,0,22.4161,0
2015-03-28 04:17:53,0,0,1.84438,0,11.05,0,22.4161,0
2015-03-28 04:22:53,0,0,1.90092,0,10.9399,0,22.4161,0
2015-03-28 04:27:53,0,0,1.77465,0,11.0381,0,22.4161,0
2015-03-28 04:32:53,0,0,1.9072,0,11.1097,0,22.4161,0
2015-03-28 04:37:53,0,0,1.81206,0,11.1593,0,22.4161,0
2015-03-28 04:42:53,1,0,1.87397,0,9.95042,0,22.4161,0
2015-03-28 04:47:53,0,0,1.82653,0,9.21969,0,22.4161,0
2015-03-28 04:52:53,0,0,1.82088,0,8.01066,0,22.4161,0
2015-03-28 04:57:53,0,0,1.75386,0,11.0959,0,22.4161,0
2015-03-28 05:02:53,0,0,1.89394,0,10.8752,0,22.4161,0
2015-03-28 05:07:53,0,0,1.80178,0,10.8643,0,22.4161,0
2015-03-28 05:12:53,0,0,1.79739,0,10.8512,0,22.4161,0
2015-03-28 05:17:53,0,0,1.84021,0,11.0828,0,22.4161,0
2015-03-28 05:22:53,0,0,1.85667,0,10.8403,0,22.4161,0
2015-03-28 05:27:53,0,0,1.82042,0,10.9293,0,22.4161,0
2015-03-28 05:32:53,0,0,1.86624,0,11.0544,0,22.4161,0
2015-03-28 05:37:53,0,0,1.81724,0,11.0771,0,22.4161,0
2015-03-28 05:42:53,0,0,1.8179,0,11.011,0,22.4161,0
2015-03-28 05:47:53,2,0,1.82179,0,9.4153,0,22.4161,0
2015-03-28 05:52:53,0,0,1.87909,0,7.63772,0,22.4161,0
2015-03-28 05:57:53,0,0,1.8153,0,6.06898,0,22.4161,0
2015-03-28 06:02:53,0,0,1.8623,0,11.0389,0,22.4161,0
2015-03-28 06:07:53,9,0,1.81141,0,16.4056,0,22.4161,0
2015-03-28 06:12:53,4,0,1.85636,0,21.9099,0,22.4161,0
2015-03-28 06:17:53,1,0,1.90942,0,26.6466,0,22.4161,1
2015-03-28 06:22:53,0,0,1.85557,0,10.1879,0,22.4161,0
2015-03-28 06:27:53,0,0,1.86184,0,8.24349,0,22.4161,0
2015-03-28 06:32:53,1,0,1.73363,0,10.3012,0,22.4161,0
2015-03-28 06:37:53,0,0,1.91843,0,9.02401,0,22.4161,0
2015-03-28 06:42:53,2,0,1.85396,0,6.13434,0,22.4161,0
2015-03-28 06:47:53,0,0,1.94848,0,7.21798,0,22.4161,0
2015-03-28 06:52:53,0,0,1.75085,0,5.9011,0,22.4161,0
2015-03-28 06:57:53,2,0,1.89485,0,9.93969,0,22.4161,0
2015-03-28 07:02:53,2,0,1.7317,0,8.17384,0,22.4161,0
2015-03-28 07:07:53,1,0,1.88861,0,1.68945,0,22.4161,0
2015-03-28 07:12:53,1,0,1.91015,0,2.66747,0,22.4161,0
2015-03-28 07:17:53,0,0,1.79659,0,5.88249,0,22.4161,0
2015-03-28 07:22:53,0,0,1.76419,0,8.28274,0,22.4161,0
2015-03-28 07:27:53,0,0,1.84097,0,11.0878,0,22.4161,0
2015-03-28 07:32:53,0,0,1.82624,0,10.7591,0,22.4161,0
2015-03-28 07:37:53,0,0,1.81137,0,10.8008,0,22.4161,0
2015-03-28 07:42:53,0,0,1.87708,0,10.9868,0,22.4161,0
2015-03-28 07:47:53,1,0,1.82194,0,9.97854,0,22.4161,0
2015-03-28 07:52:53,1,0,1.88706,0,8.01021,0,22.4161,0
2015-03-28 07:57:53,0,0,1.7869,0,6.16216,0,22.4161,0
2015-03-28 08:02:53,0,0,1.92268,0,8.02683,0,22.4161,0
2015-03-28 08:07:53,0,0,1.89006,0,11.1577,0,22.4161,0
2015-03-28 08:12:53,1,0,1.82694,0,10.0961,0,22.4161,0
2015-03-28 08:17:53,0,0,1.78925,0,9.37509,0,22.4161,0
2015-03-28 08:22:53,1,0,1.81201,0,7.11331,0,22.4161,0
2015-03-28 08:27:53,0,0,1.80085,0,8.87135,0,22.4161,0
2015-03-28 08:32:53,0,0,1.84047,0,7.79262,0,22.4161,0
2015-03-28 08:37:53,1,0,1.83412,0,9.87818,0,22.4161,0
2015-03-28 08:42:53,0,0,1.80783,0,8.91759,0,22.4161,0
2015-03-28 08:47:53,0,0,1.83203,0,7.99747,0,22.4161,0
2015-03-28 08:52:53,0,0,1.88197,0,10.95,0,22.4161,0
2015-03-28 08:57:53,0,0,1.89416,0,10.9695,0,22.4161,0
2015-03-28 09:02:53,0,0,1.79064,0,11.1542,0,22.4161,0
2015-03-28 09:07:53,0,0,1.84159,0,11.2249,0,22.4161,0
2015-03-28 09:12:53,0,0,1.83594,0,11.1053,0,22.4161,0
2015-03-28 09:17:53,0,0,1.80975,0,10.8911,0,22.4161,0
2015-03-28 09:22:53,0,0,1.80704,0,11.0064,0,22.4161,0
2015-03-28 09:27:53,0,0,1.89693,0,10.9344,0,22.4161,0
2015-03-28 09:32:53,1,0,1.81371,0,9.94027,0,22.4161,0
2015-03-28 09:37:53,0,0,1.82508,0,9.02871,0,22.4161,0
2015-03-28 09:42:53,0,0,1.78817,0,8.1433,0,22.4161,0
2015-03-28 09:47:53,0,0,1.88409,0,10.8794,0,22.4161,0
2015-03-28 09:52:53,0,0,1.8265,0,10.9357,0,22.4161,0
2015-03-28 09:57:53,0,0,1.83363,0,10.9592,0,22.4161,0
2015-03-28 10:02:53,0,0,1.77599,0,11.1389,0,22.4161,0
2015-03-28 10:07:53,0,0,1.82276,0,10.9228,0,22.4161,0
2015-03-28 10:12:53,0,0,1.81319,0,10.8756,0,22.4161,0
2015-03-28 10:17:53,0,0,1.9864,0,10.7867,0,22.4161,0
2015-03-28 10:22:53,0,0,1.77126,0,11.0811,0,22.4161,0
2015-03-28 10:27:53,0,0,1.81287,0,11.1836,0,22.4161,0
2015-03-28 10:32:53,1,0,1.78263,0,10.3146,0,22.4161,0
2015-03-28 10:37:53,0,0,1.87564,0,8.72213,0,22.4161,0
2015-03-28 10:42:53,0,0,1.76873,0,7.8795,0,22.4161,0
2015-03-28 10:47:53,0,0,1.84242,0,10.8679,0,22.4161,0
2015-03-28 10:52:53,0,0,1.79178,0,11.0068,0,22.4161,0
2015-03-28 10:57:53,0,0,1.75578,0,10.7828,0,22.4161,0
2015-03-28 11:02:53,1,0,1.8531,0,9.86662,0,22.4161,0
2015-03-28 11:07:53,0,0,1.83663,0,8.74001,0,22.4161,0
2015-03-28 11:12:53,0,0,1.91235,0,7.81018,0,22.4161,0
2015-03-28 11:17:53,0,0,1.73096,0,11.1449,0,22.4161,0
2015-03-28 11:22:53,0,0,1.88968,0,11.0655,0,22.4161,0
2015-03-28 11:27:53,1,0,1.75996,0,10.0886,0,22.4161,0
2015-03-28 11:32:53,0,0,1.90712,0,8.7322,0,22.4161,0
2015-03-28 11:37:53,0,0,1.80962,0,8.09607,0,22.4161,0
2015-03-28 11:42:53,1,0,1.84236,0,9.90374,0,22.4161,0
2015-03-28 11:47:53,0,0,1.72873,0,9.18296,0,22.4161,0
2015-03-28 11:52:53,0,0,1.86086,0,7.8423,0,22.4161,0
2015-03-28 11:57:53,0,0,1.86112,0,10.8454,0,22.4161,0
2015-03-28 12:02:53,0,0,1.84848,0,10.769,0,22.4161,0
2015-03-28 12:07:53,0,0,1.78941,0,11.1533,0,22.4161,0
2015-03-28 12:12:53,0,0,1.816,0,11.0697,0,22.4161,0
2015-03-28 12:17:53,0,0,1.84419,0,10.9403,0,22.4161,0
2015-03-28 12:22:53,0,0,1.8972,0,10.8444,0,22.4161,0
2015-03-28 12:27:53,0,0,1.74432,0,11.0336,0,22.4161,0
2015-03-28 12:32:53,1,0,1.95059,0,10.0713,0,22.4161,0
2015-03-28 12:37:53,0,0,1.71248,0,9.13083,0,22.4161,0
2015-03-28 12:42:53,1,0,1.87279,0,6.84661,0,22.4161,0
2015-03-28 12:47:53,0,0,1.90005,0,9.1495,0,22.4161,0
2015-03-28 12:52:53,2,0,1.80234,0,8.34171,0,22.4161,0
2015-03-28 12:57:53,0,0,1.80911,0,9.23379,0,22.4161,0
2015-03-28 13:02:53,0,0,1.94517,0,5.71366,0,22.4161,0
2015-03-28 13:07:53,0,0,1.74772,0,10.9704,0,22.4161,0
2015-03-28 13:12:53,0,0,1.89658,0,11.0654,0,22.4161,0
2015-03-28 13:17:53,1,0,1.77793,0,10.2275,0,22.4161,0
2015-03-28 13:22:53,0,0,1.93149,0,8.81425,0,22.4161,0
2015-03-28 13:27:53,0,0,1.8071,0,8.1771,0,22.4161,0
2015-03-28 13:32:53,0,0,1.92597,0,11.0039,0,22.4161,0
2015-03-28 13:37:53,0,0,1.72722,0,11.3347,0,22.4161,0
2015-03-28 13:42:53,0,0,1.97407,0,11.0005,0,22.4161,0
2015-03-28 13:47:53,0,0,1.70295,0,11.2064,0,22.4161,0
2015-03-28 13:52:53,0,0,1.93463,0,10.8327,0,22.4161,0
2015-03-28 13:57:53,0,0,1.78941,0,11.2627,0,22.4161,0
2015-03-28 14:02:53,1,0,1.78765,0,9.76752,0,22.4161,0
2015-03-28 14:07:53,0,0,1.78882,0,9.17036,0,22.4161,0
2015-03-28 14:12:53,0,0,1.89194,0,7.73235,0,22.4161,0
2015-03-28 14:17:53,0,0,1.81035,0,10.8325,0,22.4161,0
2015-03-28 14:22:53,0,0,1.83505,0,10.9607,0,22.4161,0
2015-03-28 14:27:53,0,0,1.8334,0,11.1316,0,22.4161,0
2015-03-28 14:32:53,2,0,1.87794,0,9.26776,0,22.4161,0
2015-03-28 14:37:53,0,0,1.86048,0,7.71631,0,22.4161,0
2015-03-28 14:42:53,0,0,1.92483,0,6.11617,0,22.4161,0
2015-03-28 14:47:53,1,0,1.83398,0,10.2796,0,22.4161,0
2015-03-28 14:52:53,0,0,1.84987,0,9.26507,0,22.4161,0
2015-03-28 14:57:53,0,0,1.7763,0,8.29232,0,22.4161,0
2015-03-28 15:02:53,0,0,1.91915,0,10.978,0,22.4161,0
2015-03-28 15:07:53,0,0,1.76135,0,11.0214,0,22.4161,0
2015-03-28 15:12:53,0,0,1.93677,0,10.9285,0,22.4161,0
2015-03-28 15:17:53,0,0,1.73197,0,11.2169,0,22.4161,0
2015-03-28 15:22:53,0,0,1.88801,0,10.8896,0,22.4161,0
2015-03-28 15:27:53,0,0,1.74402,0,11.1623,0,22.4161,0
2015-03-28 15:32:53,0,0,1.89276,0,10.7159,0,22.4161,0
2015-03-28 15:37:53,0,0,1.82203,0,11.0448,0,22.4161,0
2015-03-28 15:42:53,0,0,1.83885,0,10.8396,0,22.4161,0
2015-03-28 15:47:53,0,0,1.76185,0,11.1612,0,22.4161,0
2015-03-28 15:52:53,0,0,1.91368,0,10.9056,0,22.4161,0
2015-03-28 15:57:53,0,0,1.77713,0,10.9539,0,22.4161,0
2015-03-28 16:02:53,1,0,1.86362,0,9.89004,0,22.4161,0
2015-03-28 16:07:53,0,0,1.82637,0,9.1589,0,22.4161,0
2015-03-28 16:12:53,1,0,1.85776,0,6.88499,0,22.4161,0
2015-03-28 16:17:53,0,0,1.83254,0,9.10136,0,22.4161,0
2015-03-28 16:22:53,0,0,1.83884,0,8.02717,0,22.4161,0
2015-03-28 16:27:53,1,0,1.80029,0,10.0772,0,22.4161,0
2015-03-28 16:32:53,0,0,1.95091,0,8.97557,0,22.4161,0
2015-03-28 16:37:53,0,0,1.76644,0,8.06799,0,22.4161,0
2015-03-28 16:42:53,0,0,1.93603,0,11.0691,0,22.4161,0
2015-03-28 16:47:53,0,0,1.74388,0,11.3216,0,22.4161,0
2015-03-28 16:52:53,0,0,1.88948,0,10.9153,0,22.4161,0
2015-03-28 16:57:53,0,0,1.7544,0,11.1853,0,22.4161,0
2015-03-28 17:02:53,0,0,1.9765,0,10.765,0,22.4161,0
2015-03-28 17:07:53,2,0,1.67206,0,9.20073,0,22.4161,0
2015-03-28 17:12:53,3,0,1.91425,0,6.63813,0,22.4161,0
2015-03-28 17:17:53,10,0,1.81616,0,10.8121,0,22.4161,0
2015-03-28 17:22:53,7,0,1.91455,0,25.3392,0,22.4161,1
2015-03-28 17:27:53,1,0,1.8718,0,35.5395,0,22.4161,1
2015-03-28 17:32:53,4,0,1.8873,0,19.5088,0,22.4161,0
2015-03-28 17:37:53,1,0,1.82481,0,7.88736,0,22.4161,0
2015-03-28 17:42:53,0,0,1.82671,0,9.98401,0,22.4161,0
2015-03-28 17:47:53,0,0,1.91764,0,8.13822,0,22.4161,0
2015-03-28 17:52:53,0,0,1.8556,0,11.0455,0,22.4161,0
2015-03-28 17:57:53,1,0,1.88871,0,10.171,0,22.4161,0
2015-03-28 18:02:53,1,0,1.84124,0,8.35282,0,22.4161,0
2015-03-28 18:07:53,2,0,1.82909,0,4.50297,0,22.4161,0
2015-03-28 18:12:53,0,0,1.8871,0,4.81273,0,22.4161,0
2015-03-28 18:17:53,0,0,1.81661,0,6.02156,0,22.4161,0
2015-03-28 18:22:53,0,0,1.86015,0,11.0781,0,22.4161,0
2015-03-28 18:27:53,0,0,1.79563,0,11.1547,0,22.4161,0
2015-03-28 18:32:53,0,0,1.78524,0,10.9658,0,22.4161,0
2015-03-28 18:37:53,0,0,1.82584,0,10.957,0,22.4161,0
2015-03-28 18:42:53,0,0,1.83498,0,10.7832,0,22.4161,0
2015-03-28 18:47:53,1,0,1.77134,0,9.8424,0,22.4161,0
2015-03-28 18:52:53,0,0,1.85014,0,8.91884,0,22.4161,0
2015-03-28 18:57:53,0,0,1.8389,0,7.89777,0,22.4161,0
2015-03-28 19:02:53,0,0,1.87812,0,10.8532,0,22.4161,0
2015-03-28 19:07:53,2,0,1.84768,0,9.3501,0,22.4161,0
2015-03-28 19:12:53,0,0,1.88717,0,7.60813,0,22.4161,0
2015-03-28 19:17:53,0,0,1.93181,0,5.94816,0,22.4161,0
2015-03-28 19:22:53,0,0,1.81865,0,11.2492,0,22.4161,0
2015-03-28 19:27:53,0,0,1.80638,0,11.3438,0,22.4161,0
2015-03-28 19:32:53,2,0,1.81873,0,9.62635,0,22.4161,0
2015-03-28 19:37:53,0,0,1.80351,0,7.66193,0,22.4161,0
2015-03-28 19:42:53,0,0,1.80674,0,6.02183,0,22.4161,0
2015-03-28 19:47:53,0,0,1.85828,0,10.87,0,22.4161,0
2015-03-28 19:52:53,0,0,1.76555,0,10.8823,0,22.4161,0
2015-03-28 19:57:53,1,0,1.84459,0,9.90234,0,22.4161,0
2015-03-28 20:02:53,0,0,1.85617,0,8.95053,0,22.4161,0
2015-03-28 20:07:53,0,0,1.8689,0,7.842,0,22.4161,0
2015-03-28 20:12:53,0,0,1.84632,0,11.115,0,22.4161,0
2015-03-28 20:17:53,0,0,1.77559,0,11.1526,0,22.4161,0
2015-03-28 20:22:53,0,0,1.86861,0,11.0749,0,22.4161,0
2015-03-28 20:27:53,0,0,1.81307,0,10.9587,0,22.4161,0
2015-03-28 20:32:53,0,0,1.84367,0,10.8771,0,22.4161,0
2015-03-28 20:37:53,0,0,1.89002,0,11.0756,0,22.4161,0
2015-03-28 20:42:53,0,0,1.82654,0,11.0166,0,22.4161,0
2015-03-28 20:47:53,0,0,1.80916,0,11.1376,0,22.4161,0
2015-03-28 20:52:53,0,0,1.8425,0,11.1323,0,22.4161,0
2015-03-28 20:57:53,0,0,1.81822,0,10.9404,0,22.4161,0
2015-03-28 21:02:53,0,0,1.83135,0,10.9307,0,22.4161,0
2015-03-28 21:07:53,0,0,1.80053,0,10.9953,0,22.4161,0
2015-03-28 21:12:53,1,0,1.77986,0,9.91789,0,22.4161,0
2015-03-28 21:17:53,0,0,1.85508,0,8.87496,0,22.4161,0
2015-03-28 21:22:53,0,0,1.80869,0,7.81639,0,22.4161,0
2015-03-28 21:27:53,0,0,1.93055,0,10.8584,0,22.4161,0
2015-03-28 21:32:53,4,0,1.81945,0,11.2521,0,22.4161,0
2015-03-28 21:37:53,1,0,1.79045,0,10.3844,0,22.4161,0
2015-03-28 21:42:53,5,0,1.87254,0,11.0568,0,22.4161,0
2015-03-28 21:47:53,0,0,1.84751,0,10.75,0,22.4161,0
2015-03-28 21:52:53,0,0,1.79153,0,15.2212,0,22.4161,0
2015-03-28 21:57:53,1,0,1.83885,0,10.1042,0,22.4161,0
2015-03-28 22:02:53,1,0,1.80665,0,7.96444,0,22.4161,0
2015-03-28 22:07:53,0,0,1.77502,0,5.85893,0,22.4161,0
2015-03-28 22:12:53,0,0,1.93302,0,7.90486,0,22.4161,0
2015-03-28 22:17:53,1,0,1.78567,0,9.90301,0,22.4161,0
2015-03-28 22:22:53,1,0,1.86511,0,7.97677,0,22.4161,0
2015-03-28 22:27:53,2,0,1.78387,0,4.50529,0,22.4161,0
2015-03-28 22:32:53,0,0,1.8965,0,4.41065,0,22.4161,0
2015-03-28 22:37:53,0,0,1.83251,0,5.86891,0,22.4161,0
2015-03-28 22:42:53,0,0,1.82666,0,10.9771,0,22.4161,0
2015-03-28 22:47:53,0,0,1.83302,0,11.1812,0,22.4161,0
2015-03-28 22:52:53,2,0,1.79636,0,9.31783,0,22.4161,0
2015-03-28 22:57:53,0,0,1.85373,0,7.61031,0,22.4161,0
2015-03-28 23:02:53,2,0,1.83855,0,4.23993,0,22.4161,0
2015-03-28 23:07:53,0,0,1.8485,0,7.52018,0,22.4161,0
2015-03-28 23:12:53,0,0,1.81407,0,5.96441,0,22.4161,0
2015-03-28 23:17:53,0,0,1.93502,0,11.0267,0,22.4161,0
2015-03-28 23:22:53,0,0,1.74697,0,11.1087,0,22.4161,0
2015-03-28 23:27:53,1,0,1.92595,0,10.0592,0,22.4161,0
2015-03-28 23:32:53,0,0,1.86367,0,9.22496,0,22.4161,0
2015-03-28 23:37:53,0,0,1.85047,0,7.95649,0,22.4161,0
2015-03-28 23:42:53,0,0,1.91736,0,11.3557,0,22.4161,0
2015-03-28 23:47:53,0,0,1.74136,0,11.2093,0,22.4161,0
2015-03-28 23:52:53,1,0,1.77616,0,10.1275,0,22.4161,0
2015-03-28 23:57:53,1,0,1.87823,0,8.01098,0,22.4161,0
2015-03-29 00:02:53,1,0,1.83383,0,4.65463,0,22.4161,0
2015-03-29 00:07:53,0,0,1.83065,0,5.91878,0,22.4161,0
2015-03-29 00:12:53,0,0,1.85601,0,8.133,0,22.4161,0
2015-03-29 00:17:53,2,0,1.75186,0,9.30679,0,22.4161,0
2015-03-29 00:22:53,0,0,1.92902,0,7.53179,0,22.4161,0
2015-03-29 00:27:53,1,0,1.83712,0,4.8647,0,22.4161,0
2015-03-29 00:32:53,0,0,1.89228,0,8.95073,0,22.4161,0
2015-03-29 00:37:53,0,0,1.79285,0,8.35357,0,22.4161,0
2015-03-29 00:42:53,0,0,1.82862,0,11.0888,0,22.4161,0
2015-03-29 00:47:53,0,0,1.86034,0,11.0912,0,22.4161,0
2015-03-29 00:52:53,0,0,1.8927,0,10.8961,0,22.4161,0
2015-03-29 00:57:53,0,0,1.83622,0,11.0992,0,22.4161,0
2015-03-29 01:02:53,0,0,1.88218,0,11.2026,0,22.4161,0
2015-03-29 01:07:53,0,0,1.79281,0,11.2327,0,22.4161,0
2015-03-29 01:12:53,0,0,1.81242,0,11.0658,0,22.4161,0
2015-03-29 01:17:53,0,0,1.82934,0,11.0446,0,22.4161,0
2015-03-29 01:22:53,0,0,1.85758,0,10.8326,0,22.4161,0
2015-03-29 01:27:53,1,0,1.78252,0,9.95352,0,22.4161,0
2015-03-29 01:32:53,1,0,1.81573,0,7.98571,0,22.4161,0
2015-03-29 01:37:53,1,0,1.80481,0,4.95353,0,22.4161,0
2015-03-29 01:42:53,1,0,1.97109,0,4.78385,0,22.4161,0
2015-03-29 01:47:53,0,1,1.76367,0,6.02791,0,22.4161,0
2015-03-29 01:52:53,0,1,1.97811,0,8.12028,0,22.4161,0
2015-03-29 01:57:53,0,1,1.71777,0,11.4187,0,22.4161,0
2015-03-29 02:02:53,0,1,1.89102,0,10.965,0,22.4161,0
2015-03-29 02:07:53,0,1,1.79099,0,11.2609,0,22.4161,0
2015-03-29 02:12:53,1,1,1.94811,0,9.72632,0,22.4161,0
2015-03-29 02:17:53,2,1,1.70813,0,7.30692,0,22.4161,0
2015-03-29 02:22:53,2,1,1.91787,0,2.76861,0,22.4161,0
2015-03-29 02:27:53,0,1,1.7883,0,2.65728,0,22.4161,0
2015-03-29 02:32:53,1,1,1.87749,0,5.77876,0,22.4161,0
2015-03-29 02:37:53,0,1,1.82048,0,9.14752,0,22.4161,0
2015-03-29 02:42:53,0,1,1.82871,0,7.94036,0,22.4161,0
2015-03-29 02:47:53,0,1,1.82665,0,11.1022,0,22.4161,0
2015-03-29 02:52:53,0,1,1.82989,0,10.9455,0,22.4161,0
2015-03-29 02:57:53,0,1,1.82561,0,10.9693,0,22.4161,0
2015-03-29 03:02:53,0,1,1.89101,0,10.9653,0,22.4161,0
2015-03-29 03:07:53,0,1,1.78528,0,11.0319,0,22.4161,0
2015-03-29 03:12:53,2,1,1.90624,0,9.47356,0,22.4161,0
2015-03-29 03:17:53,0,1,1.80416,0,8.00872,0,22.4161,0
2015-03-29 03:22:53,0,1,1.9254,0,6.55261,0,22.4161,0
2015-03-29 03:27:53,0,1,1.79316,0,11.3212,0,22.4161,0
2015-03-29 03:32:53,0,1,1.86527,0,11.0564,0,22.4161,0
2015-03-29 03:37:53,1,1,1.80897,0,10.2278,0,22.4161,0
2015-03-29 03:42:53,1,1,1.87542,0,7.91899,0,22.4161,0
2015-03-29 03:47:53,0,1,1.77037,0,6.08916,0,22.4161,0
2015-03-29 03:52:53,0,1,1.85581,0,7.94811,0,22.4161,0
2015-03-29 03:57:53,0,1,1.82106,0,11.0228,0,22.4161,0
2015-03-29 04:02:53,0,1,1.83598,0,10.8438,0,22.4161,0
2015-03-29 04:07:53,0,1,1.86873,0,11.0455,0,22.4161,0
2015-03-29 04:12:53,0,1,1.86441,0,11.0039,0,22.4161,0
2015-03-29 04:17:53,0,1,1.91056,0,11.1098,0,22.4161,0
2015-03-29 04:22:53,0,1,1.81538,0,11.2456,0,22.4161,0
2015-03-29 04:27:53,0,1,1.85682,0,11.2297,0,22.4161,0
2015-03-29 04:32:53,0,1,1.77924,0,11.2193,0,22.4161,0
2015-03-29 04:37:53,0,1,1.81906,0,10.939,0,22.4161,0
2015-03-29 04:42:53,1,1,1.79769,0,9.94801,0,22.4161,0
2015-03-29 04:47:53,1,1,1.86524,0,7.77353,0,22.4161,0
2015-03-29 04:52:53,0,1,1.76624,0,5.91781,0,22.4161,0
2015-03-29 04:57:53,0,1,1.93507,0,7.88979,0,22.4161,0
2015-03-29 05:02:53,0,1,1.76034,0,11.0633,0,22.4161,0
2015-03-29 05:07:53,0,1,1.87441,0,10.9292,0,22.4161,0
2015-03-29 05:12:53,0,1,1.86849,0,11.2003,0,22.4161,0
2015-03-29 05:17:53,2,1,1.80623,0,9.16135,0,22.4161,0
2015-03-29 05:22:53,0,1,1.88964,0,7.69248,0,22.4161,0
2015-03-29 05:27:53,0,1,1.83882,0,5.89664,0,22.4161,0
2015-03-29 05:32:53,0,1,1.81353,0,11.0368,0,22.4161,0
2015-03-29 05:37:53,0,1,1.91192,0,11.1601,0,22.4161,0
2015-03-29 05:42:53,0,1,1.84967,0,11.0554,0,22.4161,0
2015-03-29 05:47:53,1,1,1.83324,0,10.1141,0,22.4161,0
2015-03-29 05:52:53,1,1,1.85763,0,8.26833,0,22.4161,0
2015-03-29 05:57:53,0,1,1.83397,0,6.0731,0,22.4161,0
2015-03-29 06:02:53,0,1,1.83386,0,8.04893,0,22.4161,0
2015-03-29 06:07:53,0,1,1.7992,0,11.0747,0,22.4161,0
2015-03-29 06:12:53,0,1,1.75834,0,10.9688,0,22.4161,0
2015-03-29 06:17:53,0,1,1.84052,0,10.8583,0,22.4161,0
2015-03-29 06:22:53,1,1,1.89024,0,9.7548,0,22.4161,0
2015-03-29 06:27:53,0,1,1.86311,0,8.8463,0,22.4161,0
2015-03-29 06:32:53,0,1,1.8987,0,8.16513,0,22.4161,0
2015-03-29 06:37:53,1,1,1.75464,0,10.2956,0,22.4161,0
2015-03-29 06:42:53,1,1,1.91271,0,8.14135,0,22.4161,0
2015-03-29 06:47:53,0,1,1.79182,0,6.11808,0,22.4161,0
2015-03-29 06:52:53,0,1,1.90145,0,7.88113,0,22.4161,0
2015-03-29 06:57:53,0,1,1.78601,0,11.2232,0,22.4161,0
2015-03-29 07:02:53,1,1,1.85759,0,9.96436,0,22.4161,0
2015-03-29 07:07:53,0,1,1.72294,0,9.13397,0,22.4161,0
2015-03-29 07:12:53,0,1,1.9362,0,7.79614,0,22.4161,0
2015-03-29 07:17:53,0,1,1.81028,0,10.9548,0,22.4161,0
2015-03-29 07:22:53,0,1,1.92512,0,10.8515,0,22.4161,0
2015-03-29 07:27:53,1,1,1.71673,0,10.3543,0,22.4161,0
2015-03-29 07:32:53,0,1,1.89775,0,8.99783,0,22.4161,0
2015-03-29 07:37:53,0,1,1.77166,0,8.10657,0,22.4161,0
2015-03-29 07:42:53,0,1,1.931,0,10.7173,0,22.4161,0
2015-03-29 07:47:53,0,1,1.80905,0,11.1676,0,22.4161,0
2015-03-29 07:52:53,0,1,1.86965,0,10.986,0,22.4161,0
2015-03-29 07:57:53,0,1,1.73636,0,11.2808,0,22.4161,0
2015-03-29 08:02:53,0,1,1.86487,0,10.9028,0,22.4161,0
2015-03-29 08:07:53,0,1,1.90529,0,10.9465,0,22.4161,0
2015-03-29 08:12:53,0,1,1.72629,0,10.8441,0,22.4161,0
2015-03-29 08:17:53,0,1,1.86347,0,11.1315,0,22.4161,0
2015-03-29 08:22:53,1,1,1.8392,0,10.0319,0,22.4161,0
2015-03-29 08:27:53,1,1,1.83557,0,7.74503,0,22.4161,0
2015-03-29 08:32:53,0,1,1.84719,0,6.10439,0,22.4161,0
2015-03-29 08:37:53,0,1,1.94124,0,8.03594,0,22.4161,0
2015-03-29 08:42:53,0,1,1.76893,0,11.1423,0,22.4161,0
2015-03-29 08:47:53,0,1,1.82978,0,11.193,0,22.4161,0
2015-03-29 08:52:53,1,1,1.82915,0,10.1914,0,22.4161,0
2015-03-29 08:57:53,0,1,1.90579,0,8.79549,0,22.4161,0
2015-03-29 09:02:53,1,1,1.83908,0,7.05342,0,22.4161,0
2015-03-29 09:07:53,0,1,1.86185,0,9.13811,0,22.4161,0
2015-03-29 09:12:53,0,1,1.83288,0,8.25738,0,22.4161,0
2015-03-29 09:17:53,1,1,1.77967,0,10.0738,0,22.4161,0
2015-03-29 09:22:53,0,1,1.85241,0,9.03099,0,22.4161,0
2015-03-29 09:27:53,0,1,1.99221,0,7.9104,0,22.4161,0
2015-03-29 09:32:53,0,1,1.78505,0,11.036,0,22.4161,0
2015-03-29 09:37:53,0,1,1.74721,0,11.3267,0,22.4161,0
2015-03-29 09:42:53,0,1,1.8757,0,11.2939,0,22.4161,0
2015-03-29 09:47:53,0,1,1.79907,0,10.7253,0,22.4161,0
2015-03-29 09:52:53,0,1,1.8229,0,10.7921,0,22.4161,0
2015-03-29 09:57:53,0,1,1.92254,0,11.0481,0,22.4161,0
2015-03-29 10:02:53,0,1,1.78656,0,10.9655,0,22.4161,0
2015-03-29 10:07:53,0,1,1.83154,0,11.1003,0,22.4161,0
2015-03-29 10:12:53,0,1,1.80701,0,11.1723,0,22.4161,0
2015-03-29 10:17:53,0,1,1.83268,0,10.8298,0,22.4161,0
2015-03-29 10:22:53,1,1,1.90572,0,9.94133,0,22.4161,0
2015-03-29 10:27:53,0,1,1.80359,0,8.99211,0,22.4161,0
2015-03-29 10:32:53,0,1,1.85381,0,8.11305,0,22.4161,0
2015-03-29 10:37:53,1,1,1.77047,0,10.1781,0,22.4161,0
2015-03-29 10:42:53,0,1,1.81301,0,8.88885,0,22.4161,0
2015-03-29 10:47:53,0,1,1.93456,0,7.91539,0,22.4161,0
2015-03-29 10:52:53,0,1,1.88884,0,10.872,0,22.4161,0
2015-03-29 10:57:53,0,1,1.72451,0,11.197,0,22.4161,0
2015-03-29 11:02:53,0,1,1.91054,0,11.3059,0,22.4161,0
2015-03-29 11:07:53,0,1,1.79283,0,11.0261,0,22.4161,0
2015-03-29 11:12:53,0,1,1.89107,0,10.7875,0,22.4161,0
2015-03-29 11:17:53,0,1,1.83133,0,11.2084,0,22.4161,0
2015-03-29 11:22:53,0,1,1.76659,0,10.992,0,22.4161,0
2015-03-29 11:27:53,1,1,1.81497,0,10.1025,0,22.4161,0
2015-03-29 11:32:53,0,1,1.83726,0,8.84215,0,22.4161,0
2015-03-29 11:37:53,0,1,1.83907,0,7.76698,0,22.4161,0
2015-03-29 11:42:53,1,1,1.90196,0,9.9585,0,22.4161,0
2015-03-29 11:47:53,0,1,1.77213,0,9.09189,0,22.4161,0
2015-03-29 11:52:53,0,1,1.8274,0,8.09328,0,22.4161,0
2015-03-29 11:57:53,0,1,1.87579,0,11.0775,0,22.4161,0
2015-03-29 12:02:53,0,1,1.77113,0,10.847,0,22.4161,0
2015-03-29 12:07:53,0,1,1.94804,0,11.0049,0,22.4161,0
2015-03-29 12:12:53,0,1,1.77266,0,11.1177,0,22.4161,0
2015-03-29 12:17:53,0,1,1.8326,0,10.9821,0,22.4161,0
2015-03-29 12:22:53,0,1,1.92818,0,11.222,0,22.4161,0
2015-03-29 12:27:53,1,1,1.74883,0,9.91136,0,22.4161,0
2015-03-29 12:32:53,0,1,1.9518,0,9.10299,0,22.4161,0
2015-03-29 12:37:53,0,1,1.85893,0,8.23401,0,22.4161,0
2015-03-29 12:42:53,1,1,1.76912,0,10.009,0,22.4161,0
2015-03-29 12:47:53,0,1,1.83767,0,9.34239,0,22.4161,0
2015-03-29 12:52:53,1,1,1.79984,0,6.9527,0,22.4161,0
2015-03-29 12:57:53,0,1,1.81464,0,8.78255,0,22.4161,0
2015-03-29 13:02:53,1,1,1.91771,0,6.92735,0,22.4161,0
2015-03-29 13:07:53,0,1,1.79142,0,8.94651,0,22.4161,0
2015-03-29 13:12:53,0,1,1.90139,0,8.07074,0,22.4161,0
2015-03-29 13:17:53,1,1,1.76854,0,10.2373,0,22.4161,0
2015-03-29 13:22:53,0,1,1.91647,0,8.94557,0,22.4161,0
2015-03-29 13:27:53,1,1,1.9057,0,7.15771,0,22.4161,0
2015-03-29 13:32:53,1,1,1.89086,0,8.04425,0,22.4161,0
2015-03-29 13:37:53,0,1,1.74124,0,6.45168,0,22.4161,0
2015-03-29 13:42:53,0,1,1.99024,0,8.24007,0,22.4161,0
2015-03-29 13:47:53,0,1,1.75859,0,11.1453,0,22.4161,0
2015-03-29 13:52:53,0,1,1.80235,0,10.9628,0,22.4161,0
2015-03-29 13:57:53,0,1,1.89524,0,11.2903,0,22.4161,0
2015-03-29 14:02:53,0,1,1.77978,0,10.7757,0,22.4161,0
2015-03-29 14:07:53,0,1,1.87579,0,10.9773,0,22.4161,0
2015-03-29 14:12:53,0,1,1.81215,0,11.1211,0,22.4161,0
2015-03-29 14:17:53,0,1,1.8061,0,10.9031,0,22.4161,0
2015-03-29 14:22:53,1,1,1.85095,0,10.0578,0,22.4161,0
2015-03-29 14:27:53,2,1,1.86303,0,7.1977,0,22.4161,0
2015-03-29 14:32:53,2,1,1.91135,0,2.85336,0,22.4161,0
2015-03-29 14:37:53,0,1,1.86981,0,2.63243,0,22.4161,0
2015-03-29 14:42:53,1,1,1.84074,0,5.10342,0,22.4161,0
2015-03-29 14:47:53,0,1,1.90354,0,9.31442,0,22.4161,0
2015-03-29 14:52:53,0,1,1.80969,0,8.19446,0,22.4161,0
2015-03-29 14:57:53,0,1,1.84738,0,11.139,0,22.4161,0
2015-03-29 15:02:53,1,1,1.91429,0,10.1774,0,22.4161,0
2015-03-29 15:07:53,1,1,1.83085,0,8.03812,0,22.4161,0
2015-03-29 15:12:53,0,1,1.88835,0,6.20155,0,22.4161,0
2015-03-29 15:17:53,1,1,1.85506,0,7.2929,0,22.4161,0
2015-03-29 15:22:53,0,1,1.82436,0,9.12429,0,22.4161,0
2015-03-29 15:27:53,0,1,1.84964,0,8.19952,0,22.4161,0
2015-03-29 15:32:53,0,1,1.92169,0,11.0635,0,22.4161,0
2015-03-29 15:37:53,0,1,1.77819,0,11.094,0,22.4161,0
2015-03-29 15:42:53,0,1,1.82647,0,11.1705,0,22.4161,0
2015-03-29 15:47:53,0,1,1.83347,0,11.1479,0,22.4161,0
2015-03-29 15:52:53,0,1,1.84032,0,10.821,0,22.4161,0
2015-03-29 15:57:53,0,1,1.80127,0,10.9867,0,22.4161,0
2015-03-29 16:02:53,0,1,1.8112,0,10.9823,0,22.4161,0
2015-03-29 16:07:53,0,1,1.89563,0,10.9347,0,22.4161,0
2015-03-29 16:12:53,0,1,1.83222,0,10.9219,0,22.4161,0
2015-03-29 16:17:53,1,1,1.82534,0,10.0571,0,22.4161,0
2015-03-29 16:22:53,0,1,1.92034,0,9.17668,0,22.4161,0
2015-03-29 16:27:53,1,1,1.85384,0,7.06768,0,22.4161,0
2015-03-29 16:32:53,0,1,1.84114,0,9.17054,0,22.4161,0
2015-03-29 16:37:53,1,1,1.8735,0,7.30984,0,22.4161,0
2015-03-29 16:42:53,1,1,1.7886,0,8.1173,0,22.4161,0
2015-03-29 16:47:53,0,1,1.87161,0,6.05901,0,22.4161,0
2015-03-29 16:52:53,0,1,1.85163,0,8.06931,0,22.4161,0
2015-03-29 16:57:53,0,1,1.85587,0,10.9607,0,22.4161,0
2015-03-29 17:02:53,0,1,1.82346,0,11.174,0,22.4161,0
2015-03-29 17:07:53,0,1,1.85791,0,11.0901,0,22.4161,0
2015-03-29 17:12:53,1,1,1.8678,0,10.0724,0,22.4161,0
2015-03-29 17:17:53,1,1,1.84481,0,8.05399,0,22.4161,0
2015-03-29 17:22:53,0,1,1.85482,0,6.15413,0,22.4161,0
2015-03-29 17:27:53,0,1,1.80821,0,8.14784,0,22.4161,0
2015-03-29 17:32:53,1,1,1.85924,0,10.0523,0,22.4161,0
2015-03-29 17:37:53,0,1,1.78452,0,9.04012,0,22.4161,0
2015-03-29 17:42:53,0,1,1.91356,0,7.92762,0,22.4161,0
2015-03-29 17:47:53,0,1,1.84179,0,11.0603,0,22.4161,0
2015-03-29 17:52:53,0,1,1.83276,0,11.0225,0,22.4161,0
2015-03-29 17:57:53,0,1,1.82805,0,11.257,0,22.4161,0
2015-03-29 18:02:53,0,1,1.83308,0,11.0189,0,22.4161,0
2015-03-29 18:07:53,1,1,1.81234,0,9.98746,0,22.4161,0
2015-03-29 18:12:53,1,1,1.90938,0,7.96265,0,22.4161,0
2015-03-29 18:17:53,0,1,1.79895,0,6.03332,0,22.4161,0
2015-03-29 18:22:53,0,1,1.89843,0,8.05474,0,22.4161,0
2015-03-29 18:27:53,0,1,1.79969,0,11.2245,0,22.4161,0
2015-03-29 18:32:53,0,1,1.84718,0,10.9934,0,22.4161,0
2015-03-29 18:37:53,0,1,1.8998,0,11.1419,0,22.4161,0
2015-03-29 18:42:53,0,1,1.87565,0,10.9932,0,22.4161,0
2015-03-29 18:47:53,0,1,1.7481,0,11.2168,0,22.4161,0
2015-03-29 18:52:53,0,1,1.87156,0,11.1988,0,22.4161,0
2015-03-29 18:57:53,0,1,1.772,0,10.9947,0,22.4161,0
2015-03-29 19:02:53,0,1,1.81387,0,10.7594,0,22.4161,0
2015-03-29 19:07:53,0,1,1.8259,0,10.9725,0,22.4161,0
2015-03-29 19:12:53,0,1,1.89279,0,10.7696,0,22.4161,0
2015-03-29 19:17:53,1,1,1.81812,0,9.98618,0,22.4161,0
2015-03-29 19:22:53,1,1,1.78754,0,8.08138,0,22.4161,0
2015-03-29 19:27:53,0,1,1.90082,0,6.10214,0,22.4161,0
2015-03-29 19:32:53,0,1,1.81975,0,7.93027,0,22.4161,0
2015-03-29 19:37:53,0,1,1.82105,0,10.984,0,22.4161,0
2015-03-29 19:42:53,0,1,1.79301,0,11.163,0,22.4161,0
2015-03-29 19:47:53,0,1,1.88422,0,10.8944,0,22.4161,0
2015-03-29 19:52:53,0,1,1.75538,0,10.9334,0,22.4161,0
2015-03-29 19:57:53,0,1,1.96403,0,10.9028,0,22.4161,0
2015-03-29 20:02:53,0,1,1.80831,0,11.1274,0,22.4161,0
2015-03-29 20:07:53,1,1,1.86484,0,10.0025,0,22.4161,0
2015-03-29 20:12:53,1,1,1.81576,0,8.37354,0,22.4161,0
2015-03-29 20:17:53,0,1,1.8472,0,5.97037,0,22.4161,0
2015-03-29 20:22:53,1,1,1.88773,0,7.07323,0,22.4161,0
2015-03-29 20:27:53,1,1,1.84569,0,8.02941,0,22.4161,0
2015-03-29 20:32:53,0,1,1.76968,0,6.16274,0,22.4161,0
2015-03-29 20:37:53,1,1,1.94803,0,7.12425,0,22.4161,0
2015-03-29 20:42:53,0,1,1.78441,0,9.02445,0,22.4161,0
2015-03-29 20:47:53,0,1,1.88623,0,7.98952,0,22.4161,0
2015-03-29 20:52:53,0,1,1.87882,0,11.2992,0,22.4161,0
2015-03-29 20:57:53,0,1,1.85378,0,11.0045,0,22.4161,0
2015-03-29 21:02:53,0,1,1.79686,0,11.2701,0,22.4161,0
2015-03-29 21:07:53,1,1,1.87045,0,10.1409,0,22.4161,0
2015-03-29 21:12:53,0,1,1.82704,0,9.0255,0,22.4161,0
2015-03-29 21:17:53,0,1,1.90772,0,7.95851,0,22.4161,0
2015-03-29 21:22:53,1,1,1.83332,0,10.1731,0,22.4161,0
2015-03-29 21:27:53,0,1,1.84122,0,9.12988,0,22.4161,0
2015-03-29 21:32:53,0,1,1.79729,0,8.23105,0,22.4161,0
2015-03-29 21:37:53,0,1,1.83045,0,10.9797,0,22.4161,0
2015-03-29 21:42:53,1,1,1.85245,0,9.9487,0,22.4161,0
2015-03-29 21:47:53,0,1,1.80481,0,8.90521,0,22.4161,0
2015-03-29 21:52:53,0,1,1.85093,0,8.00105,0,22.4161,0
2015-03-29 21:57:53,0,1,1.83708,0,11.0179,0,22.4161,0
2015-03-29 22:02:53,0,1,1.8063,0,10.9534,0,22.4161,0
2015-03-29 22:07:53,0,1,1.87742,0,11.0333,0,22.4161,0
2015-03-29 22:12:53,1,1,1.91699,0,10.0013,0,22.4161,0
2015-03-29 22:17:53,0,1,1.78519,0,9.09075,0,22.4161,0
2015-03-29 22:22:53,0,1,1.97594,0,8.25144,0,22.4161,0
2015-03-29 22:27:53,0,1,1.77279,0,11.2973,0,22.4161,0
2015-03-29 22:32:53,1,1,1.80948,0,10.0802,0,22.4161,0
2015-03-29 22:37:53,0,1,1.85038,0,9.28288,0,22.4161,0
2015-03-29 22:42:53,1,1,1.86029,0,6.78772,0,22.4161,0
2015-03-29 22:47:53,0,1,1.80304,0,8.9895,0,22.4161,0
2015-03-29 22:52:53,0,1,1.8939,0,8.07478,0,22.4161,0
2015-03-29 22:57:53,0,1,1.72881,0,11.0809,0,22.4161,0
2015-03-29 23:02:53,0,1,1.92477,0,10.9257,0,22.4161,0
2015-03-29 23:07:53,0,1,1.80345,0,11.0641,0,22.4161,0
2015-03-29 23:12:53,0,1,1.88838,0,10.8394,0,22.4161,0
2015-03-29 23:17:53,1,1,1.81249,0,10.2696,0,22.4161,0
2015-03-29 23:22:53,0,1,1.88899,0,8.99961,0,22.4161,0
2015-03-29 23:27:53,0,1,1.86208,0,8.17914,0,22.4161,0
2015-03-29 23:32:53,0,1,1.88567,0,11.0776,0,22.4161,0
2015-03-29 23:37:53,0,1,1.77198,0,11.2768,0,22.4161,0
2015-03-29 23:42:53,0,1,1.84356,0,11.1296,0,22.4161,0
2015-03-29 23:47:53,0,1,1.88104,0,11.0445,0,22.4161,0
2015-03-29 23:52:53,0,1,1.78302,0,10.8841,0,22.4161,0
2015-03-29 23:57:53,0,1,1.87323,0,11.0758,0,22.4161,0
2015-03-30 00:02:53,1,1,1.73747,0,10.0824,0,22.4161,0
2015-03-30 00:07:53,0,1,1.87428,0,8.833,0,22.4161,0
2015-03-30 00:12:53,0,1,1.8396,0,7.9689,0,22.4161,0
2015-03-30 00:17:53,0,1,1.88739,0,10.8006,0,22.4161,0
2015-03-30 00:22:53,0,1,1.79961,0,11.1894,0,22.4161,0
2015-03-30 00:27:53,0,1,1.84776,0,11.0932,0,22.4161,0
2015-03-30 00:32:53,0,1,1.87582,0,11.1092,0,22.4161,0
2015-03-30 00:37:53,0,1,1.85266,0,10.9702,0,22.4161,0
2015-03-30 00:42:53,0,1,1.81785,0,11.1476,0,22.4161,0
2015-03-30 00:47:53,0,1,1.84811,0,11.1506,0,22.4161,0
2015-03-30 00:52:53,0,1,1.78423,0,11.0418,0,22.4161,0
2015-03-30 00:57:53,0,1,1.75917,0,10.934,0,22.4161,0
2015-03-30 01:02:53,0,1,1.90842,0,10.872,0,22.4161,0
2015-03-30 01:07:53,0,1,1.78472,0,10.7794,0,22.4161,0
2015-03-30 01:12:53,0,1,1.78927,0,10.8791,0,22.4161,0
2015-03-30 01:17:53,0,1,1.89361,0,11.084,0,22.4161,0
2015-03-30 01:22:53,0,1,1.79816,0,10.8263,0,22.4161,0
2015-03-30 01:27:53,1,1,1.7686,0,9.9532,0,22.4161,0
2015-03-30 01:32:53,0,1,1.96682,0,9.04577,0,22.4161,0
2015-03-30 01:37:53,0,1,1.72992,0,7.89851,0,22.4161,0
2015-03-30 01:42:53,0,1,1.85875,0,10.9694,0,22.4161,0
2015-03-30 01:47:53,0,1,1.82088,0,11.2191,0,22.4161,0
2015-03-30 01:52:53,0,1,1.88325,0,10.7281,0,22.4161,0
2015-03-30 01:57:53,0,1,1.78434,0,11.1013,0,22.4161,0
2015-03-30 02:02:53,0,1,1.93234,0,11.0135,0,22.4161,0
2015-03-30 02:07:53,0,1,1.76591,0,11.1508,0,22.4161,0
2015-03-30 02:12:53,0,1,1.82012,0,10.9836,0,22.4161,0
2015-03-30 02:17:53,0,1,1.779,0,11.149,0,22.4161,0
2015-03-30 02:22:53,0,1,1.90123,0,10.717,0,22.4161,0
2015-03-30 02:27:53,0,1,1.74353,0,10.9196,0,22.4161,0
2015-03-30 02:32:53,0,1,1.83831,0,10.883,0,22.4161,0
2015-03-30 02:37:53,0,1,1.79109,0,11.029,0,22.4161,0
2015-03-30 02:42:53,0,1,1.89793,0,10.6983,0,22.4161,0
2015-03-30 02:47:53,0,1,1.719,0,10.995,0,22.4161,0
2015-03-30 02:52:53,0,1,1.95469,0,10.8881,0,22.4161,0
2015-03-30 02:57:53,1,1,1.69674,0,10.0865,0,22.4161,0
2015-03-30 03:02:53,0,1,1.88891,0,8.76313,0,22.4161,0
2015-03-30 03:07:53,0,1,1.7878,0,8.14647,0,22.4161,0
2015-03-30 03:12:53,0,1,1.91686,0,10.6559,0,22.4161,0
2015-03-30 03:17:53,0,1,1.68374,0,11.1592,0,22.4161,0
2015-03-30 03:22:53,0,1,1.93076,0,10.8809,0,22.4161,0
2015-03-30 03:27:53,0,1,1.9145,0,11.0488,0,22.4161,0
2015-03-30 03:32:53,0,1,1.74274,0,10.8272,0,22.4161,0
2015-03-30 03:37:53,0,1,1.85134,0,11.364,0,22.4161,0
2015-03-30 03:42:53,0,1,1.79848,0,11.0803,0,22.4161,0
2015-03-30 03:47:53,0,1,1.82813,0,10.7294,0,22.4161,0
2015-03-30 03:52:53,1,1,1.74181,0,9.9791,0,22.4161,0
2015-03-30 03:57:53,0,1,1.90647,0,8.7935,0,22.4161,0
2015-03-30 04:02:53,2,1,1.78083,0,6.06153,0,22.4161,0
2015-03-30 04:07:53,1,1,1.86541,0,6.19331,0,22.4161,0
2015-03-30 04:12:53,0,1,1.91231,0,3.70766,0,22.4161,0
2015-03-30 04:17:53,1,1,1.83091,0,6.98561,0,22.4161,0
2015-03-30 04:22:53,1,1,1.84147,0,8.25176,0,22.4161,0
2015-03-30 04:27:53,0,1,1.81922,0,6.24023,0,22.4161,0
2015-03-30 04:32:53,0,1,1.9638,0,7.99489,0,22.4161,0
2015-03-30 04:37:53,1,1,1.77544,0,10.1266,0,22.4161,0
2015-03-30 04:42:53,0,1,1.94617,0,9.16068,0,22.4161,0
2015-03-30 04:47:53,0,1,1.79406,0,8.38844,0,22.4161,0
2015-03-30 04:52:53,0,1,1.90779,0,11.0127,0,22.4161,0
2015-03-30 04:57:53,0,1,1.84594,0,11.3344,0,22.4161,0
2015-03-30 05:02:53,0,1,1.80771,0,11.0437,0,22.4161,0
2015-03-30 05:07:53,0,1,1.87161,0,11.223,0,22.4161,0
2015-03-30 05:12:53,0,1,1.79883,0,11.0249,0,22.4161,0
2015-03-30 05:17:53,0,1,1.77916,0,10.9652,0,22.4161,0
2015-03-30 05:22:53,0,1,1.83317,0,10.9917,0,22.4161,0
2015-03-30 05:27:53,0,1,1.82174,0,10.788,0,22.4161,0
2015-03-30 05:32:53,0,1,1.7408,0,10.8256,0,22.4161,0
2015-03-30 05:37:53,0,1,1.94705,0,10.8838,0,22.4161,0
2015-03-30 05:42:53,0,1,1.7513,0,10.8939,0,22.4161,0
2015-03-30 05:47:53,1,1,1.91505,0,9.8678,0,22.4161,0
2015-03-30 05:52:53,0,1,1.81081,0,9.25881,0,22.4161,0
2015-03-30 05:57:53,0,1,1.89167,0,7.89481,0,22.4161,0
2015-03-30 06:02:53,0,1,1.87764,0,11.2584,0,22.4161,0
2015-03-30 06:07:53,0,1,1.86763,0,11.0934,0,22.4161,0
2015-03-30 06:12:53,0,1,1.71971,0,11.2979,0,22.4161,0
2015-03-30 06:17:53,0,1,1.95854,0,11.0879,0,22.4161,0
2015-03-30 06:22:53,0,1,1.79107,0,11.0008,0,22.4161,0
2015-03-30 06:27:53,0,1,1.81758,0,10.8673,0,22.4161,0
2015-03-30 06:32:53,0,1,1.80852,0,11.2754,0,22.4161,0
2015-03-30 06:37:53,0,1,1.83637,0,10.8169,0,22.4161,0
2015-03-30 06:42:53,0,1,1.79722,0,10.9062,0,22.4161,0
2015-03-30 06:47:53,0,1,1.83389,0,10.8955,0,22.4161,0
2015-03-30 06:52:53,0,1,1.84699,0,10.9374,0,22.4161,0
2015-03-30 06:57:53,0,1,1.77394,0,10.9064,0,22.4161,0
2015-03-30 07:02:53,0,1,1.82117,0,10.9696,0,22.4161,0
2015-03-30 07:07:53,0,1,1.91363,0,10.91,0,22.4161,0
2015-03-30 07:12:53,0,1,1.78691,0,10.8778,0,22.4161,0
2015-03-30 07:17:53,0,1,1.80873,0,11.0777,0,22.4161,0
2015-03-30 07:22:53,0,1,1.88623,0,11.1234,0,22.4161,0
2015-03-30 07:27:53,0,1,1.84411,0,10.8644,0,22.4161,0
2015-03-30 07:32:53,0,1,1.80907,0,11.0428,0,22.4161,0
2015-03-30 07:37:53,1,1,1.83172,0,10.156,0,22.4161,0
2015-03-30 07:42:53,0,1,1.85928,0,8.98218,0,22.4161,0
2015-03-30 07:47:53,0,1,1.86303,0,7.94993,0,22.4161,0
2015-03-30 07:52:53,0,1,1.79023,0,11.0768,0,22.4161,0
2015-03-30 07:57:53,0,1,1.79514,0,11.0941,0,22.4161,0
2015-03-30 08:02:53,0,1,1.87499,0,10.9647,0,22.4161,0
2015-03-30 08:07:53,1,1,1.7642,0,9.83596,0,22.4161,0
2015-03-30 08:12:53,0,1,1.92613,0,8.8996,0,22.4161,0
2015-03-30 08:17:53,0,1,1.84037,0,8.0795,0,22.4161,0
2015-03-30 08:22:53,0,1,1.76745,0,10.9852,0,22.4161,0
2015-03-30 08:27:53,0,1,1.85241,0,11.2266,0,22.4161,0
2015-03-30 08:32:53,0,1,1.84193,0,10.9084,0,22.4161,0
2015-03-30 08:37:53,0,1,1.78874,0,10.8491,0,22.4161,0
2015-03-30 08:42:53,0,1,1.8312,0,11.0298,0,22.4161,0
2015-03-30 08:47:53,0,1,1.88473,0,10.9345,0,22.4161,0
2015-03-30 08:52:53,0,1,1.6952,0,10.9133,0,22.4161,0
2015-03-30 08:57:53,0,1,1.88325,0,10.9583,0,22.4161,0
2015-03-30 09:02:53,0,1,1.75996,0,10.9279,0,22.4161,0
2015-03-30 09:07:53,0,1,1.886,0,10.6121,0,22.4161,0
2015-03-30 09:12:53,0,1,1.77173,0,11.0557,0,22.4161,0
2015-03-30 09:17:53,0,1,1.86438,0,10.8236,0,22.4161,0
2015-03-30 09:22:53,0,1,1.74554,0,11.0658,0,22.4161,0
2015-03-30 09:27:53,0,1,1.85913,0,10.7895,0,22.4161,0
2015-03-30 09:32:53,0,1,1.8273,0,10.9433,0,22.4161,0
2015-03-30 09:37:53,0,1,1.8634,0,10.7822,0,22.4161,0
2015-03-30 09:42:53,0,1,1.76703,0,11.0954,0,22.4161,0
2015-03-30 09:47:53,0,1,1.80747,0,10.9757,0,22.4161,0
2015-03-30 09:52:53,0,1,1.85474,0,10.9317,0,22.4161,0
2015-03-30 09:57:53,0,1,1.86106,0,10.7708,0,22.4161,0
2015-03-30 10:02:53,1,1,1.80065,0,9.99296,0,22.4161,0
2015-03-30 10:07:53,0,1,1.90095,0,9.08699,0,22.4161,0
2015-03-30 10:12:53,0,1,1.78708,0,8.08542,0,22.4161,0
2015-03-30 10:17:53,0,1,1.86235,0,10.9909,0,22.4161,0
2015-03-30 10:22:53,0,1,1.75704,0,11.1394,0,22.4161,0
2015-03-30 10:27:53,1,1,1.85838,0,9.843,0,22.4161,0
2015-03-30 10:32:53,3,1,1.82764,0,8.24278,0,22.4161,0
2015-03-30 10:37:53,0,1,1.87717,0,6.38202,0,22.4161,0
2015-03-30 10:42:53,0,0,0.987196,0,8.95732,0,22.4161,0
2015-03-30 10:47:53,0,0,0.888066,0,10.2244,0,22.4161,0
2015-03-30 10:52:53,0,0,0.855239,0,8.49396,0,22.4161,0
2015-03-30 10:57:53,0,0,0.990728,0,5.59296,0,22.4161,0
2015-03-30 11:02:53,0,0,0.902304,0,5.3654,0,22.4161,0
2015-03-30 11:07:53,0,0,0.875916,0,5.44948,0,22.4161,0
2015-03-30 11:12:53,0,0,0.93003,0,5.65271,0,22.4161,0
2015-03-30 11:17:53,0,0,0.884215,0,5.38877,0,22.4161,0
2015-03-30 11:22:53,0,0,0.902736,0,5.37202,0,22.4161,0
2015-03-30 11:27:53,0,0,0.932095,0,5.46126,0,22.4161,0
2015-03-30 11:32:53,0,0,0.910938,0,5.39021,0,22.4161,0
2015-03-30 11:37:53,0,0,0.924848,0,5.48333,0,22.4161,0
2015-03-30 11:42:53,0,0,0.876177,0,5.54301,0,22.4161,0
2015-03-30 11:47:53,0,0,0.931039,0,5.45869,0,22.4161,0
2015-03-30 11:52:53,0,0,0.898338,0,5.45794,0,22.4161,0
2015-03-30 11:57:53,1,0,0.900512,0,4.59227,0,22.4161,0
2015-03-30 12:02:53,0,0,0.951685,0,3.89695,0,22.4161,0
2015-03-30 12:07:53,0,0,0.895338,0,3.05769,0,22.4161,0
2015-03-30 12:12:53,0,0,0.864537,0,5.50024,0,22.4161,0
2015-03-30 12:17:53,0,0,1.01469,0,5.51027,0,22.4161,0
2015-03-30 12:22:53,0,0,0.870023,0,5.42977,0,22.4161,0
2015-03-30 12:27:53,0,0,0.888082,0,5.49301,0,22.4161,0
2015-03-30 12:32:53,0,0,0.954034,0,5.67219,0,22.4161,0
2015-03-30 12:37:53,1,0,0.854144,0,4.4322,0,22.4161,0
2015-03-30 12:42:53,1,0,0.913067,0,2.90203,0,22.4161,0
2015-03-30 12:47:53,0,0,0.950364,0,1.34268,0,22.4161,0
2015-03-30 12:52:53,0,0,0.951017,0,3.21407,0,22.4161,0
2015-03-30 12:57:53,0,0,0.89443,0,5.59095,0,22.4161,0
2015-03-30 13:02:53,0,0,0.846908,0,5.64755,0,22.4161,0
2015-03-30 13:07:53,1,0,0.971386,0,4.795,0,22.4161,0
2015-03-30 13:12:53,3,0,0.865915,0,5.01809,0,22.4161,0
2015-03-30 13:17:53,1,0,0.903492,0,4.65059,0,22.4161,0
2015-03-30 13:22:53,0,0,1.02521,0,7.25751,0,22.4161,0
2015-03-30 13:27:53,0,0,0.912514,0,3.23445,0,22.4161,0
2015-03-30 13:32:53,2,0,0.865074,0,5.84838,0,22.4161,0
2015-03-30 13:37:53,0,0,0.983521,0,6.11567,0,22.4161,0
2015-03-30 13:42:53,0,0,0.917693,0,5.97613,0,22.4161,0
2015-03-30 13:47:53,0,0,0.876947,0,5.47996,0,22.4161,0
2015-03-30 13:52:53,0,0,0.882261,0,5.6629,0,22.4161,0
2015-03-30 13:57:53,0,0,0.914496,0,5.38923,0,22.4161,0
2015-03-30 14:02:53,0,0,0.900597,0,5.30986,0,22.4161,0
2015-03-30 14:07:53,2,0,0.965174,0,5.57518,0,22.4161,0
2015-03-30 14:12:53,2,0,0.9035,0,5.97712,0,22.4161,0
2015-03-30 14:17:53,2,0,0.947265,0,6.46436,0,22.4161,0
2015-03-30 14:22:53,1,0,0.935113,0,5.35021,0,22.4161,0
2015-03-30 14:27:53,1,0,0.914865,0,3.45986,0,22.4161,0
2015-03-30 14:32:53,1,0,0.944652,0,0.373115,0,22.4161,0
2015-03-30 14:37:53,2,0,0.907654,0,1.42028,0,22.4161,0
2015-03-30 14:42:53,0,0,0.966911,0,3.27376,0,22.4161,0
2015-03-30 14:47:53,1,0,0.905508,0,5.01444,0,22.4161,0
2015-03-30 14:52:53,0,0,0.888748,0,3.69465,0,22.4161,0
2015-03-30 14:57:53,1,0,0.940813,0,2.02153,0,22.4161,0
2015-03-30 15:02:53,3,0,0.908479,0,4.99822,0,22.4161,0
2015-03-30 15:07:53,1,0,0.908326,0,4.54365,0,22.4161,0
2015-03-30 15:12:53,2,0,0.980034,0,7.45228,0,22.4161,0
2015-03-30 15:17:53,0,0,0.935882,0,3.43795,0,22.4161,0
2015-03-30 15:22:53,3,0,0.889362,0,7.36248,0,22.4161,0
2015-03-30 15:27:53,2,0,0.919374,0,8.17898,0,22.4161,0
2015-03-30 15:32:53,0,0,0.980371,0,9.333,0,22.4161,0
2015-03-30 15:37:53,0,0,0.921039,0,6.15103,0,22.4161,0
2015-03-30 15:42:53,4,0,0.882889,0,7.79783,0,22.4161,0
2015-03-30 15:47:53,0,0,0.932136,0,9.98193,0,22.4161,0
2015-03-30 15:52:53,2,0,0.926524,0,12.0705,0,22.4161,0
2015-03-30 15:57:53,0,0,0.934869,0,5.71092,0,22.4161,0
2015-03-30 16:02:53,0,0,0.918405,0,5.99151,0,22.4161,0
2015-03-30 16:07:53,1,0,0.971634,0,4.7309,0,22.4161,0
2015-03-30 16:12:53,0,0,0.88602,0,3.93943,0,22.4161,0
2015-03-30 16:17:53,0,0,0.948429,0,3.06954,0,22.4161,0
2015-03-30 16:22:53,0,0,0.93421,0,5.49199,0,22.4161,0
2015-03-30 16:27:53,0,0,0.887344,0,5.48913,0,22.4161,0
2015-03-30 16:32:53,1,0,0.915212,0,4.82636,0,22.4161,0
2015-03-30 16:37:53,0,0,0.926474,0,3.94315,0,22.4161,0
2015-03-30 16:42:53,1,0,0.888421,0,2.24192,0,22.4161,0
2015-03-30 16:47:53,0,0,0.95126,0,3.78111,0,22.4161,0
2015-03-30 16:52:53,0,0,0.891493,0,2.94868,0,22.4161,0
2015-03-30 16:57:53,1,0,0.946878,0,6.42494,0,22.4161,0
2015-03-30 17:02:53,0,0,0.906865,0,4.8638,0,22.4161,0
2015-03-30 17:07:53,0,0,0.941321,0,3.12614,0,22.4161,0
2015-03-30 17:12:53,1,0,0.968147,0,4.71304,0,22.4161,0
2015-03-30 17:17:53,0,0,0.879657,0,3.8061,0,22.4161,0
2015-03-30 17:22:53,0,0,0.935594,0,2.96925,0,22.4161,0
2015-03-30 17:27:53,2,0,0.949395,0,5.5901,0,22.4161,0
2015-03-30 17:32:53,1,0,0.843822,0,4.81839,0,22.4161,0
2015-03-30 17:37:53,0,0,0.934517,0,4.13825,0,22.4161,0
2015-03-30 17:42:53,1,0,0.928754,0,1.90494,0,22.4161,0
2015-03-30 17:47:53,0,0,0.857966,0,3.59119,0,22.4161,0
2015-03-30 17:52:53,0,0,0.978652,0,2.91192,0,22.4161,0
2015-03-30 17:57:53,0,0,0.931144,0,5.48085,0,22.4161,0
2015-03-30 18:02:53,1,0,0.881692,0,6.11731,0,22.4161,0
2015-03-30 18:07:53,0,0,0.934568,0,4.51531,0,22.4161,0
2015-03-30 18:12:53,0,0,0.90039,0,2.90452,0,22.4161,0
2015-03-30 18:17:53,0,0,0.974091,0,5.4146,0,22.4161,0
2015-03-30 18:22:53,0,0,0.845939,0,5.57858,0,22.4161,0
2015-03-30 18:27:53,0,0,0.899498,0,5.49529,0,22.4161,0
2015-03-30 18:32:53,1,0,0.967825,0,4.71465,0,22.4161,0
2015-03-30 18:37:53,0,0,0.868596,0,3.70665,0,22.4161,0
2015-03-30 18:42:53,0,0,0.882854,0,3.10432,0,22.4161,0
2015-03-30 18:47:53,0,0,0.997905,0,5.35453,0,22.4161,0
2015-03-30 18:52:53,0,0,0.811221,0,5.3694,0,22.4161,0
2015-03-30 18:57:53,2,0,0.981922,0,5.83315,0,22.4161,0
2015-03-30 19:02:53,0,0,0.916638,0,6.3532,0,22.4161,0
2015-03-30 19:07:53,4,0,0.847295,0,8.61354,0,22.4161,0
2015-03-30 19:12:53,0,0,0.956417,0,9.95978,0,22.4161,0
2015-03-30 19:17:53,2,0,0.935485,0,11.9883,0,22.4161,0
2015-03-30 19:22:53,2,0,0.890446,0,5.69357,0,22.4161,0
2015-03-30 19:27:53,0,0,0.95204,0,6.15023,0,22.4161,0
2015-03-30 19:32:53,0,0,0.923347,0,5.92648,0,22.4161,0
2015-03-30 19:37:53,0,0,0.881151,0,5.49877,0,22.4161,0
2015-03-30 19:42:53,0,0,0.942092,0,5.58397,0,22.4161,0
2015-03-30 19:47:53,1,0,0.885118,0,4.59025,0,22.4161,0
2015-03-30 19:52:53,0,0,0.950173,0,3.64439,0,22.4161,0
2015-03-30 19:57:53,0,0,0.822597,0,2.89413,0,22.4161,0
2015-03-30 20:02:53,1,0,0.950956,0,5.0641,0,22.4161,0
2015-03-30 20:07:53,1,0,0.952287,0,4.0938,0,22.4161,0
2015-03-30 20:12:53,0,0,0.808331,0,1.58258,0,22.4161,0
2015-03-30 20:17:53,0,0,0.989521,0,2.76431,0,22.4161,0
2015-03-30 20:22:53,0,0,0.916098,0,5.22203,0,22.4161,0
2015-03-30 20:27:53,1,0,0.865231,0,5.76318,0,22.4161,0
2015-03-30 20:32:53,3,0,0.976371,0,5.56733,0,22.4161,0
2015-03-30 20:37:53,2,0,0.879983,0,5.54487,0,22.4161,0
2015-03-30 20:42:53,1,0,0.930738,0,8.57158,0,22.4161,0
2015-03-30 20:47:53,0,0,0.908017,0,4.24166,0,22.4161,0
2015-03-30 20:52:53,0,0,0.961524,0,3.12954,0,22.4161,0
2015-03-30 20:57:53,0,0,0.898706,0,5.56977,0,22.4161,0
2015-03-30 21:02:53,1,0,0.879644,0,6.53437,0,22.4161,0
2015-03-30 21:07:53,0,0,1.00655,0,4.82973,0,22.4161,0
2015-03-30 21:12:53,0,0,0.864423,0,3.06972,0,22.4161,0
2015-03-30 21:17:53,1,0,0.909224,0,6.30619,0,22.4161,0
2015-03-30 21:22:53,0,0,0.959364,0,4.71861,0,22.4161,0
2015-03-30 21:27:53,1,0,0.882849,0,2.84167,0,22.4161,0
2015-03-30 21:32:53,1,0,0.94425,0,2.92609,0,22.4161,0
2015-03-30 21:37:53,0,0,0.913106,0,1.30046,0,22.4161,0
2015-03-30 21:42:53,0,0,0.913825,0,3.15306,0,22.4161,0
2015-03-30 21:47:53,0,0,0.888051,0,5.57279,0,22.4161,0
2015-03-30 21:52:53,1,0,0.910179,0,4.67892,0,22.4161,0
2015-03-30 21:57:53,0,0,0.939471,0,3.87555,0,22.4161,0
2015-03-30 22:02:53,0,0,0.922404,0,3.09568,0,22.4161,0
2015-03-30 22:07:53,0,0,0.92103,0,5.53188,0,22.4161,0
2015-03-30 22:12:53,0,0,0.943175,0,5.58425,0,22.4161,0
2015-03-30 22:17:53,1,0,0.892576,0,4.6661,0,22.4161,0
2015-03-30 22:22:53,1,0,0.89643,0,2.98416,0,22.4161,0
2015-03-30 22:27:53,1,0,0.922553,0,0.488891,0,22.4161,0
2015-03-30 22:32:53,1,0,0.923059,0,0.606858,0,22.4161,0
2015-03-30 22:37:53,2,0,0.84984,0,1.54255,0,22.4161,0
2015-03-30 22:42:53,0,0,1.01364,0,3.23606,0,22.4161,0
2015-03-30 22:47:53,0,0,0.878987,0,5.94415,0,22.4161,0
2015-03-30 22:52:53,0,0,0.942385,0,5.4558,0,22.4161,0
2015-03-30 22:57:53,0,0,0.961797,0,5.74129,0,22.4161,0
2015-03-30 23:02:53,0,0,0.839909,0,5.48353,0,22.4161,0
2015-03-30 23:07:53,0,0,0.97474,0,5.59066,0,22.4161,0
2015-03-30 23:12:53,0,0,0.852367,0,5.53995,0,22.4161,0
2015-03-30 23:17:53,0,0,0.9379,0,5.32157,0,22.4161,0
2015-03-30 23:22:53,0,0,0.938403,0,5.56685,0,22.4161,0
2015-03-30 23:27:53,0,0,0.887013,0,5.3713,0,22.4161,0
2015-03-30 23:32:53,0,0,0.934445,0,5.57752,0,22.4161,0
2015-03-30 23:37:53,0,0,0.900492,0,5.52368,0,22.4161,0
2015-03-30 23:42:53,1,0,0.904689,0,4.62944,0,22.4161,0
2015-03-30 23:47:53,1,0,0.891684,0,3.09766,0,22.4161,0
2015-03-30 23:52:53,0,0,0.913171,0,1.38083,0,22.4161,0
2015-03-30 23:57:53,0,0,0.886689,0,2.98247,0,22.4161,0
2015-03-31 00:02:53,0,0,0.900637,0,5.38808,0,22.4161,0
2015-03-31 00:07:53,0,0,0.957682,0,5.41353,0,22.4161,0
2015-03-31 00:12:53,0,0,0.88152,0,5.41902,0,22.4161,0
2015-03-31 00:17:53,0,0,0.914835,0,5.49879,0,22.4161,0
2015-03-31 00:22:53,0,0,0.949076,0,5.55092,0,22.4161,0
2015-03-31 00:27:53,0,0,0.907774,0,5.42331,0,22.4161,0
2015-03-31 00:32:53,0,0,0.899075,0,5.55043,0,22.4161,0
2015-03-31 00:37:53,9,0,0.92655,0,12.7637,0,22.4161,0
2015-03-31 00:42:53,4,0,0.92177,0,21.9986,0,22.4161,0
2015-03-31 00:47:53,0,0,0.951729,0,31.3714,0,22.4161,1
2015-03-31 00:52:53,0,0,0.942241,0,12.0156,0,22.4161,0
2015-03-31 00:57:53,0,0,0.853265,0,5.61101,0,22.4161,0
2015-03-31 01:02:53,0,0,0.924935,0,5.59293,0,22.4161,0
2015-03-31 01:07:53,1,0,0.901641,0,4.60832,0,22.4161,0
2015-03-31 01:12:53,0,0,0.942711,0,3.61157,0,22.4161,0
2015-03-31 01:17:53,0,0,0.908375,0,2.97119,0,22.4161,0
2015-03-31 01:22:53,0,0,0.877254,0,5.49872,0,22.4161,0
2015-03-31 01:27:53,0,0,0.948007,0,5.52214,0,22.4161,0
2015-03-31 01:32:53,0,0,0.90037,0,5.42764,0,22.4161,0
2015-03-31 01:37:53,0,0,0.897536,0,5.42815,0,22.4161,0
2015-03-31 01:42:53,1,0,0.960218,0,4.74722,0,22.4161,0
2015-03-31 01:47:53,0,0,0.857772,0,3.86626,0,22.4161,0
2015-03-31 01:52:53,1,0,0.897367,0,2.38698,0,22.4161,0
2015-03-31 01:57:53,1,0,0.907659,0,3.04034,0,22.4161,0
2015-03-31 02:02:53,1,0,0.91142,0,0.724292,0,22.4161,0
2015-03-31 02:07:53,0,0,0.94085,0,1.404,0,22.4161,0
2015-03-31 02:12:53,0,0,0.933668,0,3.04071,0,22.4161,0
2015-03-31 02:17:53,0,0,0.851935,0,5.54963,0,22.4161,0
2015-03-31 02:22:53,1,0,0.963738,0,4.83795,0,22.4161,0
2015-03-31 02:27:53,0,0,0.924425,0,4.06087,0,22.4161,0
2015-03-31 02:32:53,0,0,0.877035,0,3.47432,0,22.4161,0
2015-03-31 02:37:53,0,0,0.990513,0,5.54943,0,22.4161,0
2015-03-31 02:42:53,0,0,0.874696,0,5.51786,0,22.4161,0
2015-03-31 02:47:53,0,0,0.898157,0,5.48683,0,22.4161,0
2015-03-31 02:52:53,0,0,0.931662,0,5.61909,0,22.4161,0
2015-03-31 02:57:53,0,0,0.886986,0,5.35207,0,22.4161,0
2015-03-31 03:02:53,0,0,0.924351,0,5.44478,0,22.4161,0
2015-03-31 03:07:53,0,0,0.842788,0,5.49331,0,22.4161,0
2015-03-31 03:12:53,0,0,0.915663,0,5.35245,0,22.4161,0
2015-03-31 03:17:53,0,0,0.922096,0,5.37429,0,22.4161,0
2015-03-31 03:22:53,0,0,0.855179,0,5.28178,0,22.4161,0
2015-03-31 03:27:53,0,0,0.996352,0,5.44636,0,22.4161,0
2015-03-31 03:32:53,0,0,0.951246,0,5.473,0,22.4161,0
2015-03-31 03:37:53,1,0,0.845516,0,6.0423,0,22.4161,0
2015-03-31 03:42:53,0,0,0.974728,0,4.37468,0,22.4161,0
2015-03-31 03:47:53,0,0,0.907836,0,2.81202,0,22.4161,0
2015-03-31 03:52:53,0,0,0.830971,0,5.39384,0,22.4161,0
2015-03-31 03:57:53,0,0,0.915314,0,5.57083,0,22.4161,0
2015-03-31 04:02:53,0,0,0.904972,0,5.30076,0,22.4161,0
2015-03-31 04:07:53,0,0,0.846941,0,5.22851,0,22.4161,0
2015-03-31 04:12:53,0,0,0.979501,0,5.40283,0,22.4161,0
2015-03-31 04:17:53,0,0,0.887918,0,5.3883,0,22.4161,0
2015-03-31 04:22:53,0,0,0.912987,0,5.38774,0,22.4161,0
2015-03-31 04:27:53,0,0,0.940612,0,5.62732,0,22.4161,0
2015-03-31 04:32:53,0,0,0.872553,0,5.43034,0,22.4161,0
2015-03-31 04:37:53,0,0,0.95851,0,5.49274,0,22.4161,0
2015-03-31 04:42:53,0,0,0.87623,0,5.52545,0,22.4161,0
2015-03-31 04:47:53,0,0,0.9357,0,5.41091,0,22.4161,0
2015-03-31 04:52:53,0,0,0.897676,0,5.56369,0,22.4161,0
2015-03-31 04:57:53,0,0,0.863786,0,5.39777,0,22.4161,0
2015-03-31 05:02:53,0,0,0.929494,0,5.46624,0,22.4161,0
2015-03-31 05:07:53,0,0,0.853965,0,5.35009,0,22.4161,0
2015-03-31 05:12:53,0,0,0.85773,0,5.30431,0,22.4161,0
2015-03-31 05:17:53,0,0,0.978145,0,5.35414,0,22.4161,0
2015-03-31 05:22:53,0,0,0.920973,0,5.2555,0,22.4161,0
2015-03-31 05:27:53,0,0,0.880172,0,5.45045,0,22.4161,0
2015-03-31 05:32:53,0,0,0.88032,0,5.65655,0,22.4161,0
2015-03-31 05:37:53,0,0,0.896948,0,5.40358,0,22.4161,0
2015-03-31 05:42:53,0,0,0.917255,0,5.2981,0,22.4161,0
2015-03-31 05:47:53,1,0,0.903132,0,4.5176,0,22.4161,0
2015-03-31 05:52:53,0,0,0.938595,0,3.75946,0,22.4161,0
2015-03-31 05:57:53,0,0,0.923408,0,2.99309,0,22.4161,0
2015-03-31 06:02:53,0,0,0.907447,0,5.50999,0,22.4161,0
2015-03-31 06:07:53,0,0,0.871009,0,5.57005,0,22.4161,0
2015-03-31 06:12:53,0,0,0.922166,0,5.45613,0,22.4161,0
2015-03-31 06:17:53,0,0,0.865146,0,5.38652,0,22.4161,0
2015-03-31 06:22:53,0,0,0.928965,0,5.3225,0,22.4161,0
2015-03-31 06:27:53,0,0,0.892807,0,5.42575,0,22.4161,0
2015-03-31 06:32:53,0,0,0.914004,0,5.34617,0,22.4161,0
2015-03-31 06:37:53,0,0,0.8952,0,5.48651,0,22.4161,0
2015-03-31 06:42:53,0,0,0.939427,0,5.40163,0,22.4161,0
2015-03-31 06:47:53,0,0,0.894016,0,5.47184,0,22.4161,0
2015-03-31 06:52:53,0,0,0.833606,0,5.45847,0,22.4161,0
2015-03-31 06:57:53,0,0,0.89815,0,5.43992,0,22.4161,0
2015-03-31 07:02:53,0,0,0.937712,0,5.24741,0,22.4161,0
2015-03-31 07:07:53,0,0,0.86031,0,5.23483,0,22.4161,0
2015-03-31 07:12:53,1,0,0.955753,0,6.29314,0,22.4161,0
2015-03-31 07:17:53,0,0,0.886485,0,4.04827,0,22.4161,0
2015-03-31 07:22:53,0,0,0.954186,0,3.35096,0,22.4161,0
2015-03-31 07:27:53,0,0,0.889391,0,5.5636,0,22.4161,0
2015-03-31 07:32:53,0,0,0.911742,0,5.45722,0,22.4161,0
2015-03-31 07:37:53,0,0,0.972284,0,5.55308,0,22.4161,0
2015-03-31 07:42:53,0,0,0.829584,0,5.46394,0,22.4161,0
2015-03-31 07:47:53,0,0,0.997483,0,5.50938,0,22.4161,0
2015-03-31 07:52:53,0,0,0.840504,0,5.5735,0,22.4161,0
2015-03-31 07:57:53,0,0,0.890453,0,5.32422,0,22.4161,0
2015-03-31 08:02:53,0,0,0.953272,0,5.56391,0,22.4161,0
2015-03-31 08:07:53,0,0,0.849814,0,5.25569,0,22.4161,0
2015-03-31 08:12:53,0,0,0.928019,0,5.42772,0,22.4161,0
2015-03-31 08:17:53,0,0,0.912814,0,5.48746,0,22.4161,0
2015-03-31 08:22:53,1,0,0.923551,0,6.17985,0,22.4161,0
2015-03-31 08:27:53,0,0,0.877709,0,4.71312,0,22.4161,0
2015-03-31 08:32:53,1,0,0.908271,0,2.23095,0,22.4161,0
2015-03-31 08:37:53,0,0,0.971554,0,3.92351,0,22.4161,0
2015-03-31 08:42:53,0,0,0.930908,0,3.15497,0,22.4161,0
2015-03-31 08:47:53,2,0,0.906934,0,5.73701,0,22.4161,0
2015-03-31 08:52:53,0,0,0.903789,0,5.95978,0,22.4161,0
2015-03-31 08:57:53,0,0,0.996402,0,5.92493,0,22.4161,0
2015-03-31 09:02:53,1,0,0.864547,0,4.53198,0,22.4161,0
2015-03-31 09:07:53,0,0,0.885981,0,3.58311,0,22.4161,0
2015-03-31 09:12:53,0,0,0.979316,0,2.62587,0,22.4161,0
2015-03-31 09:17:53,2,0,0.871854,0,5.38629,0,22.4161,0
2015-03-31 09:22:53,0,0,0.94477,0,5.57117,0,22.4161,0
2015-03-31 09:27:53,0,0,0.939638,0,5.75053,0,22.4161,0
2015-03-31 09:32:53,1,0,0.913758,0,6.2738,0,22.4161,0
2015-03-31 09:37:53,0,0,0.913342,0,4.68759,0,22.4161,0
2015-03-31 09:42:53,0,0,0.905118,0,2.92194,0,22.4161,0
2015-03-31 09:47:53,0,0,0.953368,0,5.47308,0,22.4161,0
2015-03-31 09:52:53,1,0,0.891965,0,4.59689,0,22.4161,0
2015-03-31 09:57:53,0,0,0.899365,0,3.70058,0,22.4161,0
2015-03-31 10:02:53,0,0,0.941538,0,2.82319,0,22.4161,0
2015-03-31 10:07:53,0,0,0.936124,0,5.41617,0,22.4161,0
2015-03-31 10:12:53,0,0,0.864676,0,5.5173,0,22.4161,0
2015-03-31 10:17:53,0,0,0.955395,0,5.56154,0,22.4161,0
2015-03-31 10:22:53,0,0,0.921706,0,5.49312,0,22.4161,0
2015-03-31 10:27:53,0,0,0.85005,0,5.42652,0,22.4161,0
2015-03-31 10:32:53,0,0,0.987436,0,5.55965,0,22.4161,0
2015-03-31 10:37:53,0,0,0.88448,0,5.45265,0,22.4161,0
2015-03-31 10:42:53,0,0,0.841011,0,5.4095,0,22.4161,0
2015-03-31 10:47:53,0,0,1.04123,0,5.57228,0,22.4161,0
2015-03-31 10:52:53,0,0,0.828503,0,5.3767,0,22.4161,0
2015-03-31 10:57:53,0,0,0.909172,0,5.434,0,22.4161,0
2015-03-31 11:02:53,0,0,0.976502,0,5.68988,0,22.4161,0
2015-03-31 11:07:53,1,0,0.854097,0,4.32735,0,22.4161,0
2015-03-31 11:12:53,0,0,0.943964,0,3.62861,0,22.4161,0
2015-03-31 11:17:53,1,0,0.923274,0,1.83472,0,22.4161,0
2015-03-31 11:22:53,1,0,0.946608,0,2.75109,0,22.4161,0
2015-03-31 11:27:53,0,0,0.914291,0,1.26817,0,22.4161,0
2015-03-31 11:32:53,0,0,0.882749,0,3.03768,0,22.4161,0
2015-03-31 11:37:53,0,0,0.991955,0,5.60469,0,22.4161,0
2015-03-31 11:42:53,0,0,0.891587,0,5.50033,0,22.4161,0
2015-03-31 11:47:53,0,0,0.809051,0,5.52374,0,22.4161,0
2015-03-31 11:52:53,0,0,1.03028,0,5.56809,0,22.4161,0
2015-03-31 11:57:53,0,0,0.895926,0,5.32314,0,22.4161,0
2015-03-31 12:02:53,0,0,0.77176,0,5.38363,0,22.4161,0
2015-03-31 12:07:53,0,0,1.06154,0,5.65444,0,22.4161,0
2015-03-31 12:12:53,0,0,0.882302,0,5.29284,0,22.4161,0
2015-03-31 12:17:53,0,0,0.816687,0,5.32066,0,22.4161,0
2015-03-31 12:22:53,0,0,1.05947,0,5.76591,0,22.4161,0
2015-03-31 12:27:53,2,0,0.834729,0,5.22081,0,22.4161,0
2015-03-31 12:32:53,3,0,0.892878,0,6.4964,0,22.4161,0
2015-03-31 12:37:53,0,0,0.964705,0,8.04502,0,22.4161,0
2015-03-31 12:42:53,3,1,0.934672,0,10.3169,0,22.4161,0
2015-03-31 12:47:53,1,1,0.904427,0,6.81455,0,22.4161,0
2015-03-31 12:52:53,0,1,0.948159,0,7.14097,0,22.4161,0
2015-03-31 12:57:53,4,1,0.940518,0,5.05668,0,22.4161,0
2015-03-31 13:02:53,3,1,0.896666,0,10.8764,0,22.4161,0
2015-03-31 13:07:53,1,1,0.965828,0,13.3778,0,22.4161,0
2015-03-31 13:12:53,1,1,0.925192,0,6.41929,0,22.4161,0
2015-03-31 13:17:53,1,1,0.9152,0,0.453155,0,22.4161,0
2015-03-31 13:22:53,2,1,0.893811,0,1.33693,0,22.4161,0
2015-03-31 13:27:53,1,1,0.973282,0,2.50021,0,22.4161,0
2015-03-31 13:32:53,0,1,0.932224,0,4.44006,0,22.4161,0
2015-03-31 13:37:53,1,1,0.881122,0,3.14184,0,22.4161,0
2015-03-31 13:42:53,0,1,0.932166,0,4.67207,0,22.4161,0
2015-03-31 13:47:53,1,1,0.892003,0,2.03341,0,22.4161,0
2015-03-31 13:52:53,1,1,0.907401,0,2.88703,0,22.4161,0
2015-03-31 13:57:53,1,1,0.954845,0,0.512095,0,22.4161,0
2015-03-31 14:02:53,1,1,0.931482,0,0.554345,0,22.4161,0
2015-03-31 14:07:53,0,1,0.885437,0,1.29959,0,22.4161,0
2015-03-31 14:12:53,0,1,0.95599,0,2.88387,0,22.4161,0
2015-03-31 14:17:53,1,1,0.935076,0,4.60933,0,22.4161,0
2015-03-31 14:22:53,0,1,0.854636,0,3.67941,0,22.4161,0
2015-03-31 14:27:53,1,1,0.98163,0,2.22545,0,22.4161,0
2015-03-31 14:32:53,0,1,0.932854,0,3.84197,0,22.4161,0
2015-03-31 14:37:53,0,1,0.833469,0,3.43513,0,22.4161,0
2015-03-31 14:42:53,3,1,0.997665,0,6.69431,0,22.4161,0
2015-03-31 14:47:53,0,1,0.907782,0,8.12929,0,22.4161,0
2015-03-31 14:52:53,1,1,0.932734,0,10.8659,0,22.4161,0
2015-03-31 14:57:53,0,1,0.954392,0,4.45805,0,22.4161,0
2015-03-31 15:02:53,1,1,0.875715,0,2.91283,0,22.4161,0
2015-03-31 15:07:53,0,1,0.973846,0,3.76513,0,22.4161,0
2015-03-31 15:12:53,0,1,0.868725,0,2.8621,0,22.4161,0
2015-03-31 15:17:53,1,1,0.944513,0,6.31359,0,22.4161,0
2015-03-31 15:22:53,0,1,0.971366,0,4.78839,0,22.4161,0
2015-03-31 15:27:53,0,1,0.850089,0,3.25422,0,22.4161,0
2015-03-31 15:32:53,0,1,0.955355,0,5.49251,0,22.4161,0
2015-03-31 15:37:53,2,1,0.94124,0,5.65892,0,22.4161,0
2015-03-31 15:42:53,0,1,0.833529,0,5.5808,0,22.4161,0
2015-03-31 15:47:53,0,1,0.995894,0,5.84994,0,22.4161,0
2015-03-31 15:52:53,1,1,0.922964,0,4.49488,0,22.4161,0
2015-03-31 15:57:53,1,1,0.840685,0,2.58584,0,22.4161,0
2015-03-31 16:02:53,1,1,0.985614,0,0.325705,0,22.4161,0
2015-03-31 16:07:53,1,1,0.922639,0,0.564123,0,22.4161,0
2015-03-31 16:12:53,1,1,0.882647,0,0.584076,0,22.4161,0
2015-03-31 16:17:53,0,1,0.958861,0,1.08053,0,22.4161,0
2015-03-31 16:22:53,0,1,0.86879,0,2.95624,0,22.4161,0
2015-03-31 16:27:53,0,1,0.942015,0,5.43445,0,22.4161,0
2015-03-31 16:32:53,0,1,0.931139,0,5.55618,0,22.4161,0
2015-03-31 16:37:53,0,1,0.87495,0,5.42154,0,22.4161,0
2015-03-31 16:42:53,0,1,0.988322,0,5.56327,0,22.4161,0
2015-03-31 16:47:53,0,1,0.869437,0,5.53164,0,22.4161,0
2015-03-31 16:52:53,0,1,0.922641,0,5.47093,0,22.4161,0
2015-03-31 16:57:53,0,1,0.934181,0,5.62648,0,22.4161,0
2015-03-31 17:02:53,0,1,0.866166,0,5.38777,0,22.4161,0
2015-03-31 17:07:53,0,1,0.959985,0,5.50245,0,22.4161,0
2015-03-31 17:12:53,1,1,0.883897,0,4.57489,0,22.4161,0
2015-03-31 17:17:53,1,1,0.873271,0,2.79463,0,22.4161,0
2015-03-31 17:22:53,2,1,0.96209,0,1.47898,0,22.4161,0
2015-03-31 17:27:53,1,1,0.874589,0,2.63968,0,22.4161,0
2015-03-31 17:32:53,0,1,0.899284,0,4.3306,0,22.4161,0
2015-03-31 17:37:53,0,1,0.985336,0,2.76219,0,22.4161,0
2015-03-31 17:42:53,0,1,0.877031,0,5.40767,0,22.4161,0
2015-03-31 17:47:53,0,1,0.927193,0,5.54555,0,22.4161,0
2015-03-31 17:52:53,0,1,0.910678,0,5.63726,0,22.4161,0
2015-03-31 17:57:53,0,1,0.86298,0,5.39616,0,22.4161,0
2015-03-31 18:02:53,0,1,0.946161,0,5.46591,0,22.4161,0
2015-03-31 18:07:53,0,1,0.876042,0,5.40415,0,22.4161,0
2015-03-31 18:12:53,0,1,0.89543,0,5.3573,0,22.4161,0
2015-03-31 18:17:53,2,1,0.95132,0,5.69513,0,22.4161,0
2015-03-31 18:22:53,0,1,0.835884,0,5.78858,0,22.4161,0
2015-03-31 18:27:53,2,1,1.03033,0,6.38047,0,22.4161,0
2015-03-31 18:32:53,0,1,0.860709,0,6.21252,0,22.4161,0
2015-03-31 18:37:53,0,1,0.896982,0,6.41372,0,22.4161,0
2015-03-31 18:42:53,0,1,1.00172,0,5.70939,0,22.4161,0
2015-03-31 18:47:53,0,1,0.822713,0,5.37781,0,22.4161,0
2015-03-31 18:52:53,1,1,0.970127,0,6.3145,0,22.4161,0
2015-03-31 18:57:53,2,1,0.87944,0,4.97752,0,22.4161,0
2015-03-31 19:02:53,3,1,0.946455,0,4.71217,0,22.4161,0
2015-03-31 19:07:53,0,1,0.916692,0,8.2772,0,22.4161,0
2015-03-31 19:12:53,0,1,0.937221,0,9.17128,0,22.4161,0
2015-03-31 19:17:53,1,1,0.894231,0,4.73553,0,22.4161,0
2015-03-31 19:22:53,0,1,0.91996,0,3.76986,0,22.4161,0
2015-03-31 19:27:53,0,1,0.956439,0,2.89676,0,22.4161,0
2015-03-31 19:32:53,0,1,0.870246,0,5.47905,0,22.4161,0
2015-03-31 19:37:53,0,1,0.920491,0,5.543,0,22.4161,0
2015-03-31 19:42:53,0,1,0.88755,0,5.5303,0,22.4161,0
2015-03-31 19:47:53,1,1,0.93835,0,4.56417,0,22.4161,0
2015-03-31 19:52:53,0,1,0.890633,0,3.92472,0,22.4161,0
2015-03-31 19:57:53,0,1,0.910428,0,3.10468,0,22.4161,0
2015-03-31 20:02:53,1,1,0.983811,0,4.68589,0,22.4161,0
2015-03-31 20:07:53,2,1,0.845624,0,3.86723,0,22.4161,0
2015-03-31 20:12:53,0,1,0.957376,0,3.14672,0,22.4161,0
2015-03-31 20:17:53,0,1,0.981858,0,5.69719,0,22.4161,0
2015-03-31 20:22:53,1,1,0.872927,0,6.02276,0,22.4161,0
2015-03-31 20:27:53,0,1,0.904849,0,4.41958,0,22.4161,0
2015-03-31 20:32:53,0,1,0.921561,0,2.70513,0,22.4161,0
2015-03-31 20:37:53,1,1,0.881447,0,4.50692,0,22.4161,0
2015-03-31 20:42:53,0,1,0.900536,0,3.75287,0,22.4161,0
2015-03-31 20:47:53,0,1,0.934908,0,2.89875,0,22.4161,0
2015-03-31 20:52:53,0,1,0.922589,0,5.38032,0,22.4161,0
2015-03-31 20:57:53,1,1,0.876258,0,4.64883,0,22.4161,0
2015-03-31 21:02:53,0,1,0.964917,0,3.8358,0,22.4161,0
2015-03-31 21:07:53,0,1,0.93022,0,2.94967,0,22.4161,0
2015-03-31 21:12:53,0,1,0.920668,0,5.48883,0,22.4161,0
2015-03-31 21:17:53,1,1,0.930121,0,8.21046,0,22.4161,0
2015-03-31 21:22:53,0,1,0.940344,0,3.87945,0,22.4161,0
2015-03-31 21:27:53,3,1,0.872765,0,4.1579,0,22.4161,0
2015-03-31 21:32:53,0,1,0.912432,0,7.78244,0,22.4161,0
2015-03-31 21:37:53,0,1,0.935378,0,8.83693,0,22.4161,0
2015-03-31 21:42:53,0,1,0.867107,0,5.37854,0,22.4161,0
2015-03-31 21:47:53,0,1,0.88246,0,5.47516,0,22.4161,0
2015-03-31 21:52:53,0,1,1.0353,0,5.42281,0,22.4161,0
2015-03-31 21:57:53,0,1,0.837048,0,5.40154,0,22.4161,0
2015-03-31 22:02:53,0,1,0.962961,0,5.55503,0,22.4161,0
2015-03-31 22:07:53,0,1,0.946955,0,5.74296,0,22.4161,0
2015-03-31 22:12:53,0,1,0.851573,0,5.38402,0,22.4161,0
2015-03-31 22:17:53,0,1,0.883114,0,5.63437,0,22.4161,0
2015-03-31 22:22:53,0,1,0.926664,0,5.42713,0,22.4161,0
2015-03-31 22:27:53,0,1,0.929857,0,5.24761,0,22.4161,0
2015-03-31 22:32:53,1,1,0.848822,0,6.27245,0,22.4161,0
2015-03-31 22:37:53,0,1,0.961728,0,3.7691,0,22.4161,0
2015-03-31 22:42:53,1,1,0.925963,0,1.94634,0,22.4161,0
2015-03-31 22:47:53,0,1,0.859701,0,3.54897,0,22.4161,0
2015-03-31 22:52:53,0,1,0.955595,0,2.82644,0,22.4161,0
2015-03-31 22:57:53,1,1,0.949334,0,4.54169,0,22.4161,0
2015-03-31 23:02:53,0,1,0.921348,0,3.61725,0,22.4161,0
2015-03-31 23:07:53,0,1,0.863274,0,2.95323,0,22.4161,0
2015-03-31 23:12:53,0,1,0.994054,0,5.55653,0,22.4161,0
2015-03-31 23:17:53,4,1,0.848967,0,7.49654,0,22.4161,0
2015-03-31 23:22:53,1,1,0.861969,0,8.75275,0,22.4161,0
2015-03-31 23:27:53,1,1,0.997018,0,9.45793,0,22.4161,0
2015-03-31 23:32:53,0,1,0.87942,0,1.72618,0,22.4161,0
2015-03-31 23:37:53,1,1,0.88851,0,3.26458,0,22.4161,0
2015-03-31 23:42:53,2,1,1.00309,0,4.80947,0,22.4161,0
2015-03-31 23:47:53,0,1,0.887179,0,3.8137,0,22.4161,0
2015-03-31 23:52:53,1,1,0.921329,0,5.32387,0,22.4161,0
2015-03-31 23:57:53,3,1,0.878354,0,5.86762,0,22.4161,0
2015-04-01 00:02:53,0,1,0.935746,0,5.37416,0,22.4161,0
2015-04-01 00:07:53,0,1,0.942782,0,8.92847,0,22.4161,0
2015-04-01 00:12:53,0,1,0.890591,0,5.44934,0,22.4161,0
2015-04-01 00:17:53,0,1,0.947911,0,5.58339,0,22.4161,0
2015-04-01 00:22:53,0,1,0.937829,0,5.55744,0,22.4161,0
2015-04-01 00:27:53,0,1,0.87254,0,5.50542,0,22.4161,0
2015-04-01 00:32:53,0,1,0.958429,0,5.59193,0,22.4161,0
2015-04-01 00:37:53,0,1,0.83681,0,5.517,0,22.4161,0
2015-04-01 00:42:53,0,1,0.912655,0,5.37129,0,22.4161,0
2015-04-01 00:47:53,0,1,0.959328,0,5.46156,0,22.4161,0
2015-04-01 00:52:53,0,1,0.886435,0,5.29507,0,22.4161,0
2015-04-01 00:57:53,0,1,0.862474,0,5.54305,0,22.4161,0
2015-04-01 01:02:53,0,1,0.998222,0,5.51333,0,22.4161,0
2015-04-01 01:07:53,0,1,0.875657,0,5.38247,0,22.4161,0
2015-04-01 01:12:53,0,1,0.889365,0,5.45952,0,22.4161,0
2015-04-01 01:17:53,0,1,0.964638,0,5.63534,0,22.4161,0
2015-04-01 01:22:53,0,1,0.8814,0,5.37034,0,22.4161,0
2015-04-01 01:27:53,0,1,0.963154,0,5.47877,0,22.4161,0
2015-04-01 01:32:53,0,1,0.869031,0,5.61987,0,22.4161,0
2015-04-01 01:37:53,0,1,0.929891,0,5.43954,0,22.4161,0
2015-04-01 01:42:53,0,1,0.958522,0,5.55742,0,22.4161,0
2015-04-01 01:47:53,0,1,0.81316,0,5.4254,0,22.4161,0
2015-04-01 01:52:53,0,1,0.95598,0,5.51988,0,22.4161,0
2015-04-01 01:57:53,0,1,0.879616,0,5.45787,0,22.4161,0
2015-04-01 02:02:53,0,1,0.864281,0,5.23106,0,22.4161,0
2015-04-01 02:07:53,0,1,1.01147,0,5.49145,0,22.4161,0
2015-04-01 02:12:53,0,1,0.877551,0,5.37888,0,22.4161,0
2015-04-01 02:17:53,0,1,0.91135,0,5.49333,0,22.4161,0
2015-04-01 02:22:53,0,1,0.920994,0,5.70085,0,22.4161,0
2015-04-01 02:27:53,0,1,0.847725,0,5.37635,0,22.4161,0
2015-04-01 02:32:53,0,1,0.976777,0,5.42376,0,22.4161,0
2015-04-01 02:37:53,3,1,0.840569,0,6.48165,0,22.4161,0
2015-04-01 02:42:53,0,1,0.923047,0,7.43019,0,22.4161,0
2015-04-01 02:47:53,0,1,0.954377,0,8.67385,0,22.4161,0
2015-04-01 02:52:53,0,1,0.938948,0,5.32218,0,22.4161,0
2015-04-01 02:57:53,0,1,0.844698,0,5.61684,0,22.4161,0
2015-04-01 03:02:53,0,1,0.965834,0,5.58572,0,22.4161,0
2015-04-01 03:07:53,0,1,0.889319,0,5.47207,0,22.4161,0
2015-04-01 03:12:53,0,1,0.852194,0,5.35508,0,22.4161,0
2015-04-01 03:17:53,0,1,0.974306,0,5.52833,0,22.4161,0
2015-04-01 03:22:53,0,1,0.850847,0,5.34665,0,22.4161,0
2015-04-01 03:27:53,0,1,0.93128,0,5.35604,0,22.4161,0
2015-04-01 03:32:53,0,1,0.92594,0,5.55589,0,22.4161,0
2015-04-01 03:37:53,0,1,0.877367,0,5.34104,0,22.4161,0
2015-04-01 03:42:53,0,1,0.972559,0,5.52309,0,22.4161,0
2015-04-01 03:47:53,0,1,0.823715,0,5.50511,0,22.4161,0
2015-04-01 03:52:53,0,1,0.900697,0,5.40094,0,22.4161,0
2015-04-01 03:57:53,0,1,0.951992,0,5.4658,0,22.4161,0
2015-04-01 04:02:53,0,1,0.881377,0,5.22453,0,22.4161,0
2015-04-01 04:07:53,1,1,0.932101,0,6.21159,0,22.4161,0
2015-04-01 04:12:53,0,1,0.846709,0,4.91616,0,22.4161,0
2015-04-01 04:17:53,1,1,0.881648,0,3.12525,0,22.4161,0
2015-04-01 04:22:53,0,1,1.00676,0,3.93007,0,22.4161,0
2015-04-01 04:27:53,0,1,0.834973,0,3.22992,0,22.4161,0
2015-04-01 04:32:53,0,1,0.893775,0,5.62862,0,22.4161,0
2015-04-01 04:37:53,0,1,0.98708,0,5.58399,0,22.4161,0
2015-04-01 04:42:53,0,1,0.879759,0,5.27955,0,22.4161,0
2015-04-01 04:47:53,1,1,0.871253,0,6.1673,0,22.4161,0
2015-04-01 04:52:53,0,1,0.924219,0,4.7256,0,22.4161,0
2015-04-01 04:57:53,0,1,0.896124,0,3.02745,0,22.4161,0
2015-04-01 05:02:53,0,1,0.943719,0,5.35832,0,22.4161,0
2015-04-01 05:07:53,0,1,0.821693,0,5.50862,0,22.4161,0
2015-04-01 05:12:53,0,1,0.984642,0,5.3975,0,22.4161,0
2015-04-01 05:17:53,0,1,0.875123,0,5.45919,0,22.4161,0
2015-04-01 05:22:53,0,1,0.872105,0,5.30949,0,22.4161,0
2015-04-01 05:27:53,0,1,0.997154,0,5.57628,0,22.4161,0
2015-04-01 05:32:53,0,1,0.907,0,5.36673,0,22.4161,0
2015-04-01 05:37:53,3,1,0.864354,0,6.70362,0,22.4161,0
2015-04-01 05:42:53,0,1,0.967914,0,8.04182,0,22.4161,0
2015-04-01 05:47:53,0,1,0.917941,0,8.97562,0,22.4161,0
2015-04-01 05:52:53,0,1,0.895799,0,5.44683,0,22.4161,0
2015-04-01 05:57:53,0,1,0.870529,0,5.63542,0,22.4161,0
2015-04-01 06:02:53,0,1,0.949852,0,5.41595,0,22.4161,0
2015-04-01 06:07:53,0,1,0.865081,0,5.37831,0,22.4161,0
2015-04-01 06:12:53,0,1,0.975119,0,5.37637,0,22.4161,0
2015-04-01 06:17:53,0,1,0.867119,0,5.55484,0,22.4161,0
2015-04-01 06:22:53,0,1,0.931746,0,5.4126,0,22.4161,0
2015-04-01 06:27:53,0,1,0.903989,0,5.59134,0,22.4161,0
2015-04-01 06:32:53,0,1,0.916064,0,5.36884,0,22.4161,0
2015-04-01 06:37:53,0,1,0.94249,0,5.51928,0,22.4161,0
2015-04-01 06:42:53,0,1,0.878001,0,5.48659,0,22.4161,0
2015-04-01 06:47:53,0,1,0.923768,0,5.51117,0,22.4161,0
2015-04-01 06:52:53,0,1,0.87409,0,5.50724,0,22.4161,0
2015-04-01 06:57:53,1,1,0.903605,0,4.60745,0,22.4161,0
2015-04-01 07:02:53,0,1,0.937714,0,3.92673,0,22.4161,0
2015-04-01 07:07:53,0,1,0.891244,0,3.12265,0,22.4161,0
2015-04-01 07:12:53,0,1,0.928587,0,5.47749,0,22.4161,0
2015-04-01 07:17:53,0,1,0.868418,0,5.52422,0,22.4161,0
2015-04-01 07:22:53,0,1,0.995877,0,5.39932,0,22.4161,0
2015-04-01 07:27:53,0,1,0.852892,0,5.51847,0,22.4161,0
2015-04-01 07:32:53,0,1,0.852831,0,5.4499,0,22.4161,0
2015-04-01 07:37:53,0,1,0.969643,0,5.54625,0,22.4161,0
2015-04-01 07:42:53,0,1,0.90244,0,5.23398,0,22.4161,0
2015-04-01 07:47:53,0,1,0.853965,0,5.40022,0,22.4161,0
2015-04-01 07:52:53,0,1,1.00058,0,5.56777,0,22.4161,0
2015-04-01 07:57:53,0,1,0.866114,0,5.41583,0,22.4161,0
2015-04-01 08:02:53,1,1,0.917681,0,6.1128,0,22.4161,0
2015-04-01 08:07:53,0,1,0.86953,0,4.60305,0,22.4161,0
2015-04-01 08:12:53,0,1,0.93309,0,3.10655,0,22.4161,0
2015-04-01 08:17:53,0,1,0.909805,0,5.42519,0,22.4161,0
2015-04-01 08:22:53,0,1,0.856677,0,5.38457,0,22.4161,0
2015-04-01 08:27:53,0,1,1.01652,0,5.47556,0,22.4161,0
2015-04-01 08:32:53,0,1,0.916814,0,5.45929,0,22.4161,0
2015-04-01 08:37:53,0,1,0.820498,0,5.51989,0,22.4161,0
2015-04-01 08:42:53,0,1,0.987488,0,5.7037,0,22.4161,0
2015-04-01 08:47:53,1,1,0.892613,0,4.40395,0,22.4161,0
2015-04-01 08:52:53,0,1,0.823712,0,3.37913,0,22.4161,0
2015-04-01 08:57:53,2,1,0.993083,0,2.99905,0,22.4161,0
2015-04-01 09:02:53,0,1,0.890647,0,5.9076,0,22.4161,0
2015-04-01 09:07:53,0,1,0.865411,0,6.40568,0,22.4161,0
2015-04-01 09:12:53,0,1,1.02006,0,5.62595,0,22.4161,0
2015-04-01 09:17:53,0,1,0.81284,0,5.42282,0,22.4161,0
2015-04-01 09:22:53,0,1,0.967688,0,5.4492,0,22.4161,0
2015-04-01 09:27:53,0,1,0.907558,0,5.65356,0,22.4161,0
2015-04-01 09:32:53,0,1,0.894798,0,5.28146,0,22.4161,0
2015-04-01 09:37:53,0,1,0.943453,0,5.61298,0,22.4161,0
2015-04-01 09:42:53,0,1,0.820523,0,5.45572,0,22.4161,0
2015-04-01 09:47:53,0,1,1.00918,0,5.39182,0,22.4161,0
2015-04-01 09:52:53,0,1,0.885413,0,5.48059,0,22.4161,0
2015-04-01 09:57:53,1,1,0.853132,0,5.87662,0,22.4161,0
2015-04-01 10:02:53,0,1,0.997858,0,4.39195,0,22.4161,0
2015-04-01 10:07:53,0,1,0.826526,0,3.04788,0,22.4161,0
2015-04-01 10:12:53,0,1,0.889478,0,5.70206,0,22.4161,0
2015-04-01 10:17:53,0,1,0.969937,0,5.5361,0,22.4161,0
2015-04-01 10:22:53,0,1,0.908703,0,5.22847,0,22.4161,0
2015-04-01 10:27:53,0,1,0.865012,0,5.51701,0,22.4161,0
2015-04-01 10:32:53,1,1,0.933222,0,4.8622,0,22.4161,0
2015-04-01 10:37:53,1,1,0.863222,0,3.06286,0,22.4161,0
2015-04-01 10:42:53,0,1,0.991014,0,1.40174,0,22.4161,0
2015-04-01 10:47:53,0,1,0.931693,0,2.91779,0,22.4161,0
2015-04-01 10:52:53,0,1,0.887653,0,5.50339,0,22.4161,0
2015-04-01 10:57:53,1,1,0.998308,0,8.04491,0,22.4161,0
2015-04-01 11:02:53,0,1,0.868812,0,4.01808,0,22.4161,0
2015-04-01 11:07:53,0,1,0.956092,0,3.0609,0,22.4161,0
2015-04-01 11:12:53,1,1,0.908621,0,4.39474,0,22.4161,0
2015-04-01 11:17:53,0,1,0.822955,0,3.60287,0,22.4161,0
2015-04-01 11:22:53,0,1,1.00283,0,2.77192,0,22.4161,0
2015-04-01 11:27:53,1,1,0.835671,0,4.3746,0,22.4161,0
2015-04-01 11:32:53,0,1,0.906831,0,3.31019,0,22.4161,0
2015-04-01 11:37:53,0,1,0.998137,0,2.58666,0,22.4161,0
2015-04-01 11:42:53,2,1,0.892306,0,5.32254,0,22.4161,0
2015-04-01 11:47:53,0,1,0.939158,0,5.61652,0,22.4161,0
2015-04-01 11:52:53,0,1,0.95893,0,5.72936,0,22.4161,0
2015-04-01 11:57:53,1,1,0.886347,0,4.5963,0,22.4161,0
2015-04-01 12:02:53,1,1,0.940832,0,3.01327,0,22.4161,0
2015-04-01 12:07:53,0,1,0.912116,0,1.29135,0,22.4161,0
2015-04-01 12:12:53,0,1,0.89887,0,3.13474,0,22.4161,0
2015-04-01 12:17:53,1,1,0.90277,0,4.74786,0,22.4161,0
2015-04-01 12:22:53,2,1,0.937426,0,4.03584,0,22.4161,0
2015-04-01 12:27:53,5,1,0.880018,0,6.56042,0,22.4161,0
2015-04-01 12:32:53,4,1,0.98473,0,14.5368,0,22.4161,0
2015-04-01 12:37:53,0,1,0.92935,0,19.4124,0,22.4161,0
2015-04-01 12:42:53,0,1,0.958415,0,12.2588,0,22.4161,0
2015-04-01 12:47:53,3,1,0.939834,0,6.85447,0,22.4161,0
2015-04-01 12:52:53,1,1,0.880831,0,6.93139,0,22.4161,0
2015-04-01 12:57:53,1,1,0.998357,0,6.36425,0,22.4161,0
2015-04-01 13:02:53,2,1,0.889093,0,1.42048,0,22.4161,0
2015-04-01 13:07:53,0,1,0.886596,0,3.24989,0,22.4161,0
2015-04-01 13:12:53,0,1,0.950993,0,5.66971,0,22.4161,0
2015-04-01 13:17:53,2,1,0.882461,0,5.48948,0,22.4161,0
2015-04-01 13:22:53,0,1,0.928608,0,5.64026,0,22.4161,0
2015-04-01 13:27:53,0,1,0.960554,0,5.84055,0,22.4161,0
2015-04-01 13:32:53,0,1,0.922281,0,5.46515,0,22.4161,0
2015-04-01 13:37:53,1,1,0.890274,0,6.47228,0,22.4161,0
2015-04-01 13:42:53,1,1,0.925321,0,3.14683,0,22.4161,0
2015-04-01 13:47:53,0,1,0.921466,0,1.37793,0,22.4161,0
2015-04-01 13:52:53,2,1,0.917628,0,3.25835,0,22.4161,0
2015-04-01 13:57:53,0,1,0.909414,0,5.85066,0,22.4161,0
2015-04-01 14:02:53,0,1,0.945208,0,5.98027,0,22.4161,0
2015-04-01 14:07:53,0,1,0.911386,0,5.51692,0,22.4161,0
2015-04-01 14:12:53,1,1,0.885388,0,4.70727,0,22.4161,0
2015-04-01 14:17:53,3,1,0.990965,0,5.12746,0,22.4161,0
2015-04-01 14:22:53,1,1,0.907332,0,4.5041,0,22.4161,0
2015-04-01 14:27:53,0,1,0.886904,0,7.26924,0,22.4161,0
2015-04-01 14:32:53,1,1,1.00571,0,1.95486,0,22.4161,0
2015-04-01 14:37:53,1,1,0.88991,0,3.04852,0,22.4161,0
2015-04-01 14:42:53,1,1,0.898544,0,0.4608,0,22.4161,0
2015-04-01 14:47:53,0,1,1.00814,0,1.13586,0,22.4161,0
2015-04-01 14:52:53,2,1,0.875965,0,3.11922,0,22.4161,0
2015-04-01 14:57:53,2,1,0.864023,0,5.80339,0,22.4161,0
2015-04-01 15:02:53,0,1,0.956175,0,6.08767,0,22.4161,0
2015-04-01 15:07:53,0,1,0.918848,0,6.05633,0,22.4161,0
2015-04-01 15:12:53,0,1,0.893938,0,5.42327,0,22.4161,0
2015-04-01 15:17:53,1,1,0.962096,0,8.17605,0,22.4161,0
2015-04-01 15:22:53,0,1,0.967141,0,3.93076,0,22.4161,0
2015-04-01 15:27:53,0,1,0.893104,0,3.20952,0,22.4161,0
2015-04-01 15:32:53,0,1,0.863331,0,5.67958,0,22.4161,0
2015-04-01 15:37:53,0,1,0.982776,0,5.55096,0,22.4161,0
2015-04-01 15:42:53,0,1,0.887553,0,5.38875,0,22.4161,0
2015-04-01 15:47:53,0,1,0.834845,0,5.4431,0,22.4161,0
2015-04-01 15:52:53,1,1,1.00694,0,8.2117,0,22.4161,0
2015-04-01 15:57:53,0,1,0.8521,0,3.99991,0,22.4161,0
2015-04-01 16:02:53,1,1,0.917567,0,3.1161,0,22.4161,0
2015-04-01 16:07:53,5,1,0.983211,0,6.83136,0,22.4161,0
2015-04-01 16:12:53,2,1,0.870906,0,9.62535,0,22.4161,0
2015-04-01 16:17:53,1,1,0.946836,0,14.41,0,22.4161,0
2015-04-01 16:22:53,0,1,0.954088,0,4.25539,0,22.4161,0
2015-04-01 16:27:53,0,1,0.915401,0,3.23504,0,22.4161,0
2015-04-01 16:32:53,0,1,0.903765,0,5.66408,0,22.4161,0
2015-04-01 16:37:53,0,1,0.927668,0,5.59683,0,22.4161,0
2015-04-01 16:42:53,0,1,0.943366,0,5.4814,0,22.4161,0
2015-04-01 16:47:53,1,1,0.861986,0,4.62327,0,22.4161,0
2015-04-01 16:52:53,0,1,0.903066,0,3.75826,0,22.4161,0
2015-04-01 16:57:53,0,1,0.909867,0,2.79694,0,22.4161,0
2015-04-01 17:02:53,3,1,0.894168,0,6.48222,0,22.4161,0
2015-04-01 17:07:53,0,1,0.93899,0,7.78363,0,22.4161,0
2015-04-01 17:12:53,1,1,0.974251,0,8.11975,0,22.4161,0
2015-04-01 17:17:53,1,1,0.880857,0,2.83027,0,22.4161,0
2015-04-01 17:22:53,0,1,0.851333,0,1.11538,0,22.4161,0
2015-04-01 17:27:53,0,1,0.969548,0,2.69029,0,22.4161,0
2015-04-01 17:32:53,2,1,0.864132,0,5.37569,0,22.4161,0
2015-04-01 17:37:53,0,1,0.923829,0,5.47903,0,22.4161,0
2015-04-01 17:42:53,0,1,0.947518,0,5.74345,0,22.4161,0
2015-04-01 17:47:53,2,1,0.859932,0,5.49253,0,22.4161,0
2015-04-01 17:52:53,5,1,0.974512,0,9.01652,0,22.4161,0
2015-04-01 17:57:53,1,1,0.910314,0,11.4631,0,22.4161,0
2015-04-01 18:02:53,0,1,0.956299,0,13.3815,0,22.4161,0
2015-04-01 18:07:53,3,1,0.937734,0,3.94079,0,22.4161,0
2015-04-01 18:12:53,2,1,0.854211,0,7.88061,0,22.4161,0
2015-04-01 18:17:53,0,1,0.99329,0,9.10985,0,22.4161,0
2015-04-01 18:22:53,0,1,0.89994,0,5.88851,0,22.4161,0
2015-04-01 18:27:53,0,1,0.904265,0,5.44915,0,22.4161,0
2015-04-01 18:32:53,0,1,0.937142,0,5.68401,0,22.4161,0
2015-04-01 18:37:53,0,1,0.867133,0,5.44549,0,22.4161,0
2015-04-01 18:42:53,0,1,0.92933,0,5.45421,0,22.4161,0
2015-04-01 18:47:53,0,1,0.895538,0,5.47502,0,22.4161,0
2015-04-01 18:52:53,0,1,0.897693,0,5.3556,0,22.4161,0
2015-04-01 18:57:53,2,1,0.981767,0,5.68137,0,22.4161,0
2015-04-01 19:02:53,0,1,0.947299,0,5.87299,0,22.4161,0
2015-04-01 19:07:53,0,1,0.879327,0,6.21775,0,22.4161,0
2015-04-01 19:12:53,2,1,0.916215,0,5.96057,0,22.4161,0
2015-04-01 19:17:53,0,1,0.930881,0,5.99946,0,22.4161,0
2015-04-01 19:22:53,0,1,0.878429,0,6.12533,0,22.4161,0
2015-04-01 19:27:53,0,1,0.892252,0,5.48884,0,22.4161,0
2015-04-01 19:32:53,0,1,0.870798,0,5.44175,0,22.4161,0
2015-04-01 19:37:53,1,1,0.969883,0,4.54899,0,22.4161,0
2015-04-01 19:42:53,0,1,0.927045,0,3.90504,0,22.4161,0
2015-04-01 19:47:53,0,1,0.847082,0,3.38829,0,22.4161,0
2015-04-01 19:52:53,2,1,1.0216,0,5.83073,0,22.4161,0
2015-04-01 19:57:53,0,1,0.908498,0,6.10857,0,22.4161,0
2015-04-01 20:02:53,0,1,0.882322,0,6.41045,0,22.4161,0
2015-04-01 20:07:53,0,1,1.00773,0,5.76411,0,22.4161,0
2015-04-01 20:12:53,0,1,0.85452,0,5.49787,0,22.4161,0
2015-04-01 20:17:53,0,1,0.898423,0,5.51694,0,22.4161,0
2015-04-01 20:22:53,0,1,0.907228,0,5.63065,0,22.4161,0
2015-04-01 20:27:53,0,1,0.898272,0,5.26763,0,22.4161,0
2015-04-01 20:32:53,0,1,0.871544,0,5.408,0,22.4161,0
2015-04-01 20:37:53,0,1,0.897731,0,5.38977,0,22.4161,0
2015-04-01 20:42:53,0,1,0.945128,0,5.33564,0,22.4161,0
2015-04-01 20:47:53,0,1,0.94536,0,5.35522,0,22.4161,0
2015-04-01 20:52:53,0,1,0.876157,0,5.52881,0,22.4161,0
2015-04-01 20:57:53,0,1,0.978195,0,5.60226,0,22.4161,0
2015-04-01 21:02:53,0,1,0.891848,0,5.56659,0,22.4161,0
2015-04-01 21:07:53,0,1,0.838783,0,5.47671,0,22.4161,0
2015-04-01 21:12:53,0,1,0.968592,0,5.55706,0,22.4161,0
2015-04-01 21:17:53,0,1,0.860372,0,5.3217,0,22.4161,0
2015-04-01 21:22:53,0,1,0.875646,0,5.3139,0,22.4161,0
2015-04-01 21:27:53,0,1,0.94844,0,5.50217,0,22.4161,0
2015-04-01 21:32:53,0,1,0.870582,0,5.28085,0,22.4161,0
2015-04-01 21:37:53,0,0,0.389721,0,5.3944,0,22.4161,0
2015-04-01 21:42:53,0,0,0.0887542,0,4.97621,0,22.4161,0
2015-04-01 21:47:53,1,0,0.0278471,0,4.30244,0,22.4161,0
2015-04-01 21:52:53,1,0,0.595289,0,3.96381,0,22.4161,0
2015-04-01 21:57:53,0,0,1.46915,0,3.174,0,22.4161,0
2015-04-01 22:02:53,0,0,0.65734,0,6.38826,0,22.4161,0
2015-04-01 22:07:53,0,0,0.771355,0,5.38152,0,22.4161,0
2015-04-01 22:12:53,0,0,0.478243,0,6.4935,0,22.4161,0
2015-04-01 22:17:53,0,0,0.272144,0,3.99297,0,22.4161,0
2015-04-01 22:22:53,0,0,0.44285,0,3.5427,0,22.4161,0
2015-04-01 22:27:53,0,0,0.636102,0,2.42187,0,22.4161,0
2015-04-01 22:32:53,0,0,0.543505,0,2.33823,0,22.4161,0
2015-04-01 22:37:53,0,0,0.799236,0,3.14426,0,22.4161,0
2015-04-01 22:42:53,0,0,0.242657,0,3.79455,0,22.4161,0
2015-04-01 22:47:53,0,0,0.0369434,0,3.47165,0,22.4161,0
2015-04-01 22:52:53,1,0,0.604731,0,3.84608,0,22.4161,0
2015-04-01 22:57:53,0,0,0.0582379,0,2.47673,0,22.4161,0
2015-04-01 23:02:53,1,0,0.512567,0,2.39182,0,22.4161,0
2015-04-01 23:07:53,0,0,0.822017,0,1.96262,0,22.4161,0
2015-04-01 23:12:53,0,0,1.33758,0,3.60294,0,22.4161,0
2015-04-01 23:17:53,0,0,0.966538,0,4.51932,0,22.4161,0
2015-04-01 23:22:53,0,0,0.539318,0,6.10775,0,22.4161,0
2015-04-01 23:27:53,1,0,0.58368,0,8.93851,0,22.4161,0
2015-04-01 23:32:53,0,0,0.345546,0,4.40466,0,22.4161,0
2015-04-01 23:37:53,0,0,0.301106,0,2.89495,0,22.4161,0
2015-04-01 23:42:53,0,0,0.195614,0,2.74324,0,22.4161,0
2015-04-01 23:47:53,1,0,0.234887,0,2.44324,0,22.4161,0
2015-04-01 23:52:53,0,0,0.804262,0,2.74698,0,22.4161,0
2015-04-01 23:57:53,0,0,0.565538,0,3.68719,0,22.4161,0
2015-04-02 00:02:53,0,0,0.582785,0,2.87872,0,22.4161,0
2015-04-02 00:07:53,0,0,0.380196,0,4.12665,0,22.4161,0
2015-04-02 00:12:53,0,0,0.250342,0,3.24238,0,22.4161,0
2015-04-02 00:17:53,0,0,0.27262,0,2.75909,0,22.4161,0
2015-04-02 00:22:53,0,0,0.215543,0,1.91389,0,22.4161,0
2015-04-02 00:27:53,1,0,0.497331,0,2.08072,0,22.4161,0
2015-04-02 00:32:53,0,0,0.933959,0,3.23978,0,22.4161,0
2015-04-02 00:37:53,1,0,0.639855,0,3.43088,0,22.4161,0
2015-04-02 00:42:53,0,0,1.94539,0,2.26393,0,22.4161,0
2015-04-02 00:47:53,0,0,0.0238602,0,3.42322,0,22.4161,0
2015-04-02 00:52:53,1,0,1.22536,0,6.67772,0,22.4161,0
2015-04-02 00:57:53,0,0,0.0565689,0,6.66866,0,22.4161,0
2015-04-02 01:02:53,0,0,0.121074,0,0.941224,0,22.4161,0
2015-04-02 01:07:53,0,0,1.25259,0,1.30535,0,22.4161,0
2015-04-02 01:12:53,2,0,0.574129,0,1.15927,0,22.4161,0
2015-04-02 01:17:53,0,0,1.11223,0,2.43217,0,22.4161,0
2015-04-02 01:22:53,0,0,0.0852544,0,4.50272,0,22.4161,0
2015-04-02 01:27:53,0,0,1.88483,0,4.0321,0,22.4161,0
2015-04-02 01:32:53,0,0,0.0267107,0,5.39203,0,22.4161,0
2015-04-02 01:37:53,1,0,0.75435,0,3.33973,0,22.4161,0
2015-04-02 01:42:53,0,0,1.47101,0,3.80328,0,22.4161,0
2015-04-02 01:47:53,1,0,0.68114,0,2.8235,0,22.4161,0
2015-04-02 01:52:53,0,0,1.0337,0,2.46694,0,22.4161,0
2015-04-02 01:57:53,0,0,0.114984,0,3.809,0,22.4161,0
2015-04-02 02:02:53,0,0,0.590429,0,2.419,0,22.4161,0
2015-04-02 02:07:53,0,0,0.068909,0,3.92149,0,22.4161,0
2015-04-02 02:12:53,0,0,0.847961,0,1.59472,0,22.4161,0
2015-04-02 02:17:53,0,0,0.732155,0,2.75707,0,22.4161,0
2015-04-02 02:22:53,0,0,0.625004,0,2.6348,0,22.4161,0
2015-04-02 02:27:53,0,0,1.07585,0,4.6332,0,22.4161,0
2015-04-02 02:32:53,0,0,0.521028,0,4.52233,0,22.4161,0
2015-04-02 02:37:53,0,0,0.755227,0,4.54774,0,22.4161,0
2015-04-02 02:42:53,0,0,0.223407,0,5.02484,0,22.4161,0
2015-04-02 02:47:53,0,0,0.0779768,0,3.29694,0,22.4161,0
2015-04-02 02:52:53,0,0,0.24822,0,2.79047,0,22.4161,0
2015-04-02 02:57:53,0,0,0.242122,0,1.07439,0,22.4161,0
2015-04-02 03:02:53,0,0,0.614937,0,0.972493,0,22.4161,0
2015-04-02 03:07:53,0,0,0.349312,0,1.84384,0,22.4161,0
2015-04-02 03:12:53,0,0,1.06141,0,2.30555,0,22.4161,0
2015-04-02 03:17:53,0,0,0.857479,0,3.60485,0,22.4161,0
2015-04-02 03:22:53,0,0,0.2753,0,4.02824,0,22.4161,0
2015-04-02 03:27:53,0,0,0.478449,0,5.1745,0,22.4161,0
2015-04-02 03:32:53,0,0,0.592334,0,3.60149,0,22.4161,0
2015-04-02 03:37:53,0,0,0.598337,0,2.37513,0,22.4161,0
2015-04-02 03:42:53,0,0,0.365958,0,3.21835,0,22.4161,0
2015-04-02 03:47:53,0,0,0.030143,0,3.33963,0,22.4161,0
2015-04-02 03:52:53,0,0,0.190846,0,2.55707,0,22.4161,0
2015-04-02 03:57:53,0,0,0.818457,0,1.34901,0,22.4161,0
2015-04-02 04:02:53,0,0,1.28487,0,1.29058,0,22.4161,0
2015-04-02 04:07:53,0,0,0.182337,0,3.49433,0,22.4161,0
2015-04-02 04:12:53,0,0,0.438993,0,5.20746,0,22.4161,0
2015-04-02 04:17:53,0,0,0.818335,0,4.65829,0,22.4161,0
2015-04-02 04:22:53,0,0,0.147894,0,2.24333,0,22.4161,0
2015-04-02 04:27:53,0,0,0.585658,0,3.10154,0,22.4161,0
2015-04-02 04:32:53,0,0,0.450526,0,3.33645,0,22.4161,0
2015-04-02 04:37:53,0,0,0.269396,0,2.06552,0,22.4161,0
2015-04-02 04:42:53,0,0,0.644698,0,2.92742,0,22.4161,0
2015-04-02 04:47:53,1,0,1.41669,0,2.24567,0,22.4161,0
2015-04-02 04:52:53,0,0,0.00404009,0,2.93548,0,22.4161,0
2015-04-02 04:57:53,0,0,0.289536,0,2.68341,0,22.4161,0
2015-04-02 05:02:53,0,0,1.01941,0,1.97651,0,22.4161,0
2015-04-02 05:07:53,0,0,1.03587,0,1.6106,0,22.4161,0
2015-04-02 05:12:53,0,0,0.876067,0,3.94329,0,22.4161,0
2015-04-02 05:17:53,0,0,0.422907,0,6.00602,0,22.4161,0
2015-04-02 05:22:53,0,0,0.346823,0,5.28264,0,22.4161,0
2015-04-02 05:27:53,0,0,0.703396,0,3.82084,0,22.4161,0
2015-04-02 05:32:53,0,0,0.149534,0,2.66576,0,22.4161,0
2015-04-02 05:37:53,0,0,0.269522,0,2.59679,0,22.4161,0
2015-04-02 05:42:53,0,0,0.0487023,0,2.67878,0,22.4161,0
2015-04-02 05:47:53,0,0,0.436622,0,1.03635,0,22.4161,0
2015-04-02 05:52:53,0,0,0.960158,0,1.34259,0,22.4161,0
2015-04-02 05:57:53,0,0,1.3183,0,1.97951,0,22.4161,0
2015-04-02 06:02:53,0,0,0.916587,0,4.54848,0,22.4161,0
2015-04-02 06:07:53,0,0,0.132514,0,6.43366,0,22.4161,0
2015-04-02 06:12:53,0,0,0.498446,0,5.92059,0,22.4161,0
2015-04-02 06:17:53,0,0,1.0165,0,3.51324,0,22.4161,0
2015-04-02 06:22:53,0,0,1.31556,0,2.41093,0,22.4161,0
2015-04-02 06:27:53,0,0,1.0839,0,4.84388,0,22.4161,0
2015-04-02 06:32:53,0,0,0.863347,0,6.7645,0,22.4161,0
2015-04-02 06:37:53,0,0,1.88594,0,6.97782,0,22.4161,0
2015-04-02 06:42:53,0,0,1.21785,0,6.86434,0,22.4161,0
2015-04-02 06:47:53,0,0,1.1527,0,7.57977,0,22.4161,0
2015-04-02 06:52:53,1,0,0.757003,0,11.0163,0,22.4161,0
2015-04-02 06:57:53,0,0,0.65094,0,4.71596,0,22.4161,0
2015-04-02 07:02:53,0,0,0.623587,0,2.62304,0,22.4161,0
2015-04-02 07:07:53,0,0,1.20077,0,4.19648,0,22.4161,0
2015-04-02 07:12:53,0,0,0.355111,0,4.40076,0,22.4161,0
2015-04-02 07:17:53,0,0,0.603543,0,4.62741,0,22.4161,0
2015-04-02 07:22:53,0,0,0.368752,0,4.91607,0,22.4161,0
2015-04-02 07:27:53,0,0,0.278811,0,2.64117,0,22.4161,0
2015-04-02 07:32:53,0,0,1.03276,0,2.82695,0,22.4161,0
2015-04-02 07:37:53,0,0,1.17936,0,2.69664,0,22.4161,0
2015-04-02 07:42:53,0,0,0.335384,0,4.08132,0,22.4161,0
2015-04-02 07:47:53,0,0,0.0557887,0,5.79239,0,22.4161,0
2015-04-02 07:52:53,0,0,0.517729,0,4.26463,0,22.4161,0
2015-04-02 07:57:53,0,0,1.83969,0,1.63546,0,22.4161,0
2015-04-02 08:02:53,0,0,1.49788,0,3.04252,0,22.4161,0
2015-04-02 08:07:53,0,0,0.893864,0,6.73045,0,22.4161,0
2015-04-02 08:12:53,0,0,0.0111543,0,9.4087,0,22.4161,0
2015-04-02 08:17:53,0,0,0.594162,0,6.29252,0,22.4161,0
2015-04-02 08:22:53,0,0,1.00954,0,3.29806,0,22.4161,0
2015-04-02 08:27:53,1,0,0.215703,0,0.899296,0,22.4161,0
2015-04-02 08:32:53,0,0,0.561115,0,1.49691,0,22.4161,0
2015-04-02 08:37:53,0,0,0.434204,0,1.02114,0,22.4161,0
2015-04-02 08:42:53,0,0,1.91037,0,2.20354,0,22.4161,0
2015-04-02 08:47:53,0,0,0.563611,0,4.46212,0,22.4161,0
2015-04-02 08:52:53,0,0,0.376499,0,5.68696,0,22.4161,0
2015-04-02 08:57:53,0,0,0.452801,0,7.23483,0,22.4161,0
2015-04-02 09:02:53,0,0,0.260207,0,2.89663,0,22.4161,0
2015-04-02 09:07:53,0,0,0.374654,0,2.29531,0,22.4161,0
2015-04-02 09:12:53,0,0,0.102469,0,2.25347,0,22.4161,0
2015-04-02 09:17:53,0,0,1.13367,0,1.6324,0,22.4161,0
2015-04-02 09:22:53,1,0,1.33309,0,1.46257,0,22.4161,0
2015-04-02 09:27:53,0,0,0.659019,0,1.90783,0,22.4161,0
2015-04-02 09:32:53,0,0,0.215261,0,3.51099,0,22.4161,0
2015-04-02 09:37:53,0,0,0.0310147,0,4.32093,0,22.4161,0
2015-04-02 09:42:53,0,0,0.36159,0,2.43859,0,22.4161,0
2015-04-02 09:47:53,0,0,0.67343,0,1.0694,0,22.4161,0
2015-04-02 09:52:53,0,0,0.436086,0,1.48966,0,22.4161,0
2015-04-02 09:57:53,0,0,0.653182,0,2.86772,0,22.4161,0
2015-04-02 10:02:53,0,0,0.89894,0,3.54565,0,22.4161,0
2015-04-02 10:07:53,0,0,0.135981,0,3.51356,0,22.4161,0
2015-04-02 10:12:53,0,0,1.22564,0,3.89341,0,22.4161,0
2015-04-02 10:17:53,0,0,0.407114,0,4.19442,0,22.4161,0
2015-04-02 10:22:53,0,0,0.146496,0,3.26634,0,22.4161,0
2015-04-02 10:27:53,1,0,1.44167,0,3.94003,0,22.4161,0
2015-04-02 10:32:53,0,0,0.31764,0,4.39296,0,22.4161,0
2015-04-02 10:37:53,0,0,0.165398,0,2.86392,0,22.4161,0
2015-04-02 10:42:53,0,0,0.907922,0,3.21579,0,22.4161,0
2015-04-02 10:47:53,0,0,0.829835,0,2.19164,0,22.4161,0
2015-04-02 10:52:53,0,0,0.758436,0,3.14187,0,22.4161,0
2015-04-02 10:57:53,0,0,0.0678896,0,5.14187,0,22.4161,0
2015-04-02 11:02:53,0,0,0.313267,0,4.07427,0,22.4161,0
2015-04-02 11:07:53,0,0,1.04643,0,2.72436,0,22.4161,0
2015-04-02 11:12:53,0,0,0.0417833,0,1.87663,0,22.4161,0
2015-04-02 11:17:53,2,0,0.289163,0,5.07673,0,22.4161,0
2015-04-02 11:22:53,0,0,0.597923,0,4.48652,0,22.4161,0
2015-04-02 11:27:53,0,0,0.272668,0,5.1159,0,22.4161,0
2015-04-02 11:32:53,0,0,1.27635,0,2.336,0,22.4161,0
2015-04-02 11:37:53,0,0,0.639057,0,3.61545,0,22.4161,0
2015-04-02 11:42:53,1,0,0.289491,0,2.82231,0,22.4161,0
2015-04-02 11:47:53,0,0,2.01874,0,2.93109,0,22.4161,0
2015-04-02 11:52:53,0,0,1.18823,0,3.68055,0,22.4161,0
2015-04-02 11:57:53,0,0,0.91149,0,6.09417,0,22.4161,0
2015-04-02 12:02:53,0,0,0.608493,0,9.34416,0,22.4161,0
2015-04-02 12:07:53,0,0,0.131555,0,5.99616,0,22.4161,0
2015-04-02 12:12:53,0,0,0.285439,0,4.08301,0,22.4161,0
2015-04-02 12:17:53,0,0,0.574363,0,2.37403,0,22.4161,0
2015-04-02 12:22:53,0,0,0.714676,0,1.5399,0,22.4161,0
2015-04-02 12:27:53,0,0,0.786852,0,2.71972,0,22.4161,0
2015-04-02 12:32:53,0,0,0.354079,0,3.93929,0,22.4161,0
2015-04-02 12:37:53,0,0,0.379561,0,4.07181,0,22.4161,0
2015-04-02 12:42:53,0,0,0.262471,0,3.44828,0,22.4161,0
2015-04-02 12:47:53,0,0,0.418988,0,2.08383,0,22.4161,0
2015-04-02 12:52:53,3,0,0.15473,0,4.24464,0,22.4161,0
2015-04-02 12:57:53,0,0,1.03301,0,6.10417,0,22.4161,0
2015-04-02 13:02:53,1,0,0.113047,0,8.0855,0,22.4161,0
2015-04-02 13:07:53,2,0,2.06346,0,2.41716,0,22.4161,0
2015-04-02 13:12:53,1,0,0.900052,0,3.98328,0,22.4161,0
2015-04-02 13:17:53,0,0,0.916763,0,4.83815,0,22.4161,0
2015-04-02 13:22:53,2,0,1.10564,0,3.43704,0,22.4161,0
2015-04-02 13:27:53,1,0,0.410638,0,5.04444,0,22.4161,0
2015-04-02 13:32:53,0,0,0.0311141,0,3.87164,0,22.4161,0
2015-04-02 13:37:53,0,0,1.34758,0,1.16932,0,22.4161,0
2015-04-02 13:42:53,0,0,1.01619,0,2.64172,0,22.4161,0
2015-04-02 13:47:53,0,0,0.923425,0,3.80469,0,22.4161,0
2015-04-02 13:52:53,0,0,0.693133,0,6.99854,0,22.4161,0
2015-04-02 13:57:53,0,0,1.02471,0,5.58856,0,22.4161,0
2015-04-02 14:02:53,0,0,1.14628,0,5.18125,0,22.4161,0
2015-04-02 14:07:53,0,0,1.1109,0,5.27511,0,22.4161,0
2015-04-02 14:12:53,2,0,1.40752,0,6.2558,0,22.4161,0
2015-04-02 14:17:53,0,0,0.904622,0,6.62456,0,22.4161,0
2015-04-02 14:22:53,1,0,0.329261,0,5.5777,0,22.4161,0
2015-04-02 14:27:53,1,0,1.83848,0,5.08405,0,22.4161,0
2015-04-02 14:32:53,1,0,0.373913,0,2.4661,0,22.4161,0
2015-04-02 14:37:53,1,0,0.625254,0,4.31527,0,22.4161,0
2015-04-02 14:42:53,2,0,2.10905,0,5.14237,0,22.4161,0
2015-04-02 14:47:53,1,0,0.461744,0,4.95572,0,22.4161,0
2015-04-02 14:52:53,0,0,1.66295,0,3.36438,0,22.4161,0
2015-04-02 14:57:53,0,0,0.774468,0,4.63739,0,22.4161,0
2015-04-02 15:02:53,1,0,0.642874,0,4.78364,0,22.4161,0
2015-04-02 15:07:53,1,0,0.619037,0,4.64401,0,22.4161,0
2015-04-02 15:12:53,0,0,1.14715,0,2.00989,0,22.4161,0
2015-04-02 15:17:53,0,0,1.10818,0,3.4566,0,22.4161,0
2015-04-02 15:22:53,0,0,0.585455,0,5.25959,0,22.4161,0
2015-04-02 15:27:53,0,0,0.0330769,0,6.24326,0,22.4161,0
2015-04-02 15:32:53,0,0,1.48566,0,4.52851,0,22.4161,0
2015-04-02 15:37:53,0,0,1.41135,0,3.30818,0,22.4161,0
2015-04-02 15:42:53,0,0,0.852835,0,4.48191,0,22.4161,0
2015-04-02 15:47:53,1,0,0.310723,0,2.72455,0,22.4161,0
2015-04-02 15:52:53,1,0,0.404805,0,5.21767,0,22.4161,0
2015-04-02 15:57:53,1,0,0.423519,0,2.41524,0,22.4161,0
2015-04-02 16:02:53,1,0,1.911,0,3.8347,0,22.4161,0
2015-04-02 16:07:53,1,0,0.33637,0,3.84954,0,22.4161,0
2015-04-02 16:12:53,0,0,1.28807,0,3.88781,0,22.4161,0
2015-04-02 16:17:53,0,0,0.0717746,0,4.6938,0,22.4161,0
2015-04-02 16:22:53,0,0,1.62878,0,4.90108,0,22.4161,0
2015-04-02 16:27:53,1,0,0.145305,0,4.63654,0,22.4161,0
2015-04-02 16:32:53,1,0,0.987098,0,2.32757,0,22.4161,0
2015-04-02 16:37:53,0,0,0.388669,0,5.67915,0,22.4161,0
2015-04-02 16:42:53,0,0,0.363999,0,4.62349,0,22.4161,0
2015-04-02 16:47:53,0,0,0.165576,0,2.30961,0,22.4161,0
2015-04-02 16:52:53,0,0,0.684701,0,2.05958,0,22.4161,0
2015-04-02 16:57:53,0,0,0.836733,0,2.10785,0,22.4161,0
2015-04-02 17:02:53,2,0,0.798008,0,3.0294,0,22.4161,0
2015-04-02 17:07:53,0,0,0.735832,0,5.17864,0,22.4161,0
2015-04-02 17:12:53,0,0,0.407919,0,5.82165,0,22.4161,0
2015-04-02 17:17:53,0,0,0.338112,0,4.27361,0,22.4161,0
2015-04-02 17:22:53,0,0,1.16596,0,3.36145,0,22.4161,0
2015-04-02 17:27:53,0,0,1.1174,0,3.06594,0,22.4161,0
2015-04-02 17:32:53,0,0,1.35899,0,4.46365,0,22.4161,0
2015-04-02 17:37:53,0,0,0.475904,0,7.09166,0,22.4161,0
2015-04-02 17:42:53,1,0,0.803472,0,6.59428,0,22.4161,0
2015-04-02 17:47:53,1,0,0.0289125,0,5.32169,0,22.4161,0
2015-04-02 17:52:53,0,0,0.927626,0,1.99426,0,22.4161,0
2015-04-02 17:57:53,0,0,0.125889,0,1.57503,0,22.4161,0
2015-04-02 18:02:53,0,0,0.572582,0,2.06788,0,22.4161,0
2015-04-02 18:07:53,0,0,0.0246054,0,3.60724,0,22.4161,0
2015-04-02 18:12:53,0,0,0.208587,0,1.54744,0,22.4161,0
2015-04-02 18:17:53,1,0,0.479309,0,2.55837,0,22.4161,0
2015-04-02 18:22:53,0,0,0.884336,0,2.24487,0,22.4161,0
2015-04-02 18:27:53,0,0,0.308599,0,4.23938,0,22.4161,0
2015-04-02 18:32:53,0,0,0.0762708,0,4.91771,0,22.4161,0
2015-04-02 18:37:53,0,0,0.286097,0,3.34647,0,22.4161,0
2015-04-02 18:42:53,0,0,0.364802,0,1.36443,0,22.4161,0
2015-04-02 18:47:53,1,0,0.253419,0,1.4362,0,22.4161,0
2015-04-02 18:52:53,0,0,0.579151,0,2.38211,0,22.4161,0
2015-04-02 18:57:53,1,0,0.591312,0,2.83328,0,22.4161,0
2015-04-02 19:02:53,0,0,1.23338,0,2.19327,0,22.4161,0
2015-04-02 19:07:53,0,0,0.781078,0,3.67855,0,22.4161,0
2015-04-02 19:12:53,0,0,0.257169,0,5.02177,0,22.4161,0
2015-04-02 19:17:53,0,0,0.278635,0,5.51946,0,22.4161,0
2015-04-02 19:22:53,2,0,0.418017,0,4.57894,0,22.4161,0
2015-04-02 19:27:53,1,0,0.891857,0,4.79622,0,22.4161,0
2015-04-02 19:32:53,0,0,0.304374,0,7.49782,0,22.4161,0
2015-04-02 19:37:53,0,0,0.91292,0,3.56548,0,22.4161,0
2015-04-02 19:42:53,1,0,0.351195,0,2.04152,0,22.4161,0
2015-04-02 19:47:53,0,0,0.168875,0,1.43848,0,22.4161,0
2015-04-02 19:52:53,0,0,0.405158,0,1.13251,0,22.4161,0
2015-04-02 19:57:53,0,0,0.0470251,0,1.79649,0,22.4161,0
2015-04-02 20:02:53,1,0,0.853041,0,2.26991,0,22.4161,0
2015-04-02 20:07:53,0,0,0.557812,0,2.90866,0,22.4161,0
2015-04-02 20:12:53,1,0,0.755354,0,2.18679,0,22.4161,0
2015-04-02 20:17:53,0,0,0.158768,0,2.26871,0,22.4161,0
2015-04-02 20:22:53,1,0,0.19452,0,3.66146,0,22.4161,0
2015-04-02 20:27:53,0,0,0.614537,0,3.47724,0,22.4161,0
2015-04-02 20:32:53,1,0,0.253147,0,2.22939,0,22.4161,0
2015-04-02 20:37:53,0,0,0.622536,0,1.60763,0,22.4161,0
2015-04-02 20:42:53,0,0,1.10162,0,2.28522,0,22.4161,0
2015-04-02 20:47:53,1,0,0.512295,0,2.10613,0,22.4161,0
2015-04-02 20:52:53,0,0,0.529546,0,2.58315,0,22.4161,0
2015-04-02 20:57:53,2,0,0.510528,0,2.79991,0,22.4161,0
2015-04-02 21:02:53,2,0,1.17611,0,5.96726,0,22.4161,0
2015-04-02 21:07:53,3,0,0.0212388,0,10.6332,0,22.4161,0
2015-04-02 21:12:53,5,0,1.38073,0,13.095,0,22.4161,0
2015-04-02 21:17:53,3,0,1.31497,0,17.0485,0,22.4161,0
2015-04-02 21:22:53,0,0,0.745486,0,19.4898,0,22.4161,0
2015-04-02 21:27:53,3,0,1.02225,0,9.74227,0,22.4161,0
2015-04-02 21:32:53,1,0,0.794881,0,10.8462,0,22.4161,0
2015-04-02 21:37:53,1,0,0.0977583,0,7.75326,0,22.4161,0
2015-04-02 21:42:53,0,0,1.04954,0,0.574734,0,22.4161,0
2015-04-02 21:47:53,0,0,0.583394,0,1.86041,0,22.4161,0
2015-04-02 21:52:53,1,0,0.566912,0,1.19998,0,22.4161,0
2015-04-02 21:57:53,1,0,0.523835,0,1.80594,0,22.4161,0
2015-04-02 22:02:53,1,0,1.09285,0,2.59216,0,22.4161,0
2015-04-02 22:07:53,0,0,0.310049,0,3.34445,0,22.4161,0
2015-04-02 22:12:53,2,0,0.466335,0,4.49326,0,22.4161,0
2015-04-02 22:17:53,0,0,1.40499,0,5.90322,0,22.4161,0
2015-04-02 22:22:53,1,0,0.132493,0,5.89639,0,22.4161,0
2015-04-02 22:27:53,0,0,0.334171,0,2.34147,0,22.4161,0
2015-04-02 22:32:53,0,0,1.34201,0,1.81412,0,22.4161,0
2015-04-02 22:37:53,0,0,0.139973,0,2.40783,0,22.4161,0
2015-04-02 22:42:53,0,0,0.675917,0,3.8265,0,22.4161,0
2015-04-02 22:47:53,1,0,0.594646,0,4.63005,0,22.4161,0
2015-04-02 22:52:53,0,0,0.500402,0,1.66273,0,22.4161,0
2015-04-02 22:57:53,0,0,1.11207,0,2.66194,0,22.4161,0
2015-04-02 23:02:53,0,0,1.31642,0,3.89681,0,22.4161,0
2015-04-02 23:07:53,0,1,0.427107,0,5.04177,0,22.4161,0
2015-04-02 23:12:53,2,1,0.586724,0,8.27787,0,22.4161,0
2015-04-02 23:17:53,2,1,0.435143,0,8.50832,0,22.4161,0
2015-04-02 23:22:53,0,1,0.041548,0,9.04214,0,22.4161,0
2015-04-02 23:27:53,2,1,0.0998499,0,7.06857,0,22.4161,0
2015-04-02 23:32:53,0,1,0.270671,0,6.61809,0,22.4161,0
2015-04-02 23:37:53,1,1,0.162532,0,7.3131,0,22.4161,0
2015-04-02 23:42:53,0,1,0.746107,0,1.92074,0,22.4161,0
2015-04-02 23:47:53,2,1,0.398464,0,3.76694,0,22.4161,0
2015-04-02 23:52:53,0,1,0.697962,0,3.39385,0,22.4161,0
2015-04-02 23:57:53,0,1,0.143018,0,5.25657,0,22.4161,0
2015-04-03 00:02:53,1,1,0.59647,0,3.4483,0,22.4161,0
2015-04-03 00:07:53,7,1,0.487465,0,10.4315,0,22.4161,0
2015-04-03 00:12:53,0,1,0.126958,0,15.0772,0,22.4161,0
2015-04-03 00:17:53,2,1,0.68982,0,22.0586,0,22.4161,0
2015-04-03 00:22:53,1,1,1.04566,0,5.26127,0,22.4161,0
2015-04-03 00:27:53,1,1,0.14296,0,4.57536,0,22.4161,0
2015-04-03 00:32:53,0,1,0.447797,0,1.16482,0,22.4161,0
2015-04-03 00:37:53,0,1,1.01435,0,0.870706,0,22.4161,0
2015-04-03 00:42:53,0,1,0.421543,0,2.33882,0,22.4161,0
2015-04-03 00:47:53,1,1,1.12273,0,2.52239,0,22.4161,0
2015-04-03 00:52:53,0,1,0.413645,0,3.80006,0,22.4161,0
2015-04-03 00:57:53,1,1,0.00280503,0,2.15385,0,22.4161,0
2015-04-03 01:02:53,1,1,0.231529,0,3.90177,0,22.4161,0
2015-04-03 01:07:53,0,1,0.676176,0,2.58268,0,22.4161,0
2015-04-03 01:12:53,0,1,1.00044,0,3.49307,0,22.4161,0
2015-04-03 01:17:53,1,1,0.657896,0,1.35389,0,22.4161,0
2015-04-03 01:22:53,0,1,0.300699,0,2.55636,0,22.4161,0
2015-04-03 01:27:53,0,1,1.09651,0,1.93015,0,22.4161,0
2015-04-03 01:32:53,0,1,0.751984,0,3.96842,0,22.4161,0
2015-04-03 01:37:53,0,1,0.840716,0,3.84709,0,22.4161,0
2015-04-03 01:42:53,1,1,0.555682,0,3.65113,0,22.4161,0
2015-04-03 01:47:53,0,1,0.563178,0,3.1302,0,22.4161,0
2015-04-03 01:52:53,0,1,0.139934,0,2.15239,0,22.4161,0
2015-04-03 01:57:53,0,1,0.871767,0,2.93333,0,22.4161,0
2015-04-03 02:02:53,0,1,0.877402,0,2.84117,0,22.4161,0
2015-04-03 02:07:53,0,1,1.53734,0,3.04074,0,22.4161,0
2015-04-03 02:12:53,0,1,0.938978,0,5.90745,0,22.4161,0
2015-04-03 02:17:53,1,1,0.968687,0,7.25498,0,22.4161,0
2015-04-03 02:22:53,0,1,0.820888,0,6.21237,0,22.4161,0
2015-04-03 02:27:53,0,1,0.858012,0,2.80069,0,22.4161,0
2015-04-03 02:32:53,0,1,0.0527962,0,5.0877,0,22.4161,0
2015-04-03 02:37:53,0,1,0.314242,0,4.23148,0,22.4161,0
2015-04-03 02:42:53,0,1,1.0355,0,2.99387,0,22.4161,0
2015-04-03 02:47:53,0,1,1.65159,0,1.82237,0,22.4161,0
2015-04-03 02:52:53,0,1,1.66291,0,4.66531,0,22.4161,0
2015-04-03 02:57:53,0,1,1.4201,0,8.07258,0,22.4161,0
2015-04-03 03:02:53,2,1,0.29835,0,11.6188,0,22.4161,0
2015-04-03 03:07:53,0,1,0.882525,0,6.44689,0,22.4161,0
2015-04-03 03:12:53,0,1,1.14453,0,3.21893,0,22.4161,0
2015-04-03 03:17:53,0,1,1.70138,0,3.80463,0,22.4161,0
2015-04-03 03:22:53,0,1,0.94105,0,6.63801,0,22.4161,0
2015-04-03 03:27:53,0,1,1.28649,0,7.77739,0,22.4161,0
2015-04-03 03:32:53,1,1,1.2774,0,7.27273,0,22.4161,0
2015-04-03 03:37:53,0,1,0.891659,0,4.67354,0,22.4161,0
2015-04-03 03:42:53,0,1,0.14509,0,4.65316,0,22.4161,0
2015-04-03 03:47:53,0,1,0.715358,0,2.69092,0,22.4161,0
2015-04-03 03:52:53,0,1,0.567457,0,3.68052,0,22.4161,0
2015-04-03 03:57:53,0,1,0.268213,0,2.43344,0,22.4161,0
2015-04-03 04:02:53,0,1,0.0110787,0,3.5492,0,22.4161,0
2015-04-03 04:07:53,0,1,0.958538,0,2.24988,0,22.4161,0
2015-04-03 04:12:53,0,1,1.75904,0,1.78534,0,22.4161,0
2015-04-03 04:17:53,0,1,1.07819,0,3.70935,0,22.4161,0
2015-04-03 04:22:53,2,1,0.253193,0,4.32366,0,22.4161,0
2015-04-03 04:27:53,1,1,0.0935648,0,5.46021,0,22.4161,0
2015-04-03 04:32:53,1,1,0.163649,0,3.59845,0,22.4161,0
2015-04-03 04:37:53,0,1,1.25869,0,1.81405,0,22.4161,0
2015-04-03 04:42:53,0,1,0.781943,0,4.85391,0,22.4161,0
2015-04-03 04:47:53,0,1,0.419111,0,3.79027,0,22.4161,0
2015-04-03 04:52:53,0,1,0.372543,0,5.75907,0,22.4161,0
2015-04-03 04:57:53,0,1,0.421678,0,3.55659,0,22.4161,0
2015-04-03 05:02:53,0,1,0.365472,0,2.4241,0,22.4161,0
2015-04-03 05:07:53,0,1,0.450344,0,2.32646,0,22.4161,0
2015-04-03 05:12:53,0,1,0.447912,0,2.44632,0,22.4161,0
2015-04-03 05:17:53,0,1,0.686867,0,2.44502,0,22.4161,0
2015-04-03 05:22:53,0,1,0.13673,0,2.93372,0,22.4161,0
2015-04-03 05:27:53,0,1,1.2115,0,2.8542,0,22.4161,0
2015-04-03 05:32:53,0,1,0.70132,0,3.54556,0,22.4161,0
2015-04-03 05:37:53,0,1,0.155381,0,3.53451,0,22.4161,0
2015-04-03 05:42:53,0,1,0.239507,0,5.19252,0,22.4161,0
2015-04-03 05:47:53,1,1,1.06161,0,3.17522,0,22.4161,0
2015-04-03 05:52:53,0,1,1.28653,0,2.52487,0,22.4161,0
2015-04-03 05:57:53,1,1,0.248942,0,4.17024,0,22.4161,0
2015-04-03 06:02:53,0,1,1.13678,0,1.96485,0,22.4161,0
2015-04-03 06:07:53,0,1,0.919635,0,2.49425,0,22.4161,0
2015-04-03 06:12:53,0,1,2.23264,0,3.94002,0,22.4161,0
2015-04-03 06:17:53,0,1,0.653595,0,7.48225,0,22.4161,0
2015-04-03 06:22:53,0,1,1.08749,0,7.87777,0,22.4161,0
2015-04-03 06:27:53,1,1,1.08402,0,8.09259,0,22.4161,0
2015-04-03 06:32:53,0,1,1.20161,0,3.21978,0,22.4161,0
2015-04-03 06:37:53,0,1,0.560933,0,3.63211,0,22.4161,0
2015-04-03 06:42:53,0,1,0.839303,0,4.59213,0,22.4161,0
2015-04-03 06:47:53,0,1,0.294668,0,5.56599,0,22.4161,0
2015-04-03 06:52:53,0,1,0.422566,0,3.65607,0,22.4161,0
2015-04-03 06:57:53,0,1,0.237186,0,3.52981,0,22.4161,0
2015-04-03 07:02:53,0,1,0.423042,0,1.96632,0,22.4161,0
2015-04-03 07:07:53,0,1,0.820324,0,2.16511,0,22.4161,0
2015-04-03 07:12:53,1,1,0.358245,0,1.73732,0,22.4161,0
2015-04-03 07:17:53,0,1,1.29374,0,1.98672,0,22.4161,0
2015-04-03 07:22:53,0,1,0.280827,0,2.54926,0,22.4161,0
2015-04-03 07:27:53,0,1,0.123785,0,6.0687,0,22.4161,0
2015-04-03 07:32:53,0,1,1.21655,0,4.56666,0,22.4161,0
2015-04-03 07:37:53,0,1,1.16171,0,2.3066,0,22.4161,0
2015-04-03 07:42:53,1,1,1.20844,0,1.4613,0,22.4161,0
2015-04-03 07:47:53,0,1,0.0232224,0,2.67665,0,22.4161,0
2015-04-03 07:52:53,0,1,0.218192,0,1.34183,0,22.4161,0
2015-04-03 07:57:53,0,1,0.66453,0,1.16806,0,22.4161,0
2015-04-03 08:02:53,0,1,0.800648,0,1.17058,0,22.4161,0
2015-04-03 08:07:53,0,1,0.424598,0,2.78428,0,22.4161,0
2015-04-03 08:12:53,0,1,0.538087,0,4.01948,0,22.4161,0
2015-04-03 08:17:53,0,1,0.0821116,0,3.78923,0,22.4161,0
2015-04-03 08:22:53,0,1,0.309746,0,2.43208,0,22.4161,0
2015-04-03 08:27:53,0,1,0.0773641,0,2.08823,0,22.4161,0
2015-04-03 08:32:53,0,1,0.102839,0,0.94319,0,22.4161,0
2015-04-03 08:37:53,0,1,0.257366,0,1.1868,0,22.4161,0
2015-04-03 08:42:53,0,1,0.0518795,0,0.695137,0,22.4161,0
2015-04-03 08:47:53,0,1,0.872813,0,0.875129,0,22.4161,0
2015-04-03 08:52:53,0,1,0.471194,0,1.74867,0,22.4161,0
2015-04-03 08:57:53,0,1,0.152519,0,2.37246,0,22.4161,0
2015-04-03 09:02:53,0,1,0.026811,0,3.71335,0,22.4161,0
2015-04-03 09:07:53,0,1,0.561795,0,1.74543,0,22.4161,0
2015-04-03 09:12:53,0,1,0.289212,0,1.07297,0,22.4161,0
2015-04-03 09:17:53,1,1,0.234014,0,1.77487,0,22.4161,0
2015-04-03 09:22:53,0,1,0.661881,0,2.2343,0,22.4161,0
2015-04-03 09:27:53,1,1,0.534933,0,2.93851,0,22.4161,0
2015-04-03 09:32:53,0,1,1.3169,0,1.91321,0,22.4161,0
2015-04-03 09:37:53,0,1,0.135371,0,3.40113,0,22.4161,0
2015-04-03 09:42:53,1,1,0.190763,0,5.13444,0,22.4161,0
2015-04-03 09:47:53,0,1,0.405982,0,3.55195,0,22.4161,0
2015-04-03 09:52:53,1,1,0.909541,0,2.64927,0,22.4161,0
2015-04-03 09:57:53,1,1,1.04162,0,2.25237,0,22.4161,0
2015-04-03 10:02:53,0,1,0.603791,0,3.02017,0,22.4161,0
2015-04-03 10:07:53,1,1,0.857403,0,2.09049,0,22.4161,0
2015-04-03 10:12:53,0,1,1.08728,0,3.12046,0,22.4161,0
2015-04-03 10:17:53,1,1,0.824504,0,2.35034,0,22.4161,0
2015-04-03 10:22:53,0,1,1.34685,0,3.84202,0,22.4161,0
2015-04-03 10:27:53,1,1,0.275806,0,2.2577,0,22.4161,0
2015-04-03 10:32:53,1,1,0.848203,0,3.89141,0,22.4161,0
2015-04-03 10:37:53,0,1,0.359431,0,3.14235,0,22.4161,0
2015-04-03 10:42:53,0,1,0.442074,0,4.43046,0,22.4161,0
2015-04-03 10:47:53,1,1,1.77062,0,2.96227,0,22.4161,0
2015-04-03 10:52:53,0,1,0.519126,0,3.96477,0,22.4161,0
2015-04-03 10:57:53,0,1,1.25745,0,5.63754,0,22.4161,0
2015-04-03 11:02:53,1,1,0.771006,0,5.93556,0,22.4161,0
2015-04-03 11:07:53,0,1,0.186071,0,2.84328,0,22.4161,0
2015-04-03 11:12:53,0,1,0.308688,0,2.27499,0,22.4161,0
2015-04-03 11:17:53,2,1,1.74091,0,3.53764,0,22.4161,0
2015-04-03 11:22:53,0,1,0.0273029,0,3.92944,0,22.4161,0
2015-04-03 11:27:53,0,1,0.550318,0,2.09394,0,22.4161,0
2015-04-03 11:32:53,2,1,1.31197,0,2.62257,0,22.4161,0
2015-04-03 11:37:53,0,1,0.628639,0,4.44819,0,22.4161,0
2015-04-03 11:42:53,0,1,0.249411,0,6.15127,0,22.4161,0
2015-04-03 11:47:53,0,1,1.60233,0,5.38626,0,22.4161,0
2015-04-03 11:52:53,1,1,0.226121,0,2.98707,0,22.4161,0
2015-04-03 11:57:53,2,1,0.170049,0,3.72678,0,22.4161,0
2015-04-03 12:02:53,0,1,0.63439,0,4.22462,0,22.4161,0
2015-04-03 12:07:53,0,1,1.64414,0,3.24352,0,22.4161,0
2015-04-03 12:12:53,0,1,0.723855,0,3.42307,0,22.4161,0
2015-04-03 12:17:53,1,1,1.23984,0,4.1917,0,22.4161,0
2015-04-03 12:22:53,0,1,1.04822,0,6.26211,0,22.4161,0
2015-04-03 12:27:53,0,1,0.952829,0,4.35634,0,22.4161,0
2015-04-03 12:32:53,0,1,0.832019,0,7.10906,0,22.4161,0
2015-04-03 12:37:53,0,1,1.2892,0,5.88234,0,22.4161,0
2015-04-03 12:42:53,0,1,1.20017,0,5.81173,0,22.4161,0
2015-04-03 12:47:53,1,1,1.2861,0,6.6027,0,22.4161,0
2015-04-03 12:52:53,0,1,0.472622,0,5.88212,0,22.4161,0
2015-04-03 12:57:53,0,1,0.298203,0,3.07684,0,22.4161,0
2015-04-03 13:02:53,1,1,0.786578,0,3.86047,0,22.4161,0
2015-04-03 13:07:53,0,1,0.541439,0,3.99852,0,22.4161,0
2015-04-03 13:12:53,0,1,0.470158,0,3.45739,0,22.4161,0
2015-04-03 13:17:53,0,1,1.68347,0,3.88848,0,22.4161,0
2015-04-03 13:22:53,1,1,0.664129,0,3.24811,0,22.4161,0
2015-04-03 13:27:53,0,1,0.995577,0,3.44155,0,22.4161,0
2015-04-03 13:32:53,1,1,0.425017,0,3.3831,0,22.4161,0
2015-04-03 13:37:53,1,1,1.1879,0,2.57622,0,22.4161,0
2015-04-03 13:42:53,0,1,0.391988,0,2.0689,0,22.4161,0
2015-04-03 13:47:53,1,1,0.3814,0,2.27656,0,22.4161,0
2015-04-03 13:52:53,0,1,0.28435,0,3.42915,0,22.4161,0
2015-04-03 13:57:53,1,1,0.461144,0,3.40603,0,22.4161,0
2015-04-03 14:02:53,2,1,0.476813,0,4.11435,0,22.4161,0
2015-04-03 14:07:53,2,1,1.56875,0,6.74785,0,22.4161,0
2015-04-03 14:12:53,0,1,0.341451,0,8.51203,0,22.4161,0
2015-04-03 14:17:53,0,1,0.631603,0,8.41085,0,22.4161,0
2015-04-03 14:22:53,1,1,0.975809,0,3.80065,0,22.4161,0
2015-04-03 14:27:53,3,1,0.0802884,0,3.78534,0,22.4161,0
2015-04-03 14:32:53,2,1,0.388568,0,7.07329,0,22.4161,0
2015-04-03 14:37:53,0,1,0.837697,0,11.7185,0,22.4161,0
2015-04-03 14:42:53,2,1,0.513102,0,6.27707,0,22.4161,0
2015-04-03 14:47:53,0,1,1.14383,0,4.00341,0,22.4161,0
2015-04-03 14:52:53,1,1,0.380074,0,4.65694,0,22.4161,0
2015-04-03 14:57:53,1,1,0.919075,0,2.44688,0,22.4161,0
2015-04-03 15:02:53,2,1,0.123969,0,2.75226,0,22.4161,0
2015-04-03 15:07:53,0,1,1.22235,0,4.1456,0,22.4161,0
2015-04-03 15:12:53,1,1,0.674835,0,3.71306,0,22.4161,0
2015-04-03 15:17:53,2,1,0.971643,0,2.14177,0,22.4161,0
2015-04-03 15:22:53,0,1,0.349082,0,4.28902,0,22.4161,0
2015-04-03 15:27:53,0,1,1.23971,0,5.43298,0,22.4161,0
2015-04-03 15:32:53,1,1,1.38056,0,3.8528,0,22.4161,0
2015-04-03 15:37:53,0,1,0.102507,0,2.90722,0,22.4161,0
2015-04-03 15:42:53,1,1,0.0938521,0,3.20301,0,22.4161,0
2015-04-03 15:47:53,1,1,1.93656,0,4.53089,0,22.4161,0
2015-04-03 15:52:53,1,1,0.212898,0,5.44134,0,22.4161,0
2015-04-03 15:57:53,0,1,0.642214,0,4.80446,0,22.4161,0
2015-04-03 16:02:53,0,1,0.81621,0,3.87769,0,22.4161,0
2015-04-03 16:07:53,0,1,0.187023,0,2.73933,0,22.4161,0
2015-04-03 16:12:53,0,1,0.749042,0,3.74608,0,22.4161,0
2015-04-03 16:17:53,1,1,0.482819,0,3.07363,0,22.4161,0
2015-04-03 16:22:53,0,1,1.14876,0,1.5458,0,22.4161,0
2015-04-03 16:27:53,1,1,0.743531,0,1.86727,0,22.4161,0
2015-04-03 16:32:53,0,1,1.66157,0,2.48951,0,22.4161,0
2015-04-03 16:37:53,1,1,0.47384,0,2.59491,0,22.4161,0
2015-04-03 16:42:53,0,1,0.0811469,0,4.02757,0,22.4161,0
2015-04-03 16:47:53,0,1,0.609336,0,3.01353,0,22.4161,0
2015-04-03 16:52:53,1,1,0.472054,0,1.97448,0,22.4161,0
2015-04-03 16:57:53,1,1,0.763504,0,1.55271,0,22.4161,0
2015-04-03 17:02:53,0,1,0.0792006,0,2.99139,0,22.4161,0
2015-04-03 17:07:53,1,1,0.927829,0,3.90047,0,22.4161,0
2015-04-03 17:12:53,0,1,0.562493,0,2.25576,0,22.4161,0
2015-04-03 17:17:53,0,1,0.684978,0,2.22079,0,22.4161,0
2015-04-03 17:22:53,0,1,0.947917,0,3.78613,0,22.4161,0
2015-04-03 17:27:53,0,1,0.40669,0,4.00535,0,22.4161,0
2015-04-03 17:32:53,0,1,0.186064,0,4.35746,0,22.4161,0
2015-04-03 17:37:53,1,1,0.505302,0,4.47107,0,22.4161,0
2015-04-03 17:42:53,0,1,1.24848,0,3.67965,0,22.4161,0
2015-04-03 17:47:53,0,1,0.965149,0,4.48743,0,22.4161,0
2015-04-03 17:52:53,0,1,0.593146,0,4.97801,0,22.4161,0
2015-04-03 17:57:53,1,1,0.201165,0,5.7697,0,22.4161,0
2015-04-03 18:02:53,0,1,0.677783,0,3.91032,0,22.4161,0
2015-04-03 18:07:53,1,1,0.018522,0,1.94511,0,22.4161,0
2015-04-03 18:12:53,0,1,1.12212,0,1.26645,0,22.4161,0
2015-04-03 18:17:53,0,1,0.401303,0,2.12582,0,22.4161,0
2015-04-03 18:22:53,1,1,0.152259,0,0.972594,0,22.4161,0
2015-04-03 18:27:53,0,1,0.80253,0,1.39532,0,22.4161,0
2015-04-03 18:32:53,0,1,1.0924,0,2.79944,0,22.4161,0
2015-04-03 18:37:53,1,1,0.994369,0,1.55315,0,22.4161,0
2015-04-03 18:42:53,0,1,0.667577,0,2.38061,0,22.4161,0
2015-04-03 18:47:53,0,1,0.357313,0,2.38922,0,22.4161,0
2015-04-03 18:52:53,1,1,0.388135,0,3.38257,0,22.4161,0
2015-04-03 18:57:53,1,1,0.753302,0,3.89997,0,22.4161,0
2015-04-03 19:02:53,2,1,0.694793,0,5.00494,0,22.4161,0
2015-04-03 19:07:53,2,1,0.50699,0,5.6342,0,22.4161,0
2015-04-03 19:12:53,2,1,0.233738,0,7.84352,0,22.4161,0
2015-04-03 19:17:53,1,1,0.771201,0,7.6679,0,22.4161,0
2015-04-03 19:22:53,0,1,0.173771,0,7.93854,0,22.4161,0
2015-04-03 19:27:53,2,1,1.33896,0,5.92521,0,22.4161,0
2015-04-03 19:32:53,0,1,0.383457,0,4.09755,0,22.4161,0
2015-04-03 19:37:53,1,1,0.104414,0,4.06166,0,22.4161,0
2015-04-03 19:42:53,3,1,0.828306,0,5.84064,0,22.4161,0
2015-04-03 19:47:53,0,1,0.763931,0,10.5265,0,22.4161,0
2015-04-03 19:52:53,0,1,0.182129,0,13.2,0,22.4161,0
2015-04-03 19:57:53,5,1,2.09516,0,8.83065,0,22.4161,0
2015-04-03 20:02:53,0,1,0.193056,0,11.507,0,22.4161,0
2015-04-03 20:07:53,0,1,0.481047,0,10.0222,0,22.4161,0
2015-04-03 20:12:53,0,1,1.51311,0,7.15264,0,22.4161,0
2015-04-03 20:17:53,4,1,0.13272,0,4.02815,0,22.4161,0
2015-04-03 20:22:53,4,1,0.126651,0,10.2842,0,22.4161,0
2015-04-03 20:27:53,1,1,1.35605,0,20.0161,0,22.4161,0
2015-04-03 20:32:53,9,1,0.895794,0,21.94,0,22.4161,0
2015-04-03 20:37:53,5,1,0.893847,0,22.0121,0,22.4161,0
2015-04-03 20:42:53,3,1,0.26018,0,33.2464,0,22.4161,1
2015-04-03 20:47:53,7,1,2.43661,0,23.2647,0,22.4161,1
2015-04-03 20:52:53,1,1,0.267276,0,21.2347,0,22.4161,0
2015-04-03 20:57:53,6,1,0.589288,0,31.8476,0,22.4161,1
2015-04-03 21:02:53,6,1,1.84104,0,21.186,0,22.4161,0
2015-04-03 21:07:53,3,1,0.214287,0,27.2602,0,22.4161,1
2015-04-03 21:12:53,0,1,0.437626,0,18.7643,0,22.4161,0
2015-04-03 21:17:53,1,1,1.79416,0,4.46781,0,22.4161,0
2015-04-03 21:22:53,0,1,0.0999204,0,3.56177,0,22.4161,0
2015-04-03 21:27:53,0,1,0.583717,0,4.43276,0,22.4161,0
2015-04-03 21:32:53,1,1,0.581845,0,4.09254,0,22.4161,0
2015-04-03 21:37:53,1,1,1.3105,0,1.55048,0,22.4161,0
2015-04-03 21:42:53,1,1,0.397946,0,2.39566,0,22.4161,0
2015-04-03 21:47:53,2,1,0.957595,0,3.47752,0,22.4161,0
2015-04-03 21:52:53,0,1,0.96387,0,5.06399,0,22.4161,0
2015-04-03 21:57:53,0,1,0.222383,0,6.83089,0,22.4161,0
2015-04-03 22:02:53,0,1,0.806994,0,5.02291,0,22.4161,0
2015-04-03 22:07:53,1,1,1.362,0,3.52938,0,22.4161,0
2015-04-03 22:12:53,0,1,0.5476,0,2.41516,0,22.4161,0
2015-04-03 22:17:53,0,1,1.04068,0,3.50081,0,22.4161,0
2015-04-03 22:22:53,0,1,1.29487,0,5.22666,0,22.4161,0
2015-04-03 22:27:53,0,1,0.219551,0,5.01903,0,22.4161,0
2015-04-03 22:32:53,0,1,0.195695,0,5.93133,0,22.4161,0
2015-04-03 22:37:53,2,1,1.31224,0,6.12801,0,22.4161,0
2015-04-03 22:42:53,0,1,0.661505,0,4.15304,0,22.4161,0
2015-04-03 22:47:53,0,1,1.23222,0,4.83056,0,22.4161,0
2015-04-03 22:52:53,1,1,0.102193,0,3.6072,0,22.4161,0
2015-04-03 22:57:53,1,1,0.529531,0,3.34677,0,22.4161,0
2015-04-03 23:02:53,0,1,0.833556,0,2.35948,0,22.4161,0
2015-04-03 23:07:53,0,1,0.247412,0,3.12809,0,22.4161,0
2015-04-03 23:12:53,1,1,0.0939995,0,3.08284,0,22.4161,0
2015-04-03 23:17:53,0,1,0.252767,0,3.20628,0,22.4161,0
2015-04-03 23:22:53,0,1,0.0534539,0,1.84878,0,22.4161,0
2015-04-03 23:27:53,1,1,1.01211,0,1.73408,0,22.4161,0
2015-04-03 23:32:53,1,1,0.355441,0,1.20777,0,22.4161,0
2015-04-03 23:37:53,0,1,0.291127,0,0.629825,0,22.4161,0
2015-04-03 23:42:53,1,1,0.22992,0,1.4561,0,22.4161,0
2015-04-03 23:47:53,1,1,0.473986,0,3.25415,0,22.4161,0
2015-04-03 23:52:53,0,1,0.192427,0,4.14077,0,22.4161,0
2015-04-03 23:57:53,1,1,1.44113,0,4.06579,0,22.4161,0
2015-04-04 00:02:53,0,1,0.840255,0,4.32371,0,22.4161,0
2015-04-04 00:07:53,0,1,0.718366,0,4.61388,0,22.4161,0
2015-04-04 00:12:53,0,1,0.282334,0,6.4404,0,22.4161,0
2015-04-04 00:17:53,1,1,0.659395,0,4.67516,0,22.4161,0
2015-04-04 00:22:53,0,1,0.840213,0,4.94243,0,22.4161,0
2015-04-04 00:27:53,0,1,0.280407,0,4.13254,0,22.4161,0
2015-04-04 00:32:53,1,1,0.338788,0,4.4638,0,22.4161,0
2015-04-04 00:37:53,0,1,0.242898,0,4.01654,0,22.4161,0
2015-04-04 00:42:53,1,1,0.3845,0,2.91505,0,22.4161,0
2015-04-04 00:47:53,2,1,1.05164,0,4.14607,0,22.4161,0
2015-04-04 00:52:53,0,1,0.973884,0,5.85578,0,22.4161,0
2015-04-04 00:57:53,0,1,0.275836,0,8.22872,0,22.4161,0
2015-04-04 01:02:53,2,1,0.478598,0,6.82686,0,22.4161,0
2015-04-04 01:07:53,1,1,0.721294,0,6.89138,0,22.4161,0
2015-04-04 01:12:53,0,1,0.149245,0,7.74104,0,22.4161,0
2015-04-04 01:17:53,2,1,0.778923,0,5.07097,0,22.4161,0
2015-04-04 01:22:53,0,1,0.114324,0,4.78363,0,22.4161,0
2015-04-04 01:27:53,0,1,0.0872397,0,4.60318,0,22.4161,0
2015-04-04 01:32:53,2,1,0.149139,0,4.47818,0,22.4161,0
2015-04-04 01:37:53,0,1,0.772307,0,4.31763,0,22.4161,0
2015-04-04 01:42:53,0,1,1.28395,0,6.80887,0,22.4161,0
2015-04-04 01:47:53,0,1,1.66083,0,3.27598,0,22.4161,0
2015-04-04 01:52:53,0,1,0.173745,0,6.54566,0,22.4161,0
2015-04-04 01:57:53,0,1,0.0346241,0,7.34727,0,22.4161,0
2015-04-04 02:02:53,0,1,0.699353,0,5.36461,0,22.4161,0
2015-04-04 02:07:53,1,1,1.55084,0,0.89113,0,22.4161,0
2015-04-04 02:12:53,0,1,0.902817,0,2.256,0,22.4161,0
2015-04-04 02:17:53,1,1,0.279296,0,4.49951,0,22.4161,0
2015-04-04 02:22:53,4,1,1.77285,0,8.36499,0,22.4161,0
2015-04-04 02:27:53,4,1,0.561204,0,9.23228,0,22.4161,0
2015-04-04 02:32:53,2,1,0.802606,0,15.4573,0,22.4161,0
2015-04-04 02:37:53,0,1,2.17778,0,11.515,0,22.4161,0
2015-04-04 02:42:53,0,1,0.53952,0,6.37519,0,22.4161,0
2015-04-04 02:47:53,0,1,0.98079,0,9.9352,0,22.4161,0
2015-04-04 02:52:53,0,1,0.870468,0,8.59317,0,22.4161,0
2015-04-04 02:57:53,0,1,0.293259,0,4.45061,0,22.4161,0
2015-04-04 03:02:53,2,1,0.319758,0,6.39005,0,22.4161,0
2015-04-04 03:07:53,0,1,1.46058,0,7.77674,0,22.4161,0
2015-04-04 03:12:53,0,1,0.170139,0,7.498,0,22.4161,0
2015-04-04 03:17:53,0,1,0.33544,0,4.05057,0,22.4161,0
2015-04-04 03:22:53,0,1,0.133109,0,5.05745,0,22.4161,0
2015-04-04 03:27:53,0,1,1.04141,0,1.31441,0,22.4161,0
2015-04-04 03:32:53,0,1,0.151417,0,2.31395,0,22.4161,0
2015-04-04 03:37:53,0,1,0.259304,0,2.63356,0,22.4161,0
2015-04-04 03:42:53,0,1,0.86307,0,3.68637,0,22.4161,0
2015-04-04 03:47:53,1,1,0.412764,0,1.10979,0,22.4161,0
2015-04-04 03:52:53,0,1,0.249981,0,1.46454,0,22.4161,0
2015-04-04 03:57:53,0,1,0.748768,0,1.4863,0,22.4161,0
2015-04-04 04:02:53,0,1,0.303216,0,2.48702,0,22.4161,0
2015-04-04 04:07:53,1,1,0.631166,0,2.94912,0,22.4161,0
2015-04-04 04:12:53,0,1,0.797709,0,2.99122,0,22.4161,0
2015-04-04 04:17:53,0,1,0.468305,0,3.97462,0,22.4161,0
2015-04-04 04:22:53,0,1,0.604161,0,3.95722,0,22.4161,0
2015-04-04 04:27:53,0,1,0.358228,0,3.9339,0,22.4161,0
2015-04-04 04:32:53,0,1,0.00617538,0,2.97147,0,22.4161,0
2015-04-04 04:37:53,0,1,0.295123,0,2.53511,0,22.4161,0
2015-04-04 04:42:53,0,1,0.161694,0,1.38216,0,22.4161,0
2015-04-04 04:47:53,0,1,0.719892,0,0.770466,0,22.4161,0
2015-04-04 04:52:53,0,1,0.232805,0,1.92865,0,22.4161,0
2015-04-04 04:57:53,0,1,0.45242,0,2.15767,0,22.4161,0
2015-04-04 05:02:53,0,1,0.112953,0,3.0777,0,22.4161,0
2015-04-04 05:07:53,0,1,0.521104,0,1.71621,0,22.4161,0
2015-04-04 05:12:53,0,1,0.148046,0,2.10427,0,22.4161,0
2015-04-04 05:17:53,0,1,0.475109,0,1.52911,0,22.4161,0
2015-04-04 05:22:53,0,1,0.106202,0,2.33451,0,22.4161,0
2015-04-04 05:27:53,0,1,0.195679,0,1.50056,0,22.4161,0
2015-04-04 05:32:53,0,1,0.0170514,0,1.83341,0,22.4161,0
2015-04-04 05:37:53,1,1,0.10972,0,1.69291,0,22.4161,0
2015-04-04 05:42:53,0,1,0.421934,0,2.98159,0,22.4161,0
2015-04-04 05:47:53,1,1,0.222858,0,4.06594,0,22.4161,0
2015-04-04 05:52:53,0,1,0.357081,0,1.70815,0,22.4161,0
2015-04-04 05:57:53,0,1,0.298829,0,2.537,0,22.4161,0
2015-04-04 06:02:53,1,1,0.767717,0,2.08391,0,22.4161,0
2015-04-04 06:07:53,0,1,0.24656,0,3.5571,0,22.4161,0
2015-04-04 06:12:53,0,1,0.317775,0,2.63185,0,22.4161,0
2015-04-04 06:17:53,1,1,0.3158,0,2.84416,0,22.4161,0
2015-04-04 06:22:53,0,1,0.462441,0,2.41993,0,22.4161,0
2015-04-04 06:27:53,0,1,0.714241,0,3.14072,0,22.4161,0
2015-04-04 06:32:53,1,1,0.342768,0,2.15804,0,22.4161,0
2015-04-04 06:37:53,1,1,0.901425,0,2.61607,0,22.4161,0
2015-04-04 06:42:53,0,1,0.21073,0,3.58727,0,22.4161,0
2015-04-04 06:47:53,0,1,0.532702,0,3.55684,0,22.4161,0
2015-04-04 06:52:53,1,1,0.588406,0,1.91524,0,22.4161,0
2015-04-04 06:57:53,0,1,0.0986778,0,2.15519,0,22.4161,0
2015-04-04 07:02:53,0,1,0.412851,0,3.40001,0,22.4161,0
2015-04-04 07:07:53,1,1,0.514677,0,2.72691,0,22.4161,0
2015-04-04 07:12:53,0,1,0.873317,0,1.98501,0,22.4161,0
2015-04-04 07:17:53,0,1,0.773065,0,3.66412,0,22.4161,0
2015-04-04 07:22:53,1,1,1.22019,0,3.67574,0,22.4161,0
2015-04-04 07:27:53,0,1,0.334454,0,4.11282,0,22.4161,0
2015-04-04 07:32:53,1,1,0.0423482,0,2.90278,0,22.4161,0
2015-04-04 07:37:53,1,1,1.89165,0,4.17288,0,22.4161,0
2015-04-04 07:42:53,0,1,0.154574,0,4.96145,0,22.4161,0
2015-04-04 07:47:53,0,1,0.0677602,0,6.96929,0,22.4161,0
2015-04-04 07:52:53,1,1,1.49094,0,5.09809,0,22.4161,0
2015-04-04 07:57:53,0,1,0.200138,0,3.29438,0,22.4161,0
2015-04-04 08:02:53,0,0,2.76479,0,2.34426,0,22.4161,0
2015-04-04 08:07:53,0,0,2.8893,0,5.72922,0,22.4161,0
2015-04-04 08:12:53,1,0,2.66291,0,6.81984,0,22.4161,0
2015-04-04 08:17:53,0,0,2.72223,0,12.5364,0,22.4161,0
2015-04-04 08:22:53,0,0,2.85222,0,13.716,0,22.4161,0
2015-04-04 08:27:53,1,0,2.79278,0,15.2854,0,22.4161,0
2015-04-04 08:32:53,1,0,2.57175,0,13.6639,0,22.4161,0
2015-04-04 08:37:53,0,0,2.86334,0,11.714,0,22.4161,0
2015-04-04 08:42:53,1,0,2.876,0,12.3852,0,22.4161,0
2015-04-04 08:47:53,0,0,2.61923,0,14.3179,0,22.4161,0
2015-04-04 08:52:53,0,0,2.87196,0,13.9612,0,22.4161,0
2015-04-04 08:57:53,1,0,2.81232,0,15.7384,0,22.4161,0
2015-04-04 09:02:53,0,0,2.62788,0,14.4139,0,22.4161,0
2015-04-04 09:07:53,0,0,2.85482,0,13.8684,0,22.4161,0
2015-04-04 09:12:53,0,0,2.817,0,16.5475,0,22.4161,0
2015-04-04 09:17:53,0,0,2.64254,0,16.4103,0,22.4161,0
2015-04-04 09:22:53,0,0,2.73229,0,16.841,0,22.4161,0
2015-04-04 09:27:53,0,0,2.69229,0,16.4684,0,22.4161,0
2015-04-04 09:32:53,0,0,2.76101,0,16.0845,0,22.4161,0
2015-04-04 09:37:53,0,0,2.59264,0,16.3424,0,22.4161,0
2015-04-04 09:42:53,0,0,2.74421,0,16.1915,0,22.4161,0
2015-04-04 09:47:53,0,0,2.77292,0,16.2125,0,22.4161,0
2015-04-04 09:52:53,0,0,2.57444,0,16.0393,0,22.4161,0
2015-04-04 09:57:53,0,0,2.77949,0,16.3529,0,22.4161,0
2015-04-04 10:02:53,0,0,2.75629,0,16.2471,0,22.4161,0
2015-04-04 10:07:53,0,0,2.59656,0,16.0386,0,22.4161,0
2015-04-04 10:12:53,0,0,2.7738,0,16.4476,0,22.4161,0
2015-04-04 10:17:53,1,0,2.73946,0,15.2358,0,22.4161,0
2015-04-04 10:22:53,0,0,2.66163,0,14.0767,0,22.4161,0
2015-04-04 10:27:53,0,0,2.72439,0,13.4619,0,22.4161,0
2015-04-04 10:32:53,0,0,2.80043,0,16.266,0,22.4161,0
2015-04-04 10:37:53,0,0,2.53829,0,16.2341,0,22.4161,0
2015-04-04 10:42:53,1,0,2.78246,0,15.3123,0,22.4161,0
2015-04-04 10:47:53,0,0,2.77775,0,14.2603,0,22.4161,0
2015-04-04 10:52:53,0,0,2.62278,0,12.9575,0,22.4161,0
2015-04-04 10:57:53,0,0,2.80901,0,16.5257,0,22.4161,0
2015-04-04 11:02:53,0,0,2.68896,0,16.3878,0,22.4161,0
2015-04-04 11:07:53,0,0,2.72483,0,16.1753,0,22.4161,0
2015-04-04 11:12:53,0,0,2.68178,0,16.5298,0,22.4161,0
2015-04-04 11:17:53,0,0,2.75592,0,16.1983,0,22.4161,0
2015-04-04 11:22:53,0,0,2.69541,0,16.294,0,22.4161,0
2015-04-04 11:27:53,1,0,2.60418,0,15.2526,0,22.4161,0
2015-04-04 11:32:53,0,0,2.80154,0,14.2628,0,22.4161,0
2015-04-04 11:37:53,0,0,2.74473,0,13.0961,0,22.4161,0
2015-04-04 11:42:53,0,0,2.74334,0,16.1604,0,22.4161,0
2015-04-04 11:47:53,0,0,2.71049,0,16.6374,0,22.4161,0
2015-04-04 11:52:53,0,0,2.72758,0,16.4314,0,22.4161,0
2015-04-04 11:57:53,1,0,2.70045,0,15.3786,0,22.4161,0
2015-04-04 12:02:53,0,0,2.79449,0,14.2871,0,22.4161,0
2015-04-04 12:07:53,0,0,2.74754,0,13.3781,0,22.4161,0
2015-04-04 12:12:53,0,0,2.74439,0,16.4379,0,22.4161,0
2015-04-04 12:17:53,0,0,2.70334,0,16.6229,0,22.4161,0
2015-04-04 12:22:53,0,0,2.6946,0,16.4347,0,22.4161,0
2015-04-04 12:27:53,0,0,2.70241,0,16.3345,0,22.4161,0
2015-04-04 12:32:53,0,0,2.73608,0,16.2016,0,22.4161,0
2015-04-04 12:37:53,0,0,2.65364,0,16.2247,0,22.4161,0
2015-04-04 12:42:53,0,0,2.72264,0,16.233,0,22.4161,0
2015-04-04 12:47:53,0,0,2.75693,0,16.2382,0,22.4161,0
2015-04-04 12:52:53,0,0,2.59765,0,16.1631,0,22.4161,0
2015-04-04 12:57:53,0,0,2.82377,0,16.2794,0,22.4161,0
2015-04-04 13:02:53,0,0,2.62666,0,16.2899,0,22.4161,0
2015-04-04 13:07:53,0,0,2.66784,0,16.0672,0,22.4161,0
2015-04-04 13:12:53,0,0,2.80945,0,16.3925,0,22.4161,0
2015-04-04 13:17:53,0,0,2.66795,0,16.0251,0,22.4161,0
2015-04-04 13:22:53,0,0,2.58534,0,16.2904,0,22.4161,0
2015-04-04 13:27:53,0,0,2.76855,0,16.3496,0,22.4161,0
2015-04-04 13:32:53,0,0,2.65935,0,15.9431,0,22.4161,0
2015-04-04 13:37:53,0,0,2.65005,0,15.9525,0,22.4161,0
2015-04-04 13:42:53,0,0,2.76339,0,16.2744,0,22.4161,0
2015-04-04 13:47:53,0,0,2.59852,0,16.0415,0,22.4161,0
2015-04-04 13:52:53,1,0,2.62349,0,15.0755,0,22.4161,0
2015-04-04 13:57:53,0,0,2.79575,0,14.1107,0,22.4161,0
2015-04-04 14:02:53,0,0,2.73932,0,12.8383,0,22.4161,0
2015-04-04 14:07:53,0,0,2.85802,0,16.2013,0,22.4161,0
2015-04-04 14:12:53,1,0,2.62348,0,15.7239,0,22.4161,0
2015-04-04 14:17:53,0,0,2.75501,0,14.5575,0,22.4161,0
2015-04-04 14:22:53,1,0,2.83445,0,12.576,0,22.4161,0
2015-04-04 14:27:53,0,0,2.87819,0,14.2149,0,22.4161,0
2015-04-04 14:32:53,0,0,2.65621,0,13.8121,0,22.4161,0
2015-04-04 14:37:53,0,0,2.91033,0,16.9159,0,22.4161,0
2015-04-04 14:42:53,1,0,2.65585,0,15.8573,0,22.4161,0
2015-04-04 14:47:53,0,0,2.79072,0,14.4451,0,22.4161,0
2015-04-04 14:52:53,0,0,2.84078,0,13.8334,0,22.4161,0
2015-04-04 14:57:53,0,0,2.85959,0,16.3897,0,22.4161,0
2015-04-04 15:02:53,0,0,2.60229,0,16.9133,0,22.4161,0
2015-04-04 15:07:53,1,0,2.68698,0,15.8438,0,22.4161,0
2015-04-04 15:12:53,0,0,2.8721,0,14.4703,0,22.4161,0
2015-04-04 15:17:53,0,0,2.6798,0,13.0529,0,22.4161,0
2015-04-04 15:22:53,1,0,2.86151,0,15.4849,0,22.4161,0
2015-04-04 15:27:53,0,0,2.76646,0,14.8374,0,22.4161,0
2015-04-04 15:32:53,0,0,2.74339,0,13.5289,0,22.4161,0
2015-04-04 15:37:53,0,0,2.84414,0,16.8608,0,22.4161,0
2015-04-04 15:42:53,0,0,2.74326,0,16.6303,0,22.4161,0
2015-04-04 15:47:53,0,0,2.68831,0,16.6617,0,22.4161,0
2015-04-04 15:52:53,0,0,2.7133,0,16.7072,0,22.4161,0
2015-04-04 15:57:53,0,0,2.80804,0,16.3197,0,22.4161,0
2015-04-04 16:02:53,1,0,2.63833,0,15.2996,0,22.4161,0
2015-04-04 16:07:53,0,0,2.75287,0,14.3943,0,22.4161,0
2015-04-04 16:12:53,0,0,2.83828,0,13.4537,0,22.4161,0
2015-04-04 16:17:53,0,0,2.59794,0,16.259,0,22.4161,0
2015-04-04 16:22:53,0,0,2.69752,0,16.5331,0,22.4161,0
2015-04-04 16:27:53,0,0,2.84858,0,16.4082,0,22.4161,0
2015-04-04 16:32:53,0,0,2.60806,0,16.0374,0,22.4161,0
2015-04-04 16:37:53,0,0,2.76219,0,16.3978,0,22.4161,0
2015-04-04 16:42:53,1,0,2.74859,0,15.524,0,22.4161,0
2015-04-04 16:47:53,1,0,2.62544,0,13.0972,0,22.4161,0
2015-04-04 16:52:53,3,0,2.8402,0,9.15831,0,22.4161,0
2015-04-04 16:57:53,0,0,2.85056,0,8.8351,0,22.4161,0
2015-04-04 17:02:53,0,0,2.79728,0,9.65464,0,22.4161,0
2015-04-04 17:07:53,0,0,2.98195,0,17.019,0,22.4161,0
2015-04-04 17:12:53,0,0,2.57977,0,17.1282,0,22.4161,0
2015-04-04 17:17:53,0,0,2.85834,0,16.9355,0,22.4161,0
2015-04-04 17:22:53,0,0,2.80085,0,16.9637,0,22.4161,0
2015-04-04 17:27:53,0,0,2.66146,0,16.2569,0,22.4161,0
2015-04-04 17:32:53,1,0,2.73362,0,15.8382,0,22.4161,0
2015-04-04 17:37:53,2,0,2.73052,0,12.4591,0,22.4161,0
2015-04-04 17:42:53,1,0,2.76402,0,8.18212,0,22.4161,0
2015-04-04 17:47:53,0,0,2.79824,0,8.42592,0,22.4161,0
2015-04-04 17:52:53,0,0,2.88017,0,13.5179,0,22.4161,0
2015-04-04 17:57:53,1,0,2.74058,0,15.7687,0,22.4161,0
2015-04-04 18:02:53,0,0,2.75957,0,14.8956,0,22.4161,0
2015-04-04 18:07:53,0,0,2.87122,0,13.8812,0,22.4161,0
2015-04-04 18:12:53,1,0,2.82889,0,15.6121,0,22.4161,0
2015-04-04 18:17:53,0,0,2.65083,0,14.8501,0,22.4161,0
2015-04-04 18:22:53,0,0,2.81985,0,13.9223,0,22.4161,0
2015-04-04 18:27:53,2,0,2.80255,0,14.6082,0,22.4161,0
2015-04-04 18:32:53,0,0,2.64533,0,12.3947,0,22.4161,0
2015-04-04 18:37:53,0,0,2.83682,0,10.71,0,22.4161,0
2015-04-04 18:42:53,2,1,2.82918,0,14.5351,0,22.4161,0
2015-04-04 18:47:53,0,1,2.62163,0,12.4388,0,22.4161,0
2015-04-04 18:52:53,0,1,2.85573,0,10.7904,0,22.4161,0
2015-04-04 18:57:53,1,1,2.90619,0,15.5865,0,22.4161,0
2015-04-04 19:02:53,2,1,2.59456,0,12.4825,0,22.4161,0
2015-04-04 19:07:53,0,1,2.78661,0,9.97413,0,22.4161,0
2015-04-04 19:12:53,0,1,2.81852,0,10.6943,0,22.4161,0
2015-04-04 19:17:53,2,1,2.86595,0,14.1754,0,22.4161,0
2015-04-04 19:22:53,1,1,2.61267,0,11.8628,0,22.4161,0
2015-04-04 19:27:53,0,1,2.92992,0,8.80015,0,22.4161,0
2015-04-04 19:32:53,1,1,2.9071,0,12.7531,0,22.4161,0
2015-04-04 19:37:53,0,1,2.5598,0,14.605,0,22.4161,0
2015-04-04 19:42:53,0,1,2.85539,0,14.1638,0,22.4161,0
2015-04-04 19:47:53,0,1,2.85054,0,16.6963,0,22.4161,0
2015-04-04 19:52:53,1,1,2.54689,0,15.2407,0,22.4161,0
2015-04-04 19:57:53,0,1,2.74578,0,14.8141,0,22.4161,0
2015-04-04 20:02:53,0,1,2.78814,0,13.3912,0,22.4161,0
2015-04-04 20:07:53,0,1,2.75097,0,15.9204,0,22.4161,0
2015-04-04 20:12:53,0,1,2.64994,0,16.5646,0,22.4161,0
2015-04-04 20:17:53,0,1,2.81723,0,16.5163,0,22.4161,0
2015-04-04 20:22:53,0,1,2.72076,0,16.37,0,22.4161,0
2015-04-04 20:27:53,1,1,2.64343,0,15.305,0,22.4161,0
2015-04-04 20:32:53,0,1,2.77892,0,14.5366,0,22.4161,0
2015-04-04 20:37:53,0,1,2.7004,0,13.228,0,22.4161,0
2015-04-04 20:42:53,0,1,2.71092,0,16.1885,0,22.4161,0
2015-04-04 20:47:53,0,1,2.66844,0,16.4485,0,22.4161,0
2015-04-04 20:52:53,0,1,2.73603,0,16.1915,0,22.4161,0
2015-04-04 20:57:53,0,1,2.70063,0,16.2057,0,22.4161,0
2015-04-04 21:02:53,0,1,2.71405,0,16.178,0,22.4161,0
2015-04-04 21:07:53,0,1,2.74463,0,16.3234,0,22.4161,0
2015-04-04 21:12:53,2,1,2.62696,0,14.2746,0,22.4161,0
2015-04-04 21:17:53,0,1,2.73697,0,12.2584,0,22.4161,0
2015-04-04 21:22:53,1,1,2.72581,0,9.22479,0,22.4161,0
2015-04-04 21:27:53,0,1,2.79985,0,14.0806,0,22.4161,0
2015-04-04 21:32:53,0,1,2.65893,0,13.4624,0,22.4161,0
2015-04-04 21:37:53,1,1,2.77436,0,15.436,0,22.4161,0
2015-04-04 21:42:53,0,1,2.66495,0,14.4917,0,22.4161,0
2015-04-04 21:47:53,0,1,2.78685,0,13.1904,0,22.4161,0
2015-04-04 21:52:53,1,1,2.75346,0,15.4398,0,22.4161,0
2015-04-04 21:57:53,0,1,2.71343,0,14.322,0,22.4161,0
2015-04-04 22:02:53,0,1,2.74859,0,13.5809,0,22.4161,0
2015-04-04 22:07:53,1,1,2.74216,0,15.4358,0,22.4161,0
2015-04-04 22:12:53,0,1,2.73254,0,14.3796,0,22.4161,0
2015-04-04 22:17:53,0,1,2.73277,0,13.4626,0,22.4161,0
2015-04-04 22:22:53,0,1,2.75302,0,16.4243,0,22.4161,0
2015-04-04 22:27:53,1,1,2.68628,0,15.4162,0,22.4161,0
2015-04-04 22:32:53,0,1,2.70814,0,14.3906,0,22.4161,0
2015-04-04 22:37:53,0,1,2.76481,0,13.3398,0,22.4161,0
2015-04-04 22:42:53,2,1,2.86555,0,14.2399,0,22.4161,0
2015-04-04 22:47:53,0,1,2.59156,0,12.5196,0,22.4161,0
2015-04-04 22:52:53,0,1,2.82704,0,10.6171,0,22.4161,0
2015-04-04 22:57:53,1,1,2.9242,0,15.6068,0,22.4161,0
2015-04-04 23:02:53,0,1,2.52313,0,14.353,0,22.4161,0
2015-04-04 23:07:53,0,1,2.84048,0,13.8527,0,22.4161,0
2015-04-04 23:12:53,0,1,2.89311,0,16.6593,0,22.4161,0
2015-04-04 23:17:53,0,1,2.53842,0,16.1434,0,22.4161,0
2015-04-04 23:22:53,0,1,2.73956,0,16.8461,0,22.4161,0
2015-04-04 23:27:53,0,1,2.82565,0,16.4957,0,22.4161,0
2015-04-04 23:32:53,0,1,2.59678,0,15.92,0,22.4161,0
2015-04-04 23:37:53,0,1,2.64147,0,16.4668,0,22.4161,0
2015-04-04 23:42:53,0,1,2.78769,0,16.312,0,22.4161,0
2015-04-04 23:47:53,0,1,2.71661,0,15.861,0,22.4161,0
2015-04-04 23:52:53,0,1,2.56834,0,16.2164,0,22.4161,0
2015-04-04 23:57:53,0,1,2.79005,0,16.3646,0,22.4161,0
2015-04-05 00:02:53,0,1,2.78641,0,16.0766,0,22.4161,0
2015-04-05 00:07:53,0,1,2.56704,0,16.0715,0,22.4161,0
2015-04-05 00:12:53,0,1,2.69198,0,16.51,0,22.4161,0
2015-04-05 00:17:53,0,1,2.75814,0,16.1853,0,22.4161,0
2015-04-05 00:22:53,0,1,2.55387,0,15.8432,0,22.4161,0
2015-04-05 00:27:53,3,1,2.74124,0,14.0383,0,22.4161,0
2015-04-05 00:32:53,2,1,2.79278,0,9.90791,0,22.4161,0
2015-04-05 00:37:53,0,1,2.76613,0,5.61365,0,22.4161,0
2015-04-05 00:42:53,0,1,2.96871,0,10.5754,0,22.4161,0
2015-04-05 00:47:53,0,1,2.68025,0,16.8793,0,22.4161,0
2015-04-05 00:52:53,0,1,2.69481,0,16.9161,0,22.4161,0
2015-04-05 00:57:53,0,1,2.84299,0,16.9614,0,22.4161,0
2015-04-05 01:02:53,0,1,2.69592,0,16.2734,0,22.4161,0
2015-04-05 01:07:53,0,1,2.71998,0,16.4664,0,22.4161,0
2015-04-05 01:12:53,0,1,2.70286,0,16.6408,0,22.4161,0
2015-04-05 01:17:53,0,1,2.73044,0,16.2306,0,22.4161,0
2015-04-05 01:22:53,0,1,2.66699,0,16.2961,0,22.4161,0
2015-04-05 01:27:53,0,1,2.67258,0,16.2364,0,22.4161,0
2015-04-05 01:32:53,1,1,2.79754,0,15.1979,0,22.4161,0
2015-04-05 01:37:53,1,1,2.64245,0,13.1437,0,22.4161,0
2015-04-05 01:42:53,0,1,2.75115,0,11.2553,0,22.4161,0
2015-04-05 01:47:53,0,1,2.91654,0,13.4287,0,22.4161,0
2015-04-05 01:52:53,0,1,2.67866,0,16.3462,0,22.4161,0
2015-04-05 01:57:53,0,1,2.74754,0,16.7652,0,22.4161,0
2015-04-05 02:02:53,0,1,2.73459,0,16.8545,0,22.4161,0
2015-04-05 02:07:53,0,1,2.71232,0,16.2656,0,22.4161,0
2015-04-05 02:12:53,0,1,2.69584,0,16.4241,0,22.4161,0
2015-04-05 02:17:53,0,1,2.73291,0,16.3243,0,22.4161,0
2015-04-05 02:22:53,0,1,2.70316,0,16.2615,0,22.4161,0
2015-04-05 02:27:53,0,1,2.59895,0,16.2565,0,22.4161,0
2015-04-05 02:32:53,0,1,2.69694,0,16.204,0,22.4161,0
2015-04-05 02:37:53,0,1,2.7415,0,16.0043,0,22.4161,0
2015-04-05 02:42:53,0,1,2.61533,0,15.9322,0,22.4161,0
2015-04-05 02:47:53,0,1,2.65825,0,16.1892,0,22.4161,0
2015-04-05 02:52:53,0,1,2.75968,0,16.1134,0,22.4161,0
2015-04-05 02:57:53,0,1,2.6726,0,15.9222,0,22.4161,0
2015-04-05 03:02:53,1,1,2.69657,0,15.1667,0,22.4161,0
2015-04-05 03:07:53,1,1,2.788,0,13.3208,0,22.4161,0
2015-04-05 03:12:53,0,1,2.76348,0,11.1989,0,22.4161,0
2015-04-05 03:17:53,0,1,2.75422,0,13.4292,0,22.4161,0
2015-04-05 03:22:53,0,1,2.75613,0,16.6452,0,22.4161,0
2015-04-05 03:27:53,0,1,2.68261,0,16.555,0,22.4161,0
2015-04-05 03:32:53,0,1,2.64796,0,16.4575,0,22.4161,0
2015-04-05 03:37:53,0,1,2.70987,0,16.2816,0,22.4161,0
2015-04-05 03:42:53,0,1,2.70532,0,16.0536,0,22.4161,0
2015-04-05 03:47:53,0,1,2.66387,0,16.069,0,22.4161,0
2015-04-05 03:52:53,0,1,2.72851,0,16.2041,0,22.4161,0
2015-04-05 03:57:53,0,1,2.69467,0,16.1722,0,22.4161,0
2015-04-05 04:02:53,0,1,2.68313,0,16.1433,0,22.4161,0
2015-04-05 04:07:53,1,1,2.74871,0,15.258,0,22.4161,0
2015-04-05 04:12:53,0,1,2.70662,0,14.199,0,22.4161,0
2015-04-05 04:17:53,0,1,2.7066,0,13.2534,0,22.4161,0
2015-04-05 04:22:53,0,1,2.8356,0,16.366,0,22.4161,0
2015-04-05 04:27:53,0,1,2.62745,0,16.3687,0,22.4161,0
2015-04-05 04:32:53,0,1,2.75,0,16.4184,0,22.4161,0
2015-04-05 04:37:53,0,1,2.79275,0,16.5117,0,22.4161,0
2015-04-05 04:42:53,0,1,2.70096,0,16.1751,0,22.4161,0
2015-04-05 04:47:53,0,1,2.65295,0,16.5365,0,22.4161,0
2015-04-05 04:52:53,0,1,2.70354,0,16.4331,0,22.4161,0
2015-04-05 04:57:53,0,1,2.72103,0,16.1123,0,22.4161,0
2015-04-05 05:02:53,1,1,2.66457,0,15.087,0,22.4161,0
2015-04-05 05:07:53,0,1,2.76434,0,14.2173,0,22.4161,0
2015-04-05 05:12:53,0,1,2.78438,0,13.2566,0,22.4161,0
2015-04-05 05:17:53,1,1,2.65575,0,15.3068,0,22.4161,0
2015-04-05 05:22:53,0,1,2.61051,0,14.5175,0,22.4161,0
2015-04-05 05:27:53,0,1,2.79346,0,13.2752,0,22.4161,0
2015-04-05 05:32:53,1,1,2.81916,0,14.9817,0,22.4161,0
2015-04-05 05:37:53,0,1,2.71248,0,14.2376,0,22.4161,0
2015-04-05 05:42:53,0,1,2.87312,0,13.7312,0,22.4161,0
2015-04-05 05:47:53,1,1,2.85821,0,15.7555,0,22.4161,0
2015-04-05 05:52:53,0,1,2.69888,0,14.7419,0,22.4161,0
2015-04-05 05:57:53,0,1,2.74416,0,14.0347,0,22.4161,0
2015-04-05 06:02:53,0,1,2.83948,0,16.7165,0,22.4161,0
2015-04-05 06:07:53,1,1,2.69986,0,15.4244,0,22.4161,0
2015-04-05 06:12:53,0,1,2.66543,0,14.6113,0,22.4161,0
2015-04-05 06:17:53,3,1,2.86009,0,11.2527,0,22.4161,0
2015-04-05 06:22:53,3,1,2.90287,0,8.90864,0,22.4161,0
2015-04-05 06:27:53,4,1,2.66319,0,2.38065,0,22.4161,0
2015-04-05 06:32:53,0,1,3.09054,0,5.27717,0,22.4161,0
2015-04-05 06:37:53,2,1,2.90482,0,9.70831,0,22.4161,0
2015-04-05 06:42:53,0,1,2.85998,0,13.0755,0,22.4161,0
2015-04-05 06:47:53,0,1,2.80645,0,11.9412,0,22.4161,0
2015-04-05 06:52:53,1,1,2.98762,0,16.2409,0,22.4161,0
2015-04-05 06:57:53,0,1,2.66323,0,15.1805,0,22.4161,0
2015-04-05 07:02:53,0,1,2.8189,0,14.0578,0,22.4161,0
2015-04-05 07:07:53,1,1,2.84572,0,16.1082,0,22.4161,0
2015-04-05 07:12:53,0,1,2.63232,0,14.4732,0,22.4161,0
2015-04-05 07:17:53,0,1,2.77425,0,13.7805,0,22.4161,0
2015-04-05 07:22:53,0,1,2.7389,0,16.576,0,22.4161,0
2015-04-05 07:27:53,1,1,2.70033,0,15.1844,0,22.4161,0
2015-04-05 07:32:53,0,1,2.72897,0,14.5009,0,22.4161,0
2015-04-05 07:37:53,0,1,2.78843,0,13.3463,0,22.4161,0
2015-04-05 07:42:53,1,1,2.84329,0,15.3474,0,22.4161,0
2015-04-05 07:47:53,1,1,2.6703,0,13.6071,0,22.4161,0
2015-04-05 07:52:53,0,1,2.78624,0,11.7222,0,22.4161,0
2015-04-05 07:57:53,1,1,2.83429,0,12.6567,0,22.4161,0
2015-04-05 08:02:53,0,1,2.64573,0,14.4177,0,22.4161,0
2015-04-05 08:07:53,0,1,2.76497,0,13.673,0,22.4161,0
2015-04-05 08:12:53,1,1,2.81098,0,15.5593,0,22.4161,0
2015-04-05 08:17:53,0,1,2.63139,0,14.2781,0,22.4161,0
2015-04-05 08:22:53,0,1,2.72359,0,13.5483,0,22.4161,0
2015-04-05 08:27:53,0,1,2.7784,0,16.4193,0,22.4161,0
2015-04-05 08:32:53,1,1,2.61956,0,15.1198,0,22.4161,0
2015-04-05 08:37:53,0,1,2.67685,0,14.3471,0,22.4161,0
2015-04-05 08:42:53,1,1,2.73115,0,12.2512,0,22.4161,0
2015-04-05 08:47:53,0,1,2.73178,0,13.9435,0,22.4161,0
2015-04-05 08:52:53,0,1,2.67557,0,13.2246,0,22.4161,0
2015-04-05 08:57:53,0,1,2.78961,0,16.3326,0,22.4161,0
2015-04-05 09:02:53,0,1,2.71696,0,16.3361,0,22.4161,0
2015-04-05 09:07:53,0,1,2.71101,0,16.3229,0,22.4161,0
2015-04-05 09:12:53,0,1,2.73485,0,16.5138,0,22.4161,0
2015-04-05 09:17:53,0,1,2.73564,0,16.3078,0,22.4161,0
2015-04-05 09:22:53,0,1,2.61989,0,16.3384,0,22.4161,0
2015-04-05 09:27:53,0,1,2.66918,0,16.2957,0,22.4161,0
2015-04-05 09:32:53,0,1,2.74959,0,16.1159,0,22.4161,0
2015-04-05 09:37:53,0,1,2.60234,0,15.9476,0,22.4161,0
2015-04-05 09:42:53,1,1,2.74266,0,15.1091,0,22.4161,0
2015-04-05 09:47:53,0,1,2.76896,0,14.1961,0,22.4161,0
2015-04-05 09:52:53,0,1,2.6591,0,13.0613,0,22.4161,0
2015-04-05 09:57:53,0,1,2.79794,0,16.425,0,22.4161,0
2015-04-05 10:02:53,0,1,2.68692,0,16.423,0,22.4161,0
2015-04-05 10:07:53,0,1,2.65369,0,16.2601,0,22.4161,0
2015-04-05 10:12:53,0,1,2.71294,0,16.4214,0,22.4161,0
2015-04-05 10:17:53,0,1,2.71039,0,16.0811,0,22.4161,0
2015-04-05 10:22:53,0,1,2.6856,0,16.0973,0,22.4161,0
2015-04-05 10:27:53,0,1,2.70303,0,16.2452,0,22.4161,0
2015-04-05 10:32:53,0,1,2.78038,0,16.2054,0,22.4161,0
2015-04-05 10:37:53,1,1,2.63753,0,15.2432,0,22.4161,0
2015-04-05 10:42:53,0,1,2.70818,0,14.3074,0,22.4161,0
2015-04-05 10:47:53,0,1,2.74029,0,13.3244,0,22.4161,0
2015-04-05 10:52:53,0,1,2.71884,0,16.0692,0,22.4161,0
2015-04-05 10:57:53,0,1,2.6774,0,16.3239,0,22.4161,0
2015-04-05 11:02:53,0,1,2.77656,0,16.3359,0,22.4161,0
2015-04-05 11:07:53,0,1,2.66749,0,16.2879,0,22.4161,0
2015-04-05 11:12:53,0,1,2.70966,0,16.2528,0,22.4161,0
2015-04-05 11:17:53,1,1,2.6126,0,15.3743,0,22.4161,0
2015-04-05 11:22:53,0,1,2.76971,0,14.0344,0,22.4161,0
2015-04-05 11:27:53,0,1,2.68727,0,13.1239,0,22.4161,0
2015-04-05 11:32:53,0,1,2.74435,0,16.0645,0,22.4161,0
2015-04-05 11:37:53,0,1,2.70897,0,16.428,0,22.4161,0
2015-04-05 11:42:53,2,1,2.70017,0,14.2595,0,22.4161,0
2015-04-05 11:47:53,0,1,2.72484,0,12.3512,0,22.4161,0
2015-04-05 11:52:53,0,1,2.84935,0,10.2521,0,22.4161,0
2015-04-05 11:57:53,0,1,2.87883,0,16.3995,0,22.4161,0
2015-04-05 12:02:53,0,1,2.55291,0,16.752,0,22.4161,0
2015-04-05 12:07:53,0,1,2.86528,0,16.8586,0,22.4161,0
2015-04-05 12:12:53,0,1,2.73266,0,16.6076,0,22.4161,0
2015-04-05 12:17:53,0,1,2.68043,0,16.1219,0,22.4161,0
2015-04-05 12:22:53,0,1,2.75806,0,16.7416,0,22.4161,0
2015-04-05 12:27:53,0,1,2.6992,0,16.3169,0,22.4161,0
2015-04-05 12:32:53,0,1,2.70811,0,16.2566,0,22.4161,0
2015-04-05 12:37:53,1,1,2.60046,0,15.3807,0,22.4161,0
2015-04-05 12:42:53,1,1,2.79001,0,13.1143,0,22.4161,0
2015-04-05 12:47:53,1,1,2.77596,0,10.1153,0,22.4161,0
2015-04-05 12:52:53,0,1,2.78739,0,11.1574,0,22.4161,0
2015-04-05 12:57:53,0,1,2.83445,0,13.7093,0,22.4161,0
2015-04-05 13:02:53,0,1,2.80808,0,16.7371,0,22.4161,0
2015-04-05 13:07:53,1,1,2.68489,0,15.8392,0,22.4161,0
2015-04-05 13:12:53,0,1,2.85029,0,14.8044,0,22.4161,0
2015-04-05 13:17:53,0,1,2.81894,0,13.6443,0,22.4161,0
2015-04-05 13:22:53,0,1,2.719,0,16.5742,0,22.4161,0
2015-04-05 13:27:53,0,1,2.7038,0,16.9078,0,22.4161,0
2015-04-05 13:32:53,0,1,2.70503,0,16.5986,0,22.4161,0
2015-04-05 13:37:53,0,1,2.61553,0,16.2696,0,22.4161,0
2015-04-05 13:42:53,1,1,2.73684,0,15.137,0,22.4161,0
2015-04-05 13:47:53,0,1,2.73163,0,14.083,0,22.4161,0
2015-04-05 13:52:53,0,1,2.74102,0,13.0519,0,22.4161,0
2015-04-05 13:57:53,0,1,2.88748,0,16.4148,0,22.4161,0
2015-04-05 14:02:53,2,1,2.53391,0,14.5644,0,22.4161,0
2015-04-05 14:07:53,0,1,2.87846,0,12.5319,0,22.4161,0
2015-04-05 14:12:53,0,1,2.81014,0,10.6087,0,22.4161,0
2015-04-05 14:17:53,0,1,2.84905,0,16.1688,0,22.4161,0
2015-04-05 14:22:53,0,1,2.64961,0,17.1047,0,22.4161,0
2015-04-05 14:27:53,0,1,2.80535,0,16.7781,0,22.4161,0
2015-04-05 14:32:53,0,1,2.70569,0,16.6517,0,22.4161,0
2015-04-05 14:37:53,1,1,2.66901,0,15.2652,0,22.4161,0
2015-04-05 14:42:53,1,1,2.72892,0,13.4965,0,22.4161,0
2015-04-05 14:47:53,3,1,2.78321,0,8.72618,0,22.4161,0
2015-04-05 14:52:53,1,1,2.83601,0,7.33241,0,22.4161,0
2015-04-05 14:57:53,1,1,2.76661,0,6.21567,0,22.4161,0
2015-04-05 15:02:53,1,1,2.96652,0,10.7883,0,22.4161,0
2015-04-05 15:07:53,1,1,2.75414,0,11.0078,0,22.4161,0
2015-04-05 15:12:53,0,1,2.88258,0,11.987,0,22.4161,0
2015-04-05 15:17:53,0,1,2.87418,0,14.2904,0,22.4161,0
2015-04-05 15:22:53,1,1,2.86062,0,15.9018,0,22.4161,0
2015-04-05 15:27:53,0,1,2.67792,0,15.2567,0,22.4161,0
2015-04-05 15:32:53,0,1,2.80815,0,14.0217,0,22.4161,0
2015-04-05 15:37:53,1,1,2.80361,0,15.7459,0,22.4161,0
2015-04-05 15:42:53,1,1,2.58842,0,13.4537,0,22.4161,0
2015-04-05 15:47:53,2,1,2.8425,0,9.62008,0,22.4161,0
2015-04-05 15:52:53,3,1,2.86811,0,6.74517,0,22.4161,0
2015-04-05 15:57:53,1,1,2.7593,0,3.94837,0,22.4161,0
2015-04-05 16:02:53,0,1,2.91943,0,6.96801,0,22.4161,0
2015-04-05 16:07:53,3,1,2.89494,0,11.2035,0,22.4161,0
2015-04-05 16:12:53,2,1,2.77681,0,9.33399,0,22.4161,0
2015-04-05 16:17:53,0,1,2.86691,0,4.96786,0,22.4161,0
2015-04-05 16:22:53,2,1,2.97218,0,9.17117,0,22.4161,0
2015-04-05 16:27:53,4,1,2.7943,0,11.0921,0,22.4161,0
2015-04-05 16:32:53,0,1,2.7378,0,7.45066,0,22.4161,0
2015-04-05 16:37:53,1,1,2.96201,0,10.4098,0,22.4161,0
2015-04-05 16:42:53,0,1,2.84893,0,14.8205,0,22.4161,0
2015-04-05 16:47:53,1,1,2.61317,0,12.9863,0,22.4161,0
2015-04-05 16:52:53,0,1,2.91178,0,15.197,0,22.4161,0
2015-04-05 16:57:53,0,1,2.76157,0,13.6849,0,22.4161,0
2015-04-05 17:02:53,0,1,2.67988,0,16.4246,0,22.4161,0
2015-04-05 17:07:53,0,1,2.70489,0,16.9384,0,22.4161,0
2015-04-05 17:12:53,0,1,2.8379,0,16.3494,0,22.4161,0
2015-04-05 17:17:53,0,1,2.6505,0,16.2873,0,22.4161,0
2015-04-05 17:22:53,0,1,2.69705,0,16.441,0,22.4161,0
2015-04-05 17:27:53,0,1,2.84378,0,16.5118,0,22.4161,0
2015-04-05 17:32:53,1,1,2.62118,0,15.1894,0,22.4161,0
2015-04-05 17:37:53,0,1,2.70886,0,14.3999,0,22.4161,0
2015-04-05 17:42:53,0,1,2.79267,0,13.4826,0,22.4161,0
2015-04-05 17:47:53,0,1,2.68183,0,16.0739,0,22.4161,0
2015-04-05 17:52:53,0,1,2.67526,0,16.3938,0,22.4161,0
2015-04-05 17:57:53,0,1,2.7244,0,16.4169,0,22.4161,0
2015-04-05 18:02:53,0,1,2.63736,0,16.1204,0,22.4161,0
2015-04-05 18:07:53,0,1,2.68568,0,16.1119,0,22.4161,0
2015-04-05 18:12:53,0,1,2.72229,0,16.1336,0,22.4161,0
2015-04-05 18:17:53,0,1,2.68058,0,16.0057,0,22.4161,0
2015-04-05 18:22:53,0,1,2.66074,0,16.1822,0,22.4161,0
2015-04-05 18:27:53,0,1,2.69054,0,16.1888,0,22.4161,0
2015-04-05 18:32:53,0,1,2.65789,0,16.0538,0,22.4161,0
2015-04-05 18:37:53,0,1,2.69442,0,16.0212,0,22.4161,0
2015-04-05 18:42:53,0,1,2.66234,0,16.0818,0,22.4161,0
2015-04-05 18:47:53,2,1,2.69076,0,14.0248,0,22.4161,0
2015-04-05 18:52:53,1,1,2.71006,0,11.0987,0,22.4161,0
2015-04-05 18:57:53,0,1,2.71706,0,8.07859,0,22.4161,0
2015-04-05 19:02:53,1,1,2.83067,0,12.2094,0,22.4161,0
2015-04-05 19:07:53,2,1,2.69297,0,12.395,0,22.4161,0
2015-04-05 19:12:53,0,1,2.7471,0,9.50549,0,22.4161,0
2015-04-05 19:17:53,1,1,2.85328,0,9.62506,0,22.4161,0
2015-04-05 19:22:53,1,1,2.77519,0,13.4264,0,22.4161,0
2015-04-05 19:27:53,0,1,2.67455,0,11.723,0,22.4161,0
2015-04-05 19:32:53,1,1,2.83163,0,12.7848,0,22.4161,0
2015-04-05 19:37:53,0,1,2.71435,0,14.5063,0,22.4161,0
2015-04-05 19:42:53,0,1,2.67795,0,13.4013,0,22.4161,0
2015-04-05 19:47:53,0,1,2.784,0,16.6016,0,22.4161,0
2015-04-05 19:52:53,2,1,2.7445,0,14.283,0,22.4161,0
2015-04-05 19:57:53,0,1,2.71835,0,12.3464,0,22.4161,0
2015-04-05 20:02:53,0,1,2.75277,0,10.5594,0,22.4161,0
2015-04-05 20:07:53,0,1,2.8847,0,16.423,0,22.4161,0
2015-04-05 20:12:53,0,1,2.58308,0,16.5453,0,22.4161,0
2015-04-05 20:17:53,1,1,2.76615,0,15.6108,0,22.4161,0
2015-04-05 20:22:53,0,1,2.85017,0,14.5864,0,22.4161,0
2015-04-05 20:27:53,0,1,2.65785,0,13.1317,0,22.4161,0
2015-04-05 20:32:53,0,1,2.76793,0,16.6566,0,22.4161,0
2015-04-05 20:37:53,0,1,2.7673,0,16.6341,0,22.4161,0
2015-04-05 20:42:53,0,1,2.64393,0,16.2767,0,22.4161,0
2015-04-05 20:47:53,0,1,2.6414,0,16.4823,0,22.4161,0
2015-04-05 20:52:53,0,1,2.83004,0,16.2312,0,22.4161,0
2015-04-05 20:57:53,0,1,2.63956,0,16.0446,0,22.4161,0
2015-04-05 21:02:53,0,1,2.61056,0,16.2238,0,22.4161,0
2015-04-05 21:07:53,0,1,2.78206,0,16.3798,0,22.4161,0
2015-04-05 21:12:53,1,1,2.65391,0,14.9219,0,22.4161,0
2015-04-05 21:17:53,0,1,2.5911,0,14.0497,0,22.4161,0
2015-04-05 21:22:53,0,1,2.789,0,13.2451,0,22.4161,0
2015-04-05 21:27:53,0,1,2.67705,0,15.9329,0,22.4161,0
2015-04-05 21:32:53,0,1,2.68232,0,16.0283,0,22.4161,0
2015-04-05 21:37:53,0,1,2.74587,0,16.4034,0,22.4161,0
2015-04-05 21:42:53,0,1,2.7012,0,16.1416,0,22.4161,0
2015-04-05 21:47:53,0,1,2.68433,0,16.2399,0,22.4161,0
2015-04-05 21:52:53,2,1,2.66555,0,14.3243,0,22.4161,0
2015-04-05 21:57:53,1,1,2.73256,0,11.1378,0,22.4161,0
2015-04-05 22:02:53,0,1,2.77431,0,8.11664,0,22.4161,0
2015-04-05 22:07:53,0,1,2.83338,0,13.2361,0,22.4161,0
2015-04-05 22:12:53,0,1,2.65885,0,16.5797,0,22.4161,0
2015-04-05 22:17:53,0,1,2.76682,0,16.6485,0,22.4161,0
2015-04-05 22:22:53,0,1,2.7091,0,16.5846,0,22.4161,0
2015-04-05 22:27:53,0,1,2.74724,0,16.2193,0,22.4161,0
2015-04-05 22:32:53,0,1,2.74986,0,16.4659,0,22.4161,0
2015-04-05 22:37:53,0,1,2.64483,0,16.3716,0,22.4161,0
2015-04-05 22:42:53,1,1,2.7684,0,15.3863,0,22.4161,0
2015-04-05 22:47:53,0,1,2.67229,0,14.3077,0,22.4161,0
2015-04-05 22:52:53,3,1,2.70153,0,10.799,0,22.4161,0
2015-04-05 22:57:53,0,1,2.89982,0,11.6621,0,22.4161,0
2015-04-05 23:02:53,0,1,2.68494,0,9.286,0,22.4161,0
2015-04-05 23:07:53,0,1,2.89936,0,16.5892,0,22.4161,0
2015-04-05 23:12:53,0,1,2.68843,0,16.9687,0,22.4161,0
2015-04-05 23:17:53,1,1,2.80064,0,15.542,0,22.4161,0
2015-04-05 23:22:53,0,1,2.77197,0,14.8756,0,22.4161,0
2015-04-05 23:27:53,0,1,2.7613,0,13.4385,0,22.4161,0
2015-04-05 23:32:53,1,1,2.77565,0,15.7072,0,22.4161,0
2015-04-05 23:37:53,1,1,2.62809,0,13.6142,0,22.4161,0
2015-04-05 23:42:53,0,1,2.83171,0,11.4633,0,22.4161,0
2015-04-05 23:47:53,0,1,2.70972,0,13.4149,0,22.4161,0
2015-04-05 23:52:53,0,1,2.75406,0,16.2574,0,22.4161,0
2015-04-05 23:57:53,0,1,2.71346,0,16.6686,0,22.4161,0
2015-04-06 00:02:53,0,1,2.71025,0,16.3508,0,22.4161,0
2015-04-06 00:07:53,0,1,2.78341,0,16.3994,0,22.4161,0
2015-04-06 00:12:53,0,1,2.64248,0,16.3443,0,22.4161,0
2015-04-06 00:17:53,0,1,2.67334,0,16.34,0,22.4161,0
2015-04-06 00:22:53,0,1,2.76763,0,16.3085,0,22.4161,0
2015-04-06 00:27:53,0,1,2.68141,0,16.0418,0,22.4161,0
2015-04-06 00:32:53,0,1,2.70551,0,16.2367,0,22.4161,0
2015-04-06 00:37:53,0,1,2.77892,0,16.3712,0,22.4161,0
2015-04-06 00:42:53,0,1,2.62302,0,16.2342,0,22.4161,0
2015-04-06 00:47:53,0,1,2.64578,0,16.2974,0,22.4161,0
2015-04-06 00:52:53,1,1,2.75631,0,15.2286,0,22.4161,0
2015-04-06 00:57:53,0,1,2.68913,0,13.9169,0,22.4161,0
2015-04-06 01:02:53,0,1,2.66404,0,13.1391,0,22.4161,0
2015-04-06 01:07:53,0,1,2.80145,0,16.3112,0,22.4161,0
2015-04-06 01:12:53,0,1,2.53994,0,16.1969,0,22.4161,0
2015-04-06 01:17:53,0,1,2.79326,0,16.135,0,22.4161,0
2015-04-06 01:22:53,0,1,2.78625,0,16.2775,0,22.4161,0
2015-04-06 01:27:53,0,1,2.64535,0,15.9926,0,22.4161,0
2015-04-06 01:32:53,0,1,2.73172,0,16.5976,0,22.4161,0
2015-04-06 01:37:53,0,1,2.64712,0,16.3812,0,22.4161,0
2015-04-06 01:42:53,0,1,2.70799,0,16.0466,0,22.4161,0
2015-04-06 01:47:53,0,1,2.65196,0,16.1974,0,22.4161,0
2015-04-06 01:52:53,0,1,2.64661,0,16.0093,0,22.4161,0
2015-04-06 01:57:53,0,1,2.74912,0,16.0745,0,22.4161,0
2015-04-06 02:02:53,0,1,2.62445,0,15.9982,0,22.4161,0
2015-04-06 02:07:53,1,1,2.77117,0,15.0625,0,22.4161,0
2015-04-06 02:12:53,0,1,2.74204,0,14.2674,0,22.4161,0
2015-04-06 02:17:53,0,1,2.69708,0,13.1577,0,22.4161,0
2015-04-06 02:22:53,0,1,2.84235,0,16.4947,0,22.4161,0
2015-04-06 02:27:53,0,1,2.62588,0,16.4626,0,22.4161,0
2015-04-06 02:32:53,0,1,2.73892,0,16.4018,0,22.4161,0
2015-04-06 02:37:53,0,1,2.74049,0,16.5177,0,22.4161,0
2015-04-06 02:42:53,0,1,2.62516,0,16.096,0,22.4161,0
2015-04-06 02:47:53,0,1,2.66201,0,16.3229,0,22.4161,0
2015-04-06 02:52:53,1,1,2.70805,0,15.1338,0,22.4161,0
2015-04-06 02:57:53,0,1,2.80111,0,13.9075,0,22.4161,0
2015-04-06 03:02:53,0,1,2.70303,0,13.2032,0,22.4161,0
2015-04-06 03:07:53,0,1,2.8176,0,16.4294,0,22.4161,0
2015-04-06 03:12:53,0,1,2.61245,0,16.627,0,22.4161,0
2015-04-06 03:17:53,0,1,2.70366,0,16.3567,0,22.4161,0
2015-04-06 03:22:53,0,1,2.78679,0,16.3814,0,22.4161,0
2015-04-06 03:27:53,1,1,2.75871,0,15.0315,0,22.4161,0
2015-04-06 03:32:53,3,1,2.66497,0,11.9259,0,22.4161,0
2015-04-06 03:37:53,1,0,1.12012,0,7.50791,0,22.4161,0
2015-04-06 03:42:53,4,0,0.40472,0,5.09037,0,22.4161,0
2015-04-06 03:47:53,0,0,1.46619,0,7.86497,0,22.4161,0
2015-04-06 03:52:53,1,0,0.130193,0,9.97611,0,22.4161,0
2015-04-06 03:57:53,0,0,0.784042,0,2.27673,0,22.4161,0
2015-04-06 04:02:53,0,0,0.061966,0,2.443,0,22.4161,0
2015-04-06 04:07:53,0,0,0.129542,0,2.02063,0,22.4161,0
2015-04-06 04:12:53,0,0,1.00348,0,2.6056,0,22.4161,0
2015-04-06 04:17:53,0,0,0.297962,0,1.44846,0,22.4161,0
2015-04-06 04:22:53,0,0,0.282532,0,2.69355,0,22.4161,0
2015-04-06 04:27:53,0,0,1.24231,0,3.8889,0,22.4161,0
2015-04-06 04:32:53,0,0,0.227541,0,2.70126,0,22.4161,0
2015-04-06 04:37:53,0,0,0.438576,0,3.55975,0,22.4161,0
2015-04-06 04:42:53,0,0,0.18234,0,4.62058,0,22.4161,0
2015-04-06 04:47:53,0,0,0.675082,0,1.74212,0,22.4161,0
2015-04-06 04:52:53,0,0,0.249748,0,2.35549,0,22.4161,0
2015-04-06 04:57:53,0,0,0.486919,0,2.14693,0,22.4161,0
2015-04-06 05:02:53,0,0,0.0876857,0,3.01166,0,22.4161,0
2015-04-06 05:07:53,0,0,0.184148,0,1.81077,0,22.4161,0
2015-04-06 05:12:53,0,0,0.0490276,0,1.82028,0,22.4161,0
2015-04-06 05:17:53,0,0,0.115583,0,0.68038,0,22.4161,0
2015-04-06 05:22:53,0,0,0.259651,0,0.766082,0,22.4161,0
2015-04-06 05:27:53,0,0,0.0731217,0,0.6379,0,22.4161,0
2015-04-06 05:32:53,0,0,0.363823,0,0.939173,0,22.4161,0
2015-04-06 05:37:53,0,0,0.592542,0,1.28902,0,22.4161,0
2015-04-06 05:42:53,0,0,0.308121,0,1.53955,0,22.4161,0
2015-04-06 05:47:53,0,0,0.519944,0,2.58467,0,22.4161,0
2015-04-06 05:52:53,0,0,0.578601,0,2.91381,0,22.4161,0
2015-04-06 05:57:53,0,0,1.08461,0,2.54285,0,22.4161,0
2015-04-06 06:02:53,0,0,0.821776,0,3.80165,0,22.4161,0
2015-04-06 06:07:53,0,0,0.01968,0,4.72681,0,22.4161,0
2015-04-06 06:12:53,0,0,0.227801,0,4.91708,0,22.4161,0
2015-04-06 06:17:53,0,0,0.590467,0,2.73249,0,22.4161,0
2015-04-06 06:22:53,0,0,0.460606,0,1.10511,0,22.4161,0
2015-04-06 06:27:53,0,0,0.240557,0,2.32494,0,22.4161,0
2015-04-06 06:32:53,0,0,0.32684,0,2.93317,0,22.4161,0
2015-04-06 06:37:53,0,0,0.30892,0,2.18977,0,22.4161,0
2015-04-06 06:42:53,0,0,0.0195129,0,1.68427,0,22.4161,0
2015-04-06 06:47:53,0,0,0.999188,0,1.61787,0,22.4161,0
2015-04-06 06:52:53,0,0,0.151951,0,1.96497,0,22.4161,0
2015-04-06 06:57:53,0,0,0.740715,0,2.20887,0,22.4161,0
2015-04-06 07:02:53,0,0,0.281071,0,4.04218,0,22.4161,0
2015-04-06 07:07:53,0,0,0.125915,0,2.21836,0,22.4161,0
2015-04-06 07:12:53,0,0,0.185081,0,2.9102,0,22.4161,0
2015-04-06 07:17:53,0,0,0.363062,0,1.28012,0,22.4161,0
2015-04-06 07:22:53,0,0,0.0365566,0,1.11097,0,22.4161,0
2015-04-06 07:27:53,0,0,0.0407886,0,1.31792,0,22.4161,0
2015-04-06 07:32:53,1,0,0.214757,0,2.12151,0,22.4161,0
2015-04-06 07:37:53,0,0,0.259308,0,2.05384,0,22.4161,0
2015-04-06 07:42:53,1,0,0.693862,0,3.68909,0,22.4161,0
2015-04-06 07:47:53,0,0,0.345594,0,2.94309,0,22.4161,0
2015-04-06 07:52:53,0,0,0.420659,0,2.99243,0,22.4161,0
2015-04-06 07:57:53,0,0,0.669752,0,3.37318,0,22.4161,0
2015-04-06 08:02:53,0,0,0.127362,0,2.54785,0,22.4161,0
2015-04-06 08:07:53,0,0,0.245356,0,2.72884,0,22.4161,0
2015-04-06 08:12:53,0,0,0.238041,0,2.50934,0,22.4161,0
2015-04-06 08:17:53,0,0,0.366687,0,1.11084,0,22.4161,0
2015-04-06 08:22:53,0,0,0.0791603,0,1.57883,0,22.4161,0
2015-04-06 08:27:53,0,0,0.360813,0,1.52666,0,22.4161,0
2015-04-06 08:32:53,0,0,0.0115884,0,1.61919,0,22.4161,0
2015-04-06 08:37:53,0,0,0.351413,0,0.970695,0,22.4161,0
2015-04-06 08:42:53,0,0,0.341845,0,1.45703,0,22.4161,0
2015-04-06 08:47:53,0,0,0.958468,0,1.07944,0,22.4161,0
2015-04-06 08:52:53,0,0,0.774898,0,2.6964,0,22.4161,0
2015-04-06 08:57:53,0,0,0.624013,0,3.71737,0,22.4161,0
2015-04-06 09:02:53,0,0,0.0318647,0,5.04921,0,22.4161,0
2015-04-06 09:07:53,0,0,0.48532,0,3.60459,0,22.4161,0
2015-04-06 09:12:53,0,0,0.392353,0,2.42109,0,22.4161,0
2015-04-06 09:17:53,0,0,0.139895,0,1.45859,0,22.4161,0
2015-04-06 09:22:53,0,0,0.0969691,0,2.38056,0,22.4161,0
2015-04-06 09:27:53,0,0,0.579888,0,1.55382,0,22.4161,0
2015-04-06 09:32:53,1,0,0.702443,0,1.03374,0,22.4161,0
2015-04-06 09:37:53,1,0,0.313371,0,1.42869,0,22.4161,0
2015-04-06 09:42:53,0,0,1.3222,0,2.16882,0,22.4161,0
2015-04-06 09:47:53,1,0,0.160184,0,1.84161,0,22.4161,0
2015-04-06 09:52:53,0,0,1.79283,0,1.74469,0,22.4161,0
2015-04-06 09:57:53,0,0,1.17254,0,3.07979,0,22.4161,0
2015-04-06 10:02:53,0,0,0.955128,0,5.23876,0,22.4161,0
2015-04-06 10:07:53,0,0,0.651372,0,8.67871,0,22.4161,0
2015-04-06 10:12:53,0,0,1.03053,0,6.07925,0,22.4161,0
2015-04-06 10:17:53,0,0,1.3461,0,5.19866,0,22.4161,0
2015-04-06 10:22:53,0,0,0.11085,0,5.36128,0,22.4161,0
2015-04-06 10:27:53,0,0,0.155401,0,5.89464,0,22.4161,0
2015-04-06 10:32:53,1,0,1.13683,0,5.1046,0,22.4161,0
2015-04-06 10:37:53,0,0,1.53865,0,2.32011,0,22.4161,0
2015-04-06 10:42:53,1,0,0.292173,0,4.65691,0,22.4161,0
2015-04-06 10:47:53,1,0,1.52525,0,2.81723,0,22.4161,0
2015-04-06 10:52:53,0,0,0.983007,0,4.27287,0,22.4161,0
2015-04-06 10:57:53,0,0,0.132544,0,7.35607,0,22.4161,0
2015-04-06 11:02:53,0,0,0.821794,0,3.48947,0,22.4161,0
2015-04-06 11:07:53,0,0,0.255512,0,4.0359,0,22.4161,0
2015-04-06 11:12:53,0,0,0.123345,0,2.29673,0,22.4161,0
2015-04-06 11:17:53,0,0,0.282987,0,3.09975,0,22.4161,0
2015-04-06 11:22:53,0,0,0.225312,0,1.29621,0,22.4161,0
2015-04-06 11:27:53,0,0,0.0542891,0,1.16132,0,22.4161,0
2015-04-06 11:32:53,1,0,0.771291,0,2.2453,0,22.4161,0
2015-04-06 11:37:53,0,0,0.696244,0,2.29282,0,22.4161,0
2015-04-06 11:42:53,0,0,0.123798,0,2.99202,0,22.4161,0
2015-04-06 11:47:53,0,0,0.553226,0,3.10136,0,22.4161,0
2015-04-06 11:52:53,0,0,0.0882903,0,2.88955,0,22.4161,0
2015-04-06 11:57:53,0,0,0.551098,0,1.56614,0,22.4161,0
2015-04-06 12:02:53,0,0,0.270803,0,2.38736,0,22.4161,0
2015-04-06 12:07:53,0,0,0.995723,0,1.63787,0,22.4161,0
2015-04-06 12:12:53,0,0,0.232201,0,3.19062,0,22.4161,0
2015-04-06 12:17:53,0,0,0.103434,0,3.03606,0,22.4161,0
2015-04-06 12:22:53,0,0,0.290279,0,3.55501,0,22.4161,0
2015-04-06 12:27:53,0,0,0.260027,0,1.19375,0,22.4161,0
2015-04-06 12:32:53,0,0,0.607676,0,1.15089,0,22.4161,0
2015-04-06 12:37:53,1,0,0.321402,0,1.78321,0,22.4161,0
2015-04-06 12:42:53,0,0,0.0222295,0,1.88613,0,22.4161,0
2015-04-06 12:47:53,0,0,0.30981,0,1.84201,0,22.4161,0
2015-04-06 12:52:53,0,0,1.34087,0,1.31848,0,22.4161,0
2015-04-06 12:57:53,0,0,0.784927,0,2.02718,0,22.4161,0
2015-04-06 13:02:53,1,0,0.177669,0,1.91515,0,22.4161,0
2015-04-06 13:07:53,0,0,1.37507,0,2.86965,0,22.4161,0
2015-04-06 13:12:53,0,0,0.422984,0,2.37562,0,22.4161,0
2015-04-06 13:17:53,0,0,0.138732,0,3.70612,0,22.4161,0
2015-04-06 13:22:53,0,0,0.265073,0,5.1099,0,22.4161,0
2015-04-06 13:27:53,0,0,0.650715,0,1.81149,0,22.4161,0
2015-04-06 13:32:53,0,0,1.11467,0,1.59706,0,22.4161,0
2015-04-06 13:37:53,1,0,0.238858,0,2.16339,0,22.4161,0
2015-04-06 13:42:53,0,0,0.595371,0,2.57635,0,22.4161,0
2015-04-06 13:47:53,0,0,0.560072,0,1.4171,0,22.4161,0
2015-04-06 13:52:53,0,0,0.167096,0,2.46739,0,22.4161,0
2015-04-06 13:57:53,0,0,0.19857,0,3.07335,0,22.4161,0
2015-04-06 14:02:53,0,0,0.162391,0,2.21298,0,22.4161,0
2015-04-06 14:07:53,2,0,0.741624,0,2.73603,0,22.4161,0
2015-04-06 14:12:53,0,0,0.585941,0,4.53983,0,22.4161,0
2015-04-06 14:17:53,0,0,0.094783,0,6.18252,0,22.4161,0
2015-04-06 14:22:53,3,0,0.716641,0,6.30197,0,22.4161,0
2015-04-06 14:27:53,0,0,1.19689,0,7.91147,0,22.4161,0
2015-04-06 14:32:53,0,0,0.404655,0,9.85938,0,22.4161,0
2015-04-06 14:37:53,1,0,1.3886,0,2.69224,0,22.4161,0
2015-04-06 14:42:53,0,0,0.645355,0,5.65514,0,22.4161,0
2015-04-06 14:47:53,0,0,1.10627,0,4.7205,0,22.4161,0
2015-04-06 14:52:53,1,0,1.31377,0,5.62328,0,22.4161,0
2015-04-06 14:57:53,1,0,0.417653,0,2.46239,0,22.4161,0
2015-04-06 15:02:53,2,0,0.224595,0,2.52872,0,22.4161,0
2015-04-06 15:07:53,0,0,1.75921,0,3.54369,0,22.4161,0
2015-04-06 15:12:53,1,0,0.734022,0,5.20628,0,22.4161,0
2015-04-06 15:17:53,0,0,0.517418,0,2.92624,0,22.4161,0
2015-04-06 15:22:53,1,0,1.28701,0,4.22827,0,22.4161,0
2015-04-06 15:27:53,0,0,0.782827,0,4.47721,0,22.4161,0
2015-04-06 15:32:53,1,0,0.268074,0,3.40737,0,22.4161,0
2015-04-06 15:37:53,1,0,0.952878,0,4.09699,0,22.4161,0
2015-04-06 15:42:53,0,0,1.14654,0,3.00924,0,22.4161,0
2015-04-06 15:47:53,0,0,0.215903,0,4.72521,0,22.4161,0
2015-04-06 15:52:53,0,0,0.19751,0,2.11717,0,22.4161,0
2015-04-06 15:57:53,0,0,1.03577,0,4.06892,0,22.4161,0
2015-04-06 16:02:53,0,0,0.279282,0,2.0785,0,22.4161,0
2015-04-06 16:07:53,0,0,0.70286,0,2.94335,0,22.4161,0
2015-04-06 16:12:53,1,0,0.34654,0,3.62347,0,22.4161,0
2015-04-06 16:17:53,0,0,0.806967,0,1.77867,0,22.4161,0
2015-04-06 16:22:53,1,0,0.0880386,0,1.77753,0,22.4161,0
2015-04-06 16:27:53,1,0,1.05615,0,2.33765,0,22.4161,0
2015-04-06 16:32:53,0,0,0.17677,0,2.58346,0,22.4161,0
2015-04-06 16:37:53,1,0,0.14205,0,1.97178,0,22.4161,0
2015-04-06 16:42:53,1,0,1.52797,0,3.02502,0,22.4161,0
2015-04-06 16:47:53,0,0,0.798861,0,2.84775,0,22.4161,0
2015-04-06 16:52:53,0,0,0.140929,0,7.41228,0,22.4161,0
2015-04-06 16:57:53,0,0,1.33208,0,4.28996,0,22.4161,0
2015-04-06 17:02:53,0,0,0.158794,0,4.01052,0,22.4161,0
2015-04-06 17:07:53,0,0,0.560554,0,3.24574,0,22.4161,0
2015-04-06 17:12:53,4,0,1.16408,0,7.75327,0,22.4161,0
2015-04-06 17:17:53,0,0,0.343416,0,9.15276,0,22.4161,0
2015-04-06 17:22:53,0,0,0.906009,0,11.7802,0,22.4161,0
2015-04-06 17:27:53,0,0,0.59337,0,5.08507,0,22.4161,0
2015-04-06 17:32:53,1,0,0.0152473,0,2.99853,0,22.4161,0
2015-04-06 17:37:53,0,0,0.148509,0,2.48415,0,22.4161,0
2015-04-06 17:42:53,0,0,0.971464,0,1.39889,0,22.4161,0
2015-04-06 17:47:53,0,0,0.168625,0,1.31422,0,22.4161,0
2015-04-06 17:52:53,1,0,0.532769,0,1.39497,0,22.4161,0
2015-04-06 17:57:53,4,0,0.960731,0,5.80963,0,22.4161,0
2015-04-06 18:02:53,0,0,0.925285,0,9.11546,0,22.4161,0
2015-04-06 18:07:53,1,0,0.385604,0,15.6205,0,22.4161,0
2015-04-06 18:12:53,0,0,0.746146,0,2.78392,0,22.4161,0
2015-04-06 18:17:53,0,0,1.11993,0,1.7415,0,22.4161,0
2015-04-06 18:22:53,0,0,1.0703,0,3.76903,0,22.4161,0
2015-04-06 18:27:53,0,0,0.590991,0,5.5486,0,22.4161,0
2015-04-06 18:32:53,0,0,0.276379,0,6.09138,0,22.4161,0
2015-04-06 18:37:53,0,0,0.216684,0,4.66925,0,22.4161,0
2015-04-06 18:42:53,0,0,0.0640517,0,2.54241,0,22.4161,0
2015-04-06 18:47:53,0,0,0.274121,0,1.32656,0,22.4161,0
2015-04-06 18:52:53,0,0,0.0356572,0,1.05228,0,22.4161,0
2015-04-06 18:57:53,1,0,0.531711,0,1.70474,0,22.4161,0
2015-04-06 19:02:53,0,0,0.918352,0,2.67174,0,22.4161,0
2015-04-06 19:07:53,0,0,1.28541,0,3.52927,0,22.4161,0
2015-04-06 19:12:53,1,0,1.181,0,2.17448,0,22.4161,0
2015-04-06 19:17:53,0,0,0.0313026,0,4.12359,0,22.4161,0
2015-04-06 19:22:53,0,0,0.123655,0,1.77852,0,22.4161,0
2015-04-06 19:27:53,1,0,0.47668,0,1.75684,0,22.4161,0
2015-04-06 19:32:53,0,0,1.57968,0,2.01949,0,22.4161,0
2015-04-06 19:37:53,0,0,0.750869,0,4.59762,0,22.4161,0
2015-04-06 19:42:53,0,0,0.326495,0,5.34026,0,22.4161,0
2015-04-06 19:47:53,0,0,0.245455,0,6.56726,0,22.4161,0
2015-04-06 19:52:53,1,0,0.452409,0,3.66014,0,22.4161,0
2015-04-06 19:57:53,0,0,0.916272,0,2.94098,0,22.4161,0
2015-04-06 20:02:53,0,0,0.407272,0,4.08472,0,22.4161,0
2015-04-06 20:07:53,0,0,0.226014,0,3.59704,0,22.4161,0
2015-04-06 20:12:53,1,0,0.0256708,0,4.33735,0,22.4161,0
2015-04-06 20:17:53,0,0,1.15862,0,2.79546,0,22.4161,0
2015-04-06 20:22:53,0,0,0.877805,0,3.53192,0,22.4161,0
2015-04-06 20:27:53,0,0,0.86185,0,3.27206,0,22.4161,0
2015-04-06 20:32:53,0,0,0.48004,0,6.09333,0,22.4161,0
2015-04-06 20:37:53,0,0,0.11742,0,4.83716,0,22.4161,0
2015-04-06 20:42:53,0,0,0.278947,0,3.66305,0,22.4161,0
2015-04-06 20:47:53,0,0,0.0304607,0,1.95391,0,22.4161,0
2015-04-06 20:52:53,0,0,0.511692,0,0.940615,0,22.4161,0
2015-04-06 20:57:53,1,0,0.292948,0,1.38607,0,22.4161,0
2015-04-06 21:02:53,1,0,0.14624,0,1.77505,0,22.4161,0
2015-04-06 21:07:53,0,0,0.182247,0,3.02527,0,22.4161,0
2015-04-06 21:12:53,1,0,1.52266,0,3.23139,0,22.4161,0
2015-04-06 21:17:53,0,0,0.0182165,0,3.6997,0,22.4161,0
2015-04-06 21:22:53,0,0,0.0215816,0,2.35163,0,22.4161,0
2015-04-06 21:27:53,0,0,0.349296,0,2.20332,0,22.4161,0
2015-04-06 21:32:53,0,0,0.481147,0,0.447108,0,22.4161,0
2015-04-06 21:37:53,0,0,0.419037,0,1.24448,0,22.4161,0
2015-04-06 21:42:53,0,0,0.382501,0,2.42922,0,22.4161,0
2015-04-06 21:47:53,0,0,0.244637,0,2.66402,0,22.4161,0
2015-04-06 21:52:53,0,0,0.354978,0,2.26675,0,22.4161,0
2015-04-06 21:57:53,0,0,0.627599,0,1.99176,0,22.4161,0
2015-04-06 22:02:53,0,0,0.0793184,0,2.07147,0,22.4161,0
2015-04-06 22:07:53,0,0,0.083461,0,2.39945,0,22.4161,0
2015-04-06 22:12:53,2,0,0.00103673,0,3.95797,0,22.4161,0
2015-04-06 22:17:53,1,0,0.673359,0,5.07,0,22.4161,0
2015-04-06 22:22:53,1,0,0.102986,0,5.3813,0,22.4161,0
2015-04-06 22:27:53,0,0,0.719002,0,3.75316,0,22.4161,0
2015-04-06 22:32:53,1,0,0.632233,0,1.46689,0,22.4161,0
2015-04-06 22:37:53,0,0,0.146211,0,1.50319,0,22.4161,0
2015-04-06 22:42:53,0,0,0.201208,0,2.66593,0,22.4161,0
2015-04-06 22:47:53,0,0,0.236689,0,2.40333,0,22.4161,0
2015-04-06 22:52:53,1,0,0.242352,0,1.60436,0,22.4161,0
2015-04-06 22:57:53,1,0,0.301798,0,2.88789,0,22.4161,0
2015-04-06 23:02:53,0,0,0.283237,0,4.10702,0,22.4161,0
2015-04-06 23:07:53,1,0,0.823829,0,3.5933,0,22.4161,0
2015-04-06 23:12:53,0,0,0.898725,0,3.23307,0,22.4161,0
2015-04-06 23:17:53,0,0,0.54629,0,4.20784,0,22.4161,0
2015-04-06 23:22:53,0,0,0.04965,0,4.5637,0,22.4161,0
2015-04-06 23:27:53,1,0,0.16431,0,4.73911,0,22.4161,0
2015-04-06 23:32:53,0,0,0.456904,0,3.8099,0,22.4161,0
2015-04-06 23:37:53,0,0,1.18272,0,2.74931,0,22.4161,0
2015-04-06 23:42:53,0,0,0.579015,0,2.58946,0,22.4161,0
2015-04-06 23:47:53,1,0,0.341146,0,2.81437,0,22.4161,0
2015-04-06 23:52:53,0,0,0.947894,0,3.55889,0,22.4161,0
2015-04-06 23:57:53,2,0,0.367826,0,2.99735,0,22.4161,0
2015-04-07 00:02:53,1,0,0.691964,0,3.75982,0,22.4161,0
2015-04-07 00:07:53,1,0,0.241947,0,4.7287,0,22.4161,0
2015-04-07 00:12:53,0,0,1.47181,0,2.75454,0,22.4161,0
2015-04-07 00:17:53,1,0,0.184631,0,1.87981,0,22.4161,0
2015-04-07 00:22:53,0,0,0.204392,0,1.85409,0,22.4161,0
2015-04-07 00:27:53,0,0,0.0052494,0,1.98908,0,22.4161,0
2015-04-07 00:32:53,0,0,1.0732,0,0.967926,0,22.4161,0
2015-04-07 00:37:53,1,0,0.662663,0,0.696872,0,22.4161,0
2015-04-07 00:42:53,0,0,0.455729,0,0.824804,0,22.4161,0
2015-04-07 00:47:53,0,0,0.15455,0,2.00064,0,22.4161,0
2015-04-07 00:52:53,0,0,0.920445,0,3.18019,0,22.4161,0
2015-04-07 00:57:53,1,0,0.135158,0,1.75584,0,22.4161,0
2015-04-07 01:02:53,0,0,0.532117,0,0.757916,0,22.4161,0
2015-04-07 01:07:53,0,0,0.271824,0,1.0411,0,22.4161,0
2015-04-07 01:12:53,0,0,0.551389,0,1.74153,0,22.4161,0
2015-04-07 01:17:53,0,0,0.169004,0,2.69139,0,22.4161,0
2015-04-07 01:22:53,0,0,0.152513,0,2.08726,0,22.4161,0
2015-04-07 01:27:53,0,0,0.677691,0,2.14469,0,22.4161,0
2015-04-07 01:32:53,0,0,0.0988112,0,1.48973,0,22.4161,0
2015-04-07 01:37:53,0,0,0.42287,0,1.91173,0,22.4161,0
2015-04-07 01:42:53,0,0,0.0463054,0,2.65357,0,22.4161,0
2015-04-07 01:47:53,0,0,0.0322188,0,1.18848,0,22.4161,0
2015-04-07 01:52:53,0,0,0.0819652,0,1.39344,0,22.4161,0
2015-04-07 01:57:53,0,0,0.456965,0,0.285319,0,22.4161,0
2015-04-07 02:02:53,0,0,0.306849,0,0.717552,0,22.4161,0
2015-04-07 02:07:53,0,0,0.0198022,0,1.46667,0,22.4161,0
2015-04-07 02:12:53,0,0,0.0730891,0,2.0044,0,22.4161,0
2015-04-07 02:17:53,0,0,0.159826,0,1.03324,0,22.4161,0
2015-04-07 02:22:53,0,0,0.274236,0,0.365411,0,22.4161,0
2015-04-07 02:27:53,0,0,0.479097,0,0.813156,0,22.4161,0
2015-04-07 02:32:53,1,0,0.184115,0,1.54885,0,22.4161,0
2015-04-07 02:37:53,2,0,0.123529,0,3.6804,0,22.4161,0
2015-04-07 02:42:53,0,0,0.4466,0,7.13808,0,22.4161,0
2015-04-07 02:47:53,0,0,0.0737075,0,7.32961,0,22.4161,0
2015-04-07 02:52:53,0,0,0.697934,0,1.33749,0,22.4161,0
2015-04-07 02:57:53,0,0,0.197475,0,2.18515,0,22.4161,0
2015-04-07 03:02:53,0,0,0.0279315,0,1.81447,0,22.4161,0
2015-04-07 03:07:53,5,0,0.558292,0,7.46082,0,22.4161,0
2015-04-07 03:12:53,1,0,0.979528,0,10.1988,0,22.4161,0
2015-04-07 03:17:53,0,0,0.615237,0,14.4573,0,22.4161,0
2015-04-07 03:22:53,0,0,0.935821,0,3.67396,0,22.4161,0
2015-04-07 03:27:53,0,0,0.0242366,0,4.09389,0,22.4161,0
2015-04-07 03:32:53,0,0,0.54603,0,3.74159,0,22.4161,0
2015-04-07 03:37:53,0,0,1.28758,0,3.40197,0,22.4161,0
2015-04-07 03:42:53,0,0,0.10905,0,2.45235,0,22.4161,0
2015-04-07 03:47:53,0,0,0.772292,0,4.32229,0,22.4161,0
2015-04-07 03:52:53,0,0,1.0413,0,4.85312,0,22.4161,0
2015-04-07 03:57:53,0,0,0.384283,0,2.91303,0,22.4161,0
2015-04-07 04:02:53,0,0,0.00335792,0,4.78375,0,22.4161,0
2015-04-07 04:07:53,0,0,0.623828,0,3.89581,0,22.4161,0
2015-04-07 04:12:53,0,0,0.886813,0,1.78339,0,22.4161,0
2015-04-07 04:17:53,0,0,1.04302,0,2.14454,0,22.4161,0
2015-04-07 04:22:53,0,0,0.0690212,0,4.68813,0,22.4161,0
2015-04-07 04:27:53,0,0,0.178973,0,4.8155,0,22.4161,0
2015-04-07 04:32:53,0,0,0.141294,0,3.44608,0,22.4161,0
2015-04-07 04:37:53,0,0,0.248591,0,0.706303,0,22.4161,0
2015-04-07 04:42:53,0,0,0.0714066,0,1.0681,0,22.4161,0
2015-04-07 04:47:53,0,0,0.314433,0,0.99247,0,22.4161,0
2015-04-07 04:52:53,0,0,0.302697,0,1.20302,0,22.4161,0
2015-04-07 04:57:53,0,0,0.475717,0,1.14578,0,22.4161,0
2015-04-07 05:02:53,0,0,0.969305,0,2.02441,0,22.4161,0
2015-04-07 05:07:53,1,0,0.685467,0,1.89022,0,22.4161,0
2015-04-07 05:12:53,0,0,0.31013,0,2.17401,0,22.4161,0
2015-04-07 05:17:53,0,0,0.170849,0,1.99677,0,22.4161,0
2015-04-07 05:22:53,0,0,0.788228,0,2.70107,0,22.4161,0
2015-04-07 05:27:53,0,0,1.12325,0,2.06032,0,22.4161,0
2015-04-07 05:32:53,0,1,0.421761,0,3.21226,0,22.4161,0
2015-04-07 05:37:53,0,1,0.0383686,0,5.03295,0,22.4161,0
2015-04-07 05:42:53,0,1,0.827563,0,4.25165,0,22.4161,0
2015-04-07 05:47:53,0,1,0.274438,0,2.16958,0,22.4161,0
2015-04-07 05:52:53,0,1,0.436141,0,2.04467,0,22.4161,0
2015-04-07 05:57:53,0,1,0.15705,0,3.46771,0,22.4161,0
2015-04-07 06:02:53,0,1,0.328791,0,1.85265,0,22.4161,0
2015-04-07 06:07:53,1,1,0.363889,0,2.29373,0,22.4161,0
2015-04-07 06:12:53,0,1,0.938222,0,2.17746,0,22.4161,0
2015-04-07 06:17:53,0,1,0.734474,0,3.67963,0,22.4161,0
2015-04-07 06:22:53,0,1,0.836622,0,3.70259,0,22.4161,0
2015-04-07 06:27:53,0,1,0.0834824,0,5.12024,0,22.4161,0
2015-04-07 06:32:53,0,1,0.329883,0,3.96015,0,22.4161,0
2015-04-07 06:37:53,0,1,0.0686577,0,3.00671,0,22.4161,0
2015-04-07 06:42:53,0,1,0.429481,0,0.978871,0,22.4161,0
2015-04-07 06:47:53,0,1,0.396677,0,1.55644,0,22.4161,0
2015-04-07 06:52:53,0,1,0.321304,0,1.46161,0,22.4161,0
2015-04-07 06:57:53,0,1,0.621563,0,2.4031,0,22.4161,0
2015-04-07 07:02:53,0,1,0.107805,0,2.4542,0,22.4161,0
2015-04-07 07:07:53,0,1,1.16213,0,2.31484,0,22.4161,0
2015-04-07 07:12:53,0,1,0.438958,0,3.24243,0,22.4161,0
2015-04-07 07:17:53,0,1,0.256084,0,3.08663,0,22.4161,0
2015-04-07 07:22:53,0,1,0.39337,0,4.62039,0,22.4161,0
2015-04-07 07:27:53,0,1,0.0406067,0,2.22241,0,22.4161,0
2015-04-07 07:32:53,0,1,0.131301,0,1.5956,0,22.4161,0
2015-04-07 07:37:53,0,1,0.376751,0,1.39262,0,22.4161,0
2015-04-07 07:42:53,0,1,0.350407,0,0.761173,0,22.4161,0
2015-04-07 07:47:53,0,1,0.268306,0,1.49781,0,22.4161,0
2015-04-07 07:52:53,0,1,0.11659,0,2.09937,0,22.4161,0
2015-04-07 07:57:53,0,1,0.0770463,0,1.70442,0,22.4161,0
2015-04-07 08:02:53,0,1,0.0894705,0,1.11514,0,22.4161,0
2015-04-07 08:07:53,1,1,0.0674477,0,1.41439,0,22.4161,0
2015-04-07 08:12:53,0,1,0.718353,0,2.11965,0,22.4161,0
2015-04-07 08:17:53,0,1,0.319035,0,3.58484,0,22.4161,0
2015-04-07 08:22:53,0,1,0.523675,0,1.95808,0,22.4161,0
2015-04-07 08:27:53,0,1,0.905202,0,3.3168,0,22.4161,0
2015-04-07 08:32:53,0,1,0.977793,0,2.90966,0,22.4161,0
2015-04-07 08:37:53,0,1,0.309862,0,4.35922,0,22.4161,0
2015-04-07 08:42:53,0,1,0.357464,0,4.98105,0,22.4161,0
2015-04-07 08:47:53,0,1,0.0837252,0,3.91057,0,22.4161,0
2015-04-07 08:52:53,0,1,0.377575,0,1.72824,0,22.4161,0
2015-04-07 08:57:53,0,1,0.528234,0,1.61742,0,22.4161,0
2015-04-07 09:02:53,0,1,0.480479,0,1.53456,0,22.4161,0
2015-04-07 09:07:53,1,1,1.30513,0,2.70871,0,22.4161,0
2015-04-07 09:12:53,0,1,0.999025,0,3.92888,0,22.4161,0
2015-04-07 09:17:53,0,1,0.722224,0,5.83438,0,22.4161,0
2015-04-07 09:22:53,0,1,1.03251,0,5.86289,0,22.4161,0
2015-04-07 09:27:53,0,1,0.0935882,0,5.47404,0,22.4161,0
2015-04-07 09:32:53,0,1,0.329815,0,4.32529,0,22.4161,0
2015-04-07 09:37:53,0,1,0.207383,0,3.61453,0,22.4161,0
2015-04-07 09:42:53,0,1,0.083425,0,1.14778,0,22.4161,0
2015-04-07 09:47:53,0,1,0.142714,0,1.48764,0,22.4161,0
2015-04-07 09:52:53,0,1,0.308479,0,0.931714,0,22.4161,0
2015-04-07 09:57:53,0,1,0.457311,0,0.844182,0,22.4161,0
2015-04-07 10:02:53,0,1,0.0358984,0,1.50241,0,22.4161,0
2015-04-07 10:07:53,0,1,1.2887,0,1.87596,0,22.4161,0
2015-04-07 10:12:53,0,1,0.242469,0,2.73243,0,22.4161,0
2015-04-07 10:17:53,0,1,0.506942,0,2.92757,0,22.4161,0
2015-04-07 10:22:53,0,1,0.537391,0,4.85799,0,22.4161,0
2015-04-07 10:27:53,0,1,0.965859,0,2.27868,0,22.4161,0
2015-04-07 10:32:53,0,1,0.337531,0,3.56147,0,22.4161,0
2015-04-07 10:37:53,0,1,0.534167,0,3.88142,0,22.4161,0
2015-04-07 10:42:53,0,1,0.885761,0,4.10681,0,22.4161,0
2015-04-07 10:47:53,0,1,0.111115,0,2.96669,0,22.4161,0
2015-04-07 10:52:53,0,1,0.139553,0,3.48514,0,22.4161,0
2015-04-07 10:57:53,0,1,0.0431799,0,3.01907,0,22.4161,0
2015-04-07 11:02:53,0,1,0.0540429,0,0.655631,0,22.4161,0
2015-04-07 11:07:53,0,1,0.591523,0,0.559062,0,22.4161,0
2015-04-07 11:12:53,1,1,0.115317,0,0.646103,0,22.4161,0
2015-04-07 11:17:53,0,1,0.407975,0,1.0944,0,22.4161,0
2015-04-07 11:22:53,0,1,0.166249,0,1.86404,0,22.4161,0
2015-04-07 11:27:53,0,1,1.32597,0,1.32815,0,22.4161,0
2015-04-07 11:32:53,1,1,0.246001,0,1.8824,0,22.4161,0
2015-04-07 11:37:53,2,1,0.197135,0,2.9047,0,22.4161,0
2015-04-07 11:42:53,1,1,1.87174,0,5.63684,0,22.4161,0
2015-04-07 11:47:53,0,1,0.957062,0,7.67804,0,22.4161,0
2015-04-07 11:52:53,0,1,0.432882,0,8.69788,0,22.4161,0
2015-04-07 11:57:53,0,1,0.206499,0,7.12776,0,22.4161,0
2015-04-07 12:02:53,1,1,0.18507,0,4.53045,0,22.4161,0
2015-04-07 12:07:53,0,1,1.34258,0,4.03095,0,22.4161,0
2015-04-07 12:12:53,1,1,0.481002,0,3.6007,0,22.4161,0
2015-04-07 12:17:53,0,1,1.02514,0,1.72138,0,22.4161,0
2015-04-07 12:22:53,1,1,0.31301,0,2.0149,0,22.4161,0
2015-04-07 12:27:53,3,1,0.583208,0,4.18028,0,22.4161,0
2015-04-07 12:32:53,0,1,1.64931,0,7.23437,0,22.4161,0
2015-04-07 12:37:53,0,1,0.632104,0,11.6542,0,22.4161,0
2015-04-07 12:42:53,0,1,0.96085,0,5.68036,0,22.4161,0
2015-04-07 12:47:53,0,1,0.00301956,0,7.173,0,22.4161,0
2015-04-07 12:52:53,0,1,0.715524,0,3.82103,0,22.4161,0
2015-04-07 12:57:53,0,1,1.24111,0,3.60411,0,22.4161,0
2015-04-07 13:02:53,1,1,0.190067,0,0.831197,0,22.4161,0
2015-04-07 13:07:53,0,1,0.59804,0,1.53779,0,22.4161,0
2015-04-07 13:12:53,0,1,0.646768,0,1.7015,0,22.4161,0
2015-04-07 13:17:53,0,1,0.25414,0,2.41305,0,22.4161,0
2015-04-07 13:22:53,1,1,0.185623,0,4.36881,0,22.4161,0
2015-04-07 13:27:53,1,1,0.628793,0,4.2464,0,22.4161,0
2015-04-07 13:32:53,0,1,1.11877,0,4.94155,0,22.4161,0
2015-04-07 13:37:53,0,1,0.527603,0,4.81948,0,22.4161,0
2015-04-07 13:42:53,0,1,0.42503,0,5.49672,0,22.4161,0
2015-04-07 13:47:53,3,1,0.294801,0,6.98647,0,22.4161,0
2015-04-07 13:52:53,1,1,0.630449,0,7.43795,0,22.4161,0
2015-04-07 13:57:53,2,1,0.506167,0,10.5049,0,22.4161,0
2015-04-07 14:02:53,2,1,1.27179,0,6.34853,0,22.4161,0
2015-04-07 14:07:53,0,1,0.588092,0,8.73593,0,22.4161,0
2015-04-07 14:12:53,0,1,0.0224182,0,7.61317,0,22.4161,0
2015-04-07 14:17:53,1,1,0.623288,0,5.69953,0,22.4161,0
2015-04-07 14:22:53,2,1,0.13703,0,4.54976,0,22.4161,0
2015-04-07 14:27:53,1,1,0.884744,0,4.8362,0,22.4161,0
2015-04-07 14:32:53,1,1,1.1595,0,5.97133,0,22.4161,0
2015-04-07 14:37:53,3,1,0.418503,0,4.65992,0,22.4161,0
2015-04-07 14:42:53,0,1,0.636748,0,4.44527,0,22.4161,0
2015-04-07 14:47:53,0,1,1.29318,0,6.99525,0,22.4161,0
2015-04-07 14:52:53,0,1,0.704517,0,3.82219,0,22.4161,0
2015-04-07 14:57:53,2,1,0.203199,0,6.29337,0,22.4161,0
2015-04-07 15:02:53,0,1,1.09656,0,6.27968,0,22.4161,0
2015-04-07 15:07:53,3,1,0.577161,0,6.19629,0,22.4161,0
2015-04-07 15:12:53,3,1,0.54366,0,6.83932,0,22.4161,0
2015-04-07 15:17:53,2,1,0.787347,0,12.0123,0,22.4161,0
2015-04-07 15:22:53,0,1,1.51011,0,13.7569,0,22.4161,0
2015-04-07 15:27:53,0,1,0.699904,0,7.45382,0,22.4161,0
2015-04-07 15:32:53,0,1,0.269644,0,6.08216,0,22.4161,0
2015-04-07 15:37:53,0,1,0.418165,0,6.19977,0,22.4161,0
2015-04-07 15:42:53,1,1,0.657666,0,3.22084,0,22.4161,0
2015-04-07 15:47:53,1,1,0.0373461,0,2.31494,0,22.4161,0
2015-04-07 15:52:53,1,1,0.384633,0,3.39283,0,22.4161,0
2015-04-07 15:57:53,0,1,0.66221,0,2.85567,0,22.4161,0
2015-04-07 16:02:53,2,1,0.275541,0,3.58843,0,22.4161,0
2015-04-07 16:07:53,0,1,0.392899,0,4.10502,0,22.4161,0
2015-04-07 16:12:53,0,1,0.380732,0,4.95735,0,22.4161,0
2015-04-07 16:17:53,0,1,0.0622883,0,1.99315,0,22.4161,0
2015-04-07 16:22:53,1,1,0.809194,0,2.87787,0,22.4161,0
2015-04-07 16:27:53,1,1,0.155553,0,2.28221,0,22.4161,0
2015-04-07 16:32:53,0,1,0.319957,0,1.35873,0,22.4161,0
2015-04-07 16:37:53,0,1,0.524657,0,1.20348,0,22.4161,0
2015-04-07 16:42:53,0,1,0.0532806,0,1.63123,0,22.4161,0
2015-04-07 16:47:53,0,1,0.167432,0,2.06246,0,22.4161,0
2015-04-07 16:52:53,0,1,0.332756,0,1.84796,0,22.4161,0
2015-04-07 16:57:53,0,1,0.613713,0,0.827461,0,22.4161,0
2015-04-07 17:02:53,0,1,0.0769305,0,1.78152,0,22.4161,0
2015-04-07 17:07:53,0,1,0.461905,0,2.30262,0,22.4161,0
2015-04-07 17:12:53,0,1,0.0715426,0,2.4569,0,22.4161,0
2015-04-07 17:17:53,0,1,0.503663,0,1.22614,0,22.4161,0
2015-04-07 17:22:53,1,1,0.30056,0,2.02514,0,22.4161,0
2015-04-07 17:27:53,1,1,0.530924,0,1.90674,0,22.4161,0
2015-04-07 17:32:53,0,1,0.0438994,0,3.41881,0,22.4161,0
2015-04-07 17:37:53,0,1,0.0226276,0,4.33668,0,22.4161,0
2015-04-07 17:42:53,0,1,0.407257,0,2.07588,0,22.4161,0
2015-04-07 17:47:53,0,1,0.0503911,0,0.58421,0,22.4161,0
2015-04-07 17:52:53,1,1,0.186889,0,1.83201,0,22.4161,0
2015-04-07 17:57:53,0,1,0.267554,0,2.15641,0,22.4161,0
2015-04-07 18:02:53,0,1,0.394934,0,3.16348,0,22.4161,0
2015-04-07 18:07:53,1,1,0.411127,0,1.70084,0,22.4161,0
2015-04-07 18:12:53,1,1,0.698436,0,2.60167,0,22.4161,0
2015-04-07 18:17:53,0,1,0.365082,0,3.69138,0,22.4161,0
2015-04-07 18:22:53,1,1,0.937943,0,4.62527,0,22.4161,0
2015-04-07 18:27:53,0,1,0.326762,0,3.36356,0,22.4161,0
2015-04-07 18:32:53,0,1,0.0648325,0,2.62678,0,22.4161,0
2015-04-07 18:37:53,2,1,0.488626,0,3.29335,0,22.4161,0
2015-04-07 18:42:53,0,1,0.099227,0,5.01292,0,22.4161,0
2015-04-07 18:47:53,1,1,0.0157317,0,5.89268,0,22.4161,0
2015-04-07 18:52:53,1,1,0.323055,0,4.25169,0,22.4161,0
2015-04-07 18:57:53,0,1,0.579697,0,5.25456,0,22.4161,0
2015-04-07 19:02:53,0,1,0.571063,0,4.87609,0,22.4161,0
2015-04-07 19:07:53,0,1,1.44503,0,2.69962,0,22.4161,0
2015-04-07 19:12:53,0,1,0.197553,0,4.32625,0,22.4161,0
2015-04-07 19:17:53,0,1,0.270345,0,4.8008,0,22.4161,0
2015-04-07 19:22:53,0,1,0.228833,0,5.00055,0,22.4161,0
2015-04-07 19:27:53,1,1,0.0768742,0,1.90452,0,22.4161,0
2015-04-07 19:32:53,1,1,0.248768,0,3.27649,0,22.4161,0
2015-04-07 19:37:53,1,1,0.201339,0,4.91098,0,22.4161,0
2015-04-07 19:42:53,2,1,1.04451,0,6.0705,0,22.4161,0
2015-04-07 19:47:53,1,1,0.412045,0,7.3564,0,22.4161,0
2015-04-07 19:52:53,1,1,0.653789,0,6.73809,0,22.4161,0
2015-04-07 19:57:53,1,1,0.455819,0,1.65566,0,22.4161,0
2015-04-07 20:02:53,1,1,0.594738,0,3.00047,0,22.4161,0
2015-04-07 20:07:53,0,1,0.423807,0,2.72173,0,22.4161,0
2015-04-07 20:12:53,0,1,0.888287,0,3.24583,0,22.4161,0
2015-04-07 20:17:53,4,1,0.462224,0,5.74354,0,22.4161,0
2015-04-07 20:22:53,0,1,0.999611,0,7.95707,0,22.4161,0
2015-04-07 20:27:53,0,1,0.899983,0,11.2592,0,22.4161,0
2015-04-07 20:32:53,0,1,0.632596,0,4.28588,0,22.4161,0
2015-04-07 20:37:53,1,1,0.154478,0,4.72862,0,22.4161,0
2015-04-07 20:42:53,0,1,0.0987124,0,3.58923,0,22.4161,0
2015-04-07 20:47:53,1,1,1.25231,0,2.31246,0,22.4161,0
2015-04-07 20:52:53,2,1,0.233349,0,2.16636,0,22.4161,0
2015-04-07 20:57:53,0,1,1.03336,0,2.88051,0,22.4161,0
2015-04-07 21:02:53,1,1,0.445391,0,2.74312,0,22.4161,0
2015-04-07 21:07:53,2,1,0.754645,0,2.32139,0,22.4161,0
2015-04-07 21:12:53,2,1,0.542846,0,4.45467,0,22.4161,0
2015-04-07 21:17:53,0,1,0.820871,0,7.69738,0,22.4161,0
2015-04-07 21:22:53,1,1,1.37009,0,5.00089,0,22.4161,0
2015-04-07 21:27:53,0,1,0.448289,0,3.35689,0,22.4161,0
2015-04-07 21:32:53,0,1,0.232381,0,3.17166,0,22.4161,0
2015-04-07 21:37:53,0,1,0.737342,0,3.52238,0,22.4161,0
2015-04-07 21:42:53,0,1,0.22728,0,2.54697,0,22.4161,0
2015-04-07 21:47:53,0,1,0.457839,0,2.39911,0,22.4161,0
2015-04-07 21:52:53,1,1,1.39421,0,3.20875,0,22.4161,0
2015-04-07 21:57:53,0,1,0.301956,0,3.16037,0,22.4161,0
2015-04-07 22:02:53,0,1,0.165218,0,3.91985,0,22.4161,0
2015-04-07 22:07:53,0,1,0.807456,0,2.97835,0,22.4161,0
2015-04-07 22:12:53,1,1,0.152886,0,1.42885,0,22.4161,0
2015-04-07 22:17:53,0,1,0.590939,0,1.03363,0,22.4161,0
2015-04-07 22:22:53,0,1,0.157164,0,1.47434,0,22.4161,0
2015-04-07 22:27:53,0,1,0.185413,0,1.7977,0,22.4161,0
2015-04-07 22:32:53,1,1,0.542697,0,2.90173,0,22.4161,0
2015-04-07 22:37:53,1,1,1.3398,0,2.5568,0,22.4161,0
2015-04-07 22:42:53,0,1,0.345188,0,4.13297,0,22.4161,0
2015-04-07 22:47:53,2,1,0.518979,0,5.19381,0,22.4161,0
2015-04-07 22:52:53,1,1,0.893708,0,5.94202,0,22.4161,0
2015-04-07 22:57:53,0,1,0.406815,0,6.46097,0,22.4161,0
2015-04-07 23:02:53,1,1,0.236309,0,3.64977,0,22.4161,0
2015-04-07 23:07:53,1,1,0.353115,0,3.59567,0,22.4161,0
2015-04-07 23:12:53,0,1,0.597152,0,3.0028,0,22.4161,0
2015-04-07 23:17:53,1,1,0.16272,0,3.40015,0,22.4161,0
2015-04-07 23:22:53,1,1,0.541153,0,2.70232,0,22.4161,0
2015-04-07 23:27:53,0,1,0.162629,0,3.68653,0,22.4161,0
2015-04-07 23:32:53,0,1,1.07523,0,3.34449,0,22.4161,0
2015-04-07 23:37:53,0,1,0.153293,0,3.02394,0,22.4161,0
2015-04-07 23:42:53,1,1,0.2905,0,2.13557,0,22.4161,0
2015-04-07 23:47:53,0,1,0.0798145,0,1.47328,0,22.4161,0
2015-04-07 23:52:53,2,1,0.806807,0,3.26197,0,22.4161,0
2015-04-07 23:57:53,2,1,0.393681,0,4.98102,0,22.4161,0
2015-04-08 00:02:53,4,1,0.381953,0,9.89154,0,22.4161,0
2015-04-08 00:07:53,0,1,1.0661,0,15.5217,0,22.4161,0
2015-04-08 00:12:53,0,1,0.934836,0,15.7838,0,22.4161,0
2015-04-08 00:17:53,0,1,0.412805,0,4.21289,0,22.4161,0
2015-04-08 00:22:53,0,1,0.101117,0,5.48077,0,22.4161,0
2015-04-08 00:27:53,1,1,0.296521,0,4.529,0,22.4161,0
2015-04-08 00:32:53,0,1,0.298984,0,3.91156,0,22.4161,0
2015-04-08 00:37:53,0,1,0.169814,0,3.54415,0,22.4161,0
2015-04-08 00:42:53,0,1,0.214356,0,1.65734,0,22.4161,0
2015-04-08 00:47:53,0,1,0.826486,0,1.45093,0,22.4161,0
2015-04-08 00:52:53,1,1,0.218317,0,1.11167,0,22.4161,0
2015-04-08 00:57:53,0,1,0.682154,0,1.20841,0,22.4161,0
2015-04-08 01:02:53,0,1,0.0293305,0,1.63933,0,22.4161,0
2015-04-08 01:07:53,0,1,0.674255,0,2.04859,0,22.4161,0
2015-04-08 01:12:53,0,1,0.364786,0,2.77938,0,22.4161,0
2015-04-08 01:17:53,0,1,0.164544,0,1.80129,0,22.4161,0
2015-04-08 01:22:53,2,1,0.531283,0,4.58779,0,22.4161,0
2015-04-08 01:27:53,0,1,0.531974,0,5.4215,0,22.4161,0
2015-04-08 01:32:53,0,1,0.141509,0,6.65887,0,22.4161,0
2015-04-08 01:37:53,0,1,0.219042,0,2.79931,0,22.4161,0
2015-04-08 01:42:53,1,1,0.0523577,0,2.6599,0,22.4161,0
2015-04-08 01:47:53,0,1,0.28472,0,2.0388,0,22.4161,0
2015-04-08 01:52:53,0,1,1.16536,0,2.73231,0,22.4161,0
2015-04-08 01:57:53,0,1,0.366597,0,1.89187,0,22.4161,0
2015-04-08 02:02:53,0,1,0.559047,0,3.55147,0,22.4161,0
2015-04-08 02:07:53,0,1,0.332031,0,4.78831,0,22.4161,0
2015-04-08 02:12:53,0,1,0.221769,0,2.54992,0,22.4161,0
2015-04-08 02:17:53,0,1,0.278568,0,2.56297,0,22.4161,0
2015-04-08 02:22:53,0,1,0.588721,0,1.7182,0,22.4161,0
2015-04-08 02:27:53,0,1,0.25716,0,1.81116,0,22.4161,0
2015-04-08 02:32:53,0,1,0.499296,0,2.27031,0,22.4161,0
2015-04-08 02:37:53,0,1,0.504757,0,2.77978,0,22.4161,0
2015-04-08 02:42:53,0,1,0.128551,0,2.27483,0,22.4161,0
2015-04-08 02:47:53,0,1,0.772143,0,2.63595,0,22.4161,0
2015-04-08 02:52:53,0,1,0.741295,0,2.54352,0,22.4161,0
2015-04-08 02:57:53,0,1,0.723624,0,2.67123,0,22.4161,0
2015-04-08 03:02:53,0,1,0.292877,0,4.52264,0,22.4161,0
2015-04-08 03:07:53,0,1,0.103397,0,3.96401,0,22.4161,0
2015-04-08 03:12:53,1,1,0.162001,0,3.65323,0,22.4161,0
2015-04-08 03:17:53,0,1,0.820848,0,3.66167,0,22.4161,0
2015-04-08 03:22:53,0,1,0.0929848,0,4.28354,0,22.4161,0
2015-04-08 03:27:53,0,1,0.0938603,0,2.22069,0,22.4161,0
2015-04-08 03:32:53,0,1,0.133628,0,2.74238,0,22.4161,0
2015-04-08 03:37:53,0,1,1.0063,0,0.600303,0,22.4161,0
2015-04-08 03:42:53,0,1,1.15785,0,1.55513,0,22.4161,0
2015-04-08 03:47:53,0,1,0.761075,0,3.57133,0,22.4161,0
2015-04-08 03:52:53,0,1,0.0361652,0,6.09566,0,22.4161,0
2015-04-08 03:57:53,0,1,0.583803,0,5.03186,0,22.4161,0
2015-04-08 04:02:53,0,1,0.433598,0,2.93936,0,22.4161,0
2015-04-08 04:07:53,0,1,0.52793,0,1.7097,0,22.4161,0
2015-04-08 04:12:53,0,1,0.110523,0,3.14653,0,22.4161,0
2015-04-08 04:17:53,0,1,0.0496675,0,2.46718,0,22.4161,0
2015-04-08 04:22:53,0,1,0.405729,0,1.8545,0,22.4161,0
2015-04-08 04:27:53,0,1,0.363929,0,0.836633,0,22.4161,0
2015-04-08 04:32:53,0,1,0.310643,0,1.32439,0,22.4161,0
2015-04-08 04:37:53,0,1,0.765935,0,2.25569,0,22.4161,0
2015-04-08 04:42:53,0,1,0.0114276,0,2.47901,0,22.4161,0
2015-04-08 04:47:53,0,1,0.360698,0,2.47523,0,22.4161,0
2015-04-08 04:52:53,0,1,0.26887,0,2.68136,0,22.4161,0
2015-04-08 04:57:53,0,1,0.110131,0,1.02455,0,22.4161,0
2015-04-08 05:02:53,0,1,0.157766,0,1.72997,0,22.4161,0
2015-04-08 05:07:53,0,1,0.460196,0,1.18464,0,22.4161,0
2015-04-08 05:12:53,0,1,0.197939,0,1.10612,0,22.4161,0
2015-04-08 05:17:53,0,1,0.0266789,0,1.59163,0,22.4161,0
2015-04-08 05:22:53,0,1,0.819073,0,1.80314,0,22.4161,0
2015-04-08 05:27:53,1,1,1.19549,0,0.828101,0,22.4161,0
2015-04-08 05:32:53,0,1,1.44994,0,1.63738,0,22.4161,0
2015-04-08 05:37:53,0,1,0.39951,0,4.3837,0,22.4161,0
2015-04-08 05:42:53,0,1,0.302364,0,5.17426,0,22.4161,0
2015-04-08 05:47:53,0,1,0.117917,0,5.45121,0,22.4161,0
2015-04-08 05:52:53,0,1,0.514907,0,1.92118,0,22.4161,0
2015-04-08 05:57:53,0,1,0.346892,0,1.65783,0,22.4161,0
2015-04-08 06:02:53,0,1,0.125981,0,1.73046,0,22.4161,0
2015-04-08 06:07:53,0,1,0.0882602,0,2.36449,0,22.4161,0
2015-04-08 06:12:53,0,1,0.403009,0,1.3809,0,22.4161,0
2015-04-08 06:17:53,1,1,0.221218,0,1.15145,0,22.4161,0
2015-04-08 06:22:53,0,1,0.270568,0,1.67998,0,22.4161,0
2015-04-08 06:27:53,0,1,1.20046,0,2.50398,0,22.4161,0
2015-04-08 06:32:53,0,1,0.759287,0,2.40525,0,22.4161,0
2015-04-08 06:37:53,0,1,0.473713,0,3.97191,0,22.4161,0
2015-04-08 06:42:53,1,1,0.543082,0,4.0442,0,22.4161,0
2015-04-08 06:47:53,0,1,1.46113,0,3.87352,0,22.4161,0
2015-04-08 06:52:53,0,1,0.41289,0,4.12616,0,22.4161,0
2015-04-08 06:57:53,0,1,0.0806331,0,6.60647,0,22.4161,0
2015-04-08 07:02:53,0,1,0.617215,0,5.28981,0,22.4161,0
2015-04-08 07:07:53,0,1,0.70567,0,2.01715,0,22.4161,0
2015-04-08 07:12:53,3,1,1.07298,0,3.77066,0,22.4161,0
2015-04-08 07:17:53,0,1,1.25574,0,7.51328,0,22.4161,0
2015-04-08 07:22:53,0,1,0.374158,0,10.2847,0,22.4161,0
2015-04-08 07:27:53,0,1,0.740214,0,6.10456,0,22.4161,0
2015-04-08 07:32:53,0,1,0.0158114,0,5.25574,0,22.4161,0
2015-04-08 07:37:53,0,1,0.801943,0,2.61871,0,22.4161,0
2015-04-08 07:42:53,0,1,1.07084,0,3.05421,0,22.4161,0
2015-04-08 07:47:53,0,1,0.489322,0,2.72215,0,22.4161,0
2015-04-08 07:52:53,1,1,0.672244,0,1.38882,0,22.4161,0
2015-04-08 07:57:53,0,1,1.34585,0,5.07116,0,22.4161,0
2015-04-08 08:02:53,0,1,0.0110955,0,4.22237,0,22.4161,0
2015-04-08 08:07:53,0,1,0.392089,0,3.08876,0,22.4161,0
2015-04-08 08:12:53,0,1,0.470988,0,4.45183,0,22.4161,0
2015-04-08 08:17:53,0,1,0.761831,0,1.28845,0,22.4161,0
2015-04-08 08:22:53,0,1,0.962919,0,2.88007,0,22.4161,0
2015-04-08 08:27:53,0,1,0.507231,0,3.89955,0,22.4161,0
2015-04-08 08:32:53,0,1,0.0925876,0,4.71856,0,22.4161,0
2015-04-08 08:37:53,0,1,0.555101,0,3.99581,0,22.4161,0
2015-04-08 08:42:53,0,1,0.0638258,0,2.26197,0,22.4161,0
2015-04-08 08:47:53,0,1,0.149542,0,1.45179,0,22.4161,0
2015-04-08 08:52:53,0,1,0.40562,0,1.9425,0,22.4161,0
2015-04-08 08:57:53,0,1,0.449143,0,0.89618,0,22.4161,0
2015-04-08 09:02:53,0,1,0.0175413,0,1.70901,0,22.4161,0
2015-04-08 09:07:53,0,1,0.425425,0,2.13269,0,22.4161,0
2015-04-08 09:12:53,0,1,0.701443,0,1.80794,0,22.4161,0
2015-04-08 09:17:53,1,1,0.0233607,0,1.20203,0,22.4161,0
2015-04-08 09:22:53,0,1,0.458605,0,1.89675,0,22.4161,0
2015-04-08 09:27:53,0,1,0.661815,0,1.401,0,22.4161,0
2015-04-08 09:32:53,0,1,1.40716,0,1.64911,0,22.4161,0
2015-04-08 09:37:53,0,1,0.468095,0,4.10661,0,22.4161,0
2015-04-08 09:42:53,0,1,0.589221,0,5.26787,0,22.4161,0
2015-04-08 09:47:53,0,1,0.966143,0,5.7469,0,22.4161,0
2015-04-08 09:52:53,0,1,0.344955,0,3.54887,0,22.4161,0
2015-04-08 09:57:53,0,1,0.084501,0,4.0449,0,22.4161,0
2015-04-08 10:02:53,0,1,0.162743,0,3.67284,0,22.4161,0
2015-04-08 10:07:53,0,1,0.100396,0,1.36661,0,22.4161,0
2015-04-08 10:12:53,0,1,0.744188,0,0.679384,0,22.4161,0
2015-04-08 10:17:53,1,1,0.617663,0,0.944831,0,22.4161,0
2015-04-08 10:22:53,0,1,0.200558,0,1.43047,0,22.4161,0
2015-04-08 10:27:53,0,1,0.760418,0,2.77194,0,22.4161,0
2015-04-08 10:32:53,0,1,0.0331784,0,3.29256,0,22.4161,0
2015-04-08 10:37:53,0,1,0.332287,0,2.15569,0,22.4161,0
2015-04-08 10:42:53,1,1,0.294694,0,3.01532,0,22.4161,0
2015-04-08 10:47:53,0,1,0.243775,0,1.72966,0,22.4161,0
2015-04-08 10:52:53,0,1,0.770318,0,2.8363,0,22.4161,0
2015-04-08 10:57:53,1,1,0.133344,0,1.60131,0,22.4161,0
2015-04-08 11:02:53,0,1,0.0327676,0,1.32403,0,22.4161,0
2015-04-08 11:07:53,0,1,0.193134,0,0.988502,0,22.4161,0
2015-04-08 11:12:53,3,1,1.097,0,3.27243,0,22.4161,0
2015-04-08 11:17:53,0,1,0.741188,0,5.61347,0,22.4161,0
2015-04-08 11:22:53,2,1,0.32092,0,9.22273,0,22.4161,0
2015-04-08 11:27:53,1,1,0.918498,0,4.67825,0,22.4161,0
2015-04-08 11:32:53,0,1,0.200228,0,5.94879,0,22.4161,0
2015-04-08 11:37:53,0,1,0.00984978,0,3.56151,0,22.4161,0
2015-04-08 11:42:53,2,1,0.967345,0,2.93654,0,22.4161,0
2015-04-08 11:47:53,0,1,0.143269,0,3.86312,0,22.4161,0
2015-04-08 11:52:53,1,1,0.540963,0,4.28063,0,22.4161,0
2015-04-08 11:57:53,3,1,1.39884,0,4.30987,0,22.4161,0
2015-04-08 12:02:53,1,1,0.627781,0,5.55135,0,22.4161,0
2015-04-08 12:07:53,1,1,0.290018,0,7.7563,0,22.4161,0
2015-04-08 12:12:53,1,1,1.40395,0,2.65092,0,22.4161,0
2015-04-08 12:17:53,0,1,0.991526,0,4.58952,0,22.4161,0
2015-04-08 12:22:53,0,1,0.677282,0,6.15836,0,22.4161,0
2015-04-08 12:27:53,1,1,1.50559,0,4.16169,0,22.4161,0
2015-04-08 12:32:53,0,1,0.00359494,0,5.1256,0,22.4161,0
2015-04-08 12:37:53,0,1,0.295849,0,2.81843,0,22.4161,0
2015-04-08 12:42:53,1,1,1.11511,0,2.74448,0,22.4161,0
2015-04-08 12:47:53,1,1,0.655053,0,1.24727,0,22.4161,0
2015-04-08 12:52:53,1,1,0.311349,0,2.10391,0,22.4161,0
2015-04-08 12:57:53,4,1,1.48866,0,4.72389,0,22.4161,0
2015-04-08 13:02:53,2,1,1.37381,0,8.97977,0,22.4161,0
2015-04-08 13:07:53,0,1,0.257765,0,12.6851,0,22.4161,0
2015-04-08 13:12:53,0,1,1.14472,0,4.69723,0,22.4161,0
2015-04-08 13:17:53,1,1,0.690119,0,3.93829,0,22.4161,0
2015-04-08 13:22:53,0,1,0.388038,0,1.75286,0,22.4161,0
2015-04-08 13:27:53,2,1,0.115259,0,3.42637,0,22.4161,0
2015-04-08 13:32:53,3,1,1.73987,0,8.17902,0,22.4161,0
2015-04-08 13:37:53,0,1,0.470759,0,7.44176,0,22.4161,0
2015-04-08 13:42:53,0,1,0.986087,0,12.7316,0,22.4161,0
2015-04-08 13:47:53,0,1,0.983133,0,8.38041,0,22.4161,0
2015-04-08 13:52:53,0,1,0.759012,0,4.36758,0,22.4161,0
2015-04-08 13:57:53,5,1,0.605748,0,9.16551,0,22.4161,0
2015-04-08 14:02:53,1,1,1.97928,0,11.8256,0,22.4161,0
2015-04-08 14:07:53,1,1,0.593065,0,14.4908,0,22.4161,0
2015-04-08 14:12:53,1,1,0.670132,0,3.54826,0,22.4161,0
2015-04-08 14:17:53,0,1,1.61235,0,4.42185,0,22.4161,0
2015-04-08 14:22:53,1,1,0.859397,0,3.17342,0,22.4161,0
2015-04-08 14:27:53,0,0,1.6312,0,4.0945,0,22.4161,0
2015-04-08 14:32:53,2,0,1.43569,0,3.92465,0,22.4161,0
2015-04-08 14:37:53,0,0,1.47691,0,4.75148,0,22.4161,0
2015-04-08 14:42:53,0,0,1.61692,0,5.4547,0,22.4161,0
2015-04-08 14:47:53,0,0,1.48127,0,8.87782,0,22.4161,0
2015-04-08 14:52:53,1,0,1.52109,0,8.14584,0,22.4161,0
2015-04-08 14:57:53,4,0,1.55162,0,8.2922,0,22.4161,0
2015-04-08 15:02:53,6,0,1.48029,0,10.85,0,22.4161,0
2015-04-08 15:07:53,2,0,1.47943,0,16.8532,0,22.4161,0
2015-04-08 15:12:53,0,0,1.57189,0,15.864,0,22.4161,0
2015-04-08 15:17:53,2,0,1.41249,0,4.9461,0,22.4161,0
2015-04-08 15:22:53,3,0,1.53638,0,6.88201,0,22.4161,0
2015-04-08 15:27:53,1,0,1.5591,0,4.99573,0,22.4161,0
2015-04-08 15:32:53,1,0,1.54238,0,6.39439,0,22.4161,0
2015-04-08 15:37:53,0,0,1.49125,0,4.26972,0,22.4161,0
2015-04-08 15:42:53,0,0,1.56262,0,6.25332,0,22.4161,0
2015-04-08 15:47:53,0,0,1.5132,0,9.17226,0,22.4161,0
2015-04-08 15:52:53,0,0,1.52713,0,9.11218,0,22.4161,0
2015-04-08 15:57:53,1,0,1.54833,0,8.24138,0,22.4161,0
2015-04-08 16:02:53,2,0,1.48221,0,6.04553,0,22.4161,0
2015-04-08 16:07:53,2,0,1.50085,0,3.00252,0,22.4161,0
2015-04-08 16:12:53,1,0,1.54596,0,2.89141,0,22.4161,0
2015-04-08 16:17:53,0,0,1.49301,0,4.10101,0,22.4161,0
2015-04-08 16:22:53,1,0,1.48606,0,5.08746,0,22.4161,0
2015-04-08 16:27:53,4,0,1.54628,0,8.13783,0,22.4161,0
2015-04-08 16:32:53,2,0,1.46885,0,6.96062,0,22.4161,0
2015-04-08 16:37:53,0,0,1.50151,0,9.9181,0,22.4161,0
2015-04-08 16:42:53,0,0,1.52711,0,5.80036,0,22.4161,0
2015-04-08 16:47:53,0,0,1.45718,0,8.93668,0,22.4161,0
2015-04-08 16:52:53,0,0,1.45755,0,9.01592,0,22.4161,0
2015-04-08 16:57:53,1,0,1.58598,0,7.95323,0,22.4161,0
2015-04-08 17:02:53,0,0,1.48902,0,6.87262,0,22.4161,0
2015-04-08 17:07:53,4,0,1.48845,0,7.0556,0,22.4161,0
2015-04-08 17:12:53,1,0,1.54018,0,10.2684,0,22.4161,0
2015-04-08 17:17:53,0,0,1.45975,0,10.05,0,22.4161,0
2015-04-08 17:22:53,0,0,1.46304,0,6.00547,0,22.4161,0
2015-04-08 17:27:53,2,0,1.5538,0,8.077,0,22.4161,0
2015-04-08 17:32:53,1,0,1.49563,0,6.00697,0,22.4161,0
2015-04-08 17:37:53,0,0,1.49229,0,4.21411,0,22.4161,0
2015-04-08 17:42:53,0,0,1.51479,0,6.14495,0,22.4161,0
2015-04-08 17:47:53,0,0,1.47893,0,8.98626,0,22.4161,0
2015-04-08 17:52:53,0,0,1.47912,0,8.98539,0,22.4161,0
2015-04-08 17:57:53,5,0,1.553,0,11.0231,0,22.4161,0
2015-04-08 18:02:53,1,0,1.47978,0,12.0316,0,22.4161,0
2015-04-08 18:07:53,3,0,1.48551,0,13.1889,0,22.4161,0
2015-04-08 18:12:53,1,0,1.52637,0,5.18495,0,22.4161,0
2015-04-08 18:17:53,1,0,1.40774,0,6.05806,0,22.4161,0
2015-04-08 18:22:53,1,0,1.53961,0,2.91701,0,22.4161,0
2015-04-08 18:27:53,4,0,1.48617,0,4.85497,0,22.4161,0
2015-04-08 18:32:53,0,0,1.52846,0,7.63016,0,22.4161,0
2015-04-08 18:37:53,2,0,1.49052,0,10.825,0,22.4161,0
2015-04-08 18:42:53,0,0,1.55496,0,6.89209,0,22.4161,0
2015-04-08 18:47:53,0,0,1.4141,0,5.95061,0,22.4161,0
2015-04-08 18:52:53,0,0,1.55818,0,8.99558,0,22.4161,0
2015-04-08 18:57:53,2,0,1.51863,0,7.93491,0,22.4161,0
2015-04-08 19:02:53,12,0,1.51881,0,15.6073,0,22.4161,0
2015-04-08 19:07:53,5,0,1.48353,0,25.7694,0,22.4161,1
2015-04-08 19:12:53,3,0,1.54231,0,39.923,0,22.4161,1
2015-04-08 19:17:53,4,0,1.53437,0,15.9342,0,22.4161,0
2015-04-08 19:22:53,0,0,1.47469,0,10.9992,0,22.4161,0
2015-04-08 19:27:53,0,0,1.49997,0,11.9165,0,22.4161,0
2015-04-08 19:32:53,1,0,1.62904,0,8.05245,0,22.4161,0
2015-04-08 19:37:53,2,0,1.45452,0,5.79495,0,22.4161,0
2015-04-08 19:42:53,1,0,1.54195,0,2.69634,0,22.4161,0
2015-04-08 19:47:53,1,0,1.52234,0,2.56387,0,22.4161,0
2015-04-08 19:52:53,1,0,1.52235,0,2.9698,0,22.4161,0
2015-04-08 19:57:53,2,0,1.512,0,3.14818,0,22.4161,0
2015-04-08 20:02:53,4,0,1.5683,0,5.01031,0,22.4161,0
2015-04-08 20:07:53,4,0,1.47627,0,8.84065,0,22.4161,0
2015-04-08 20:12:53,1,0,1.55386,0,12.8037,0,22.4161,0
2015-04-08 20:17:53,0,0,1.46344,0,9.80151,0,22.4161,0
2015-04-08 20:22:53,3,0,1.51105,0,6.07311,0,22.4161,0
2015-04-08 20:27:53,0,0,1.55764,0,9.24575,0,22.4161,0
2015-04-08 20:32:53,0,0,1.51615,0,9.18942,0,22.4161,0
2015-04-08 20:37:53,2,0,1.53395,0,8.13227,0,22.4161,0
2015-04-08 20:42:53,0,0,1.51153,0,7.17457,0,22.4161,0
2015-04-08 20:47:53,3,0,1.48216,0,6.00791,0,22.4161,0
2015-04-08 20:52:53,0,0,1.53373,0,9.06093,0,22.4161,0
2015-04-08 20:57:53,0,0,1.46951,0,8.96343,0,22.4161,0
2015-04-08 21:02:53,0,0,1.48438,0,8.98344,0,22.4161,0
2015-04-08 21:07:53,0,0,1.52631,0,9.02459,0,22.4161,0
2015-04-08 21:12:53,1,0,1.5197,0,7.90361,0,22.4161,0
2015-04-08 21:17:53,0,0,1.51813,0,7.02545,0,22.4161,0
2015-04-08 21:22:53,0,0,1.44967,0,6.13645,0,22.4161,0
2015-04-08 21:27:53,0,0,1.48816,0,9.04502,0,22.4161,0
2015-04-08 21:32:53,1,0,1.50129,0,7.94188,0,22.4161,0
2015-04-08 21:37:53,1,0,1.48326,0,5.82663,0,22.4161,0
2015-04-08 21:42:53,0,0,1.48463,0,3.95033,0,22.4161,0
2015-04-08 21:47:53,0,0,1.52559,0,5.95504,0,22.4161,0
2015-04-08 21:52:53,2,0,1.45006,0,7.89347,0,22.4161,0
2015-04-08 21:57:53,3,0,1.51152,0,6.95266,0,22.4161,0
2015-04-08 22:02:53,1,0,1.46544,0,5.03463,0,22.4161,0
2015-04-08 22:07:53,0,0,1.54102,0,7.13831,0,22.4161,0
2015-04-08 22:12:53,1,0,1.43336,0,5.00645,0,22.4161,0
2015-04-08 22:17:53,0,0,1.45165,0,6.91172,0,22.4161,0
2015-04-08 22:22:53,0,0,1.49534,0,5.94143,0,22.4161,0
2015-04-08 22:27:53,1,0,1.49191,0,7.69873,0,22.4161,0
2015-04-08 22:32:53,1,0,1.48346,0,5.83754,0,22.4161,0
2015-04-08 22:37:53,1,0,1.5285,0,2.9533,0,22.4161,0
2015-04-08 22:42:53,1,0,1.47423,0,2.97113,0,22.4161,0
2015-04-08 22:47:53,1,0,1.47898,0,2.98161,0,22.4161,0
2015-04-08 22:52:53,0,0,1.50236,0,4.01295,0,22.4161,0
2015-04-08 22:57:53,1,0,1.45057,0,4.88301,0,22.4161,0
2015-04-08 23:02:53,0,0,1.52643,0,6.89221,0,22.4161,0
2015-04-08 23:07:53,0,0,1.43847,0,5.93463,0,22.4161,0
2015-04-08 23:12:53,0,0,1.52569,0,8.84304,0,22.4161,0
2015-04-08 23:17:53,0,0,1.51271,0,8.98192,0,22.4161,0
2015-04-08 23:22:53,0,0,1.43357,0,8.87952,0,22.4161,0
2015-04-08 23:27:53,1,0,1.509,0,8.03607,0,22.4161,0
2015-04-08 23:32:53,4,0,1.50077,0,7.89627,0,22.4161,0
2015-04-08 23:37:53,0,0,1.45997,0,7.78347,0,22.4161,0
2015-04-08 23:42:53,1,0,1.48886,0,10.9345,0,22.4161,0
2015-04-08 23:47:53,1,0,1.48865,0,5.91111,0,22.4161,0
2015-04-08 23:52:53,1,0,1.40767,0,2.84628,0,22.4161,0
2015-04-08 23:57:53,0,0,1.46926,0,3.85155,0,22.4161,0
2015-04-09 00:02:53,0,0,1.52739,0,5.75056,0,22.4161,0
2015-04-09 00:07:53,0,0,1.47792,0,8.68892,0,22.4161,0
2015-04-09 00:12:53,0,0,1.44461,0,8.94048,0,22.4161,0
2015-04-09 00:17:53,1,0,1.5397,0,7.9826,0,22.4161,0
2015-04-09 00:22:53,0,0,1.52819,0,6.86265,0,22.4161,0
2015-04-09 00:27:53,1,0,1.43912,0,4.94139,0,22.4161,0
2015-04-09 00:32:53,2,0,1.50215,0,6.23634,0,22.4161,0
2015-04-09 00:37:53,0,0,1.49127,0,4.20847,0,22.4161,0
2015-04-09 00:42:53,0,0,1.46089,0,6.17821,0,22.4161,0
2015-04-09 00:47:53,0,0,1.56923,0,8.94988,0,22.4161,0
2015-04-09 00:52:53,0,0,1.41736,0,8.96482,0,22.4161,0
2015-04-09 00:57:53,0,0,1.50303,0,8.93847,0,22.4161,0
2015-04-09 01:02:53,2,0,1.49577,0,8.03936,0,22.4161,0
2015-04-09 01:07:53,1,0,1.45274,0,5.74178,0,22.4161,0
2015-04-09 01:12:53,1,0,1.4963,0,2.93517,0,22.4161,0
2015-04-09 01:17:53,1,0,1.52135,0,2.88909,0,22.4161,0
2015-04-09 01:22:53,1,0,1.42164,0,2.87217,0,22.4161,0
2015-04-09 01:27:53,1,0,1.52976,0,2.95323,0,22.4161,0
2015-04-09 01:32:53,0,0,1.52408,0,3.9371,0,22.4161,0
2015-04-09 01:37:53,0,0,1.482,0,5.84853,0,22.4161,0
2015-04-09 01:42:53,2,0,1.50709,0,8.15546,0,22.4161,0
2015-04-09 01:47:53,1,0,1.5022,0,6.11533,0,22.4161,0
2015-04-09 01:52:53,2,0,1.47174,0,3.06596,0,22.4161,0
2015-04-09 01:57:53,0,0,1.58333,0,3.98861,0,22.4161,0
2015-04-09 02:02:53,1,0,1.46951,0,5.0202,0,22.4161,0
2015-04-09 02:07:53,0,0,1.50829,0,7.0514,0,22.4161,0
2015-04-09 02:12:53,0,0,1.51297,0,6.1973,0,22.4161,0
2015-04-09 02:17:53,0,0,1.56229,0,8.93808,0,22.4161,0
2015-04-09 02:22:53,0,0,1.48569,0,9.1131,0,22.4161,0
2015-04-09 02:27:53,0,0,1.53187,0,9.14918,0,22.4161,0
2015-04-09 02:32:53,0,0,1.4827,0,9.19014,0,22.4161,0
2015-04-09 02:37:53,0,0,1.54989,0,9.00351,0,22.4161,0
2015-04-09 02:42:53,0,0,1.47063,0,9.11089,0,22.4161,0
2015-04-09 02:47:53,1,0,1.49416,0,8.01851,0,22.4161,0
2015-04-09 02:52:53,0,0,1.41338,0,7.08507,0,22.4161,0
2015-04-09 02:57:53,1,0,1.50497,0,4.81359,0,22.4161,0
2015-04-09 03:02:53,0,0,1.5061,0,6.81422,0,22.4161,0
2015-04-09 03:07:53,0,0,1.46654,0,5.75617,0,22.4161,0
2015-04-09 03:12:53,0,0,1.51752,0,8.99363,0,22.4161,0
2015-04-09 03:17:53,0,0,1.50431,0,8.96888,0,22.4161,0
2015-04-09 03:22:53,1,0,1.40953,0,7.93895,0,22.4161,0
2015-04-09 03:27:53,1,0,1.51079,0,5.97071,0,22.4161,0
2015-04-09 03:32:53,0,0,1.51507,0,3.84278,0,22.4161,0
2015-04-09 03:37:53,0,0,1.39504,0,5.76525,0,22.4161,0
2015-04-09 03:42:53,0,0,1.4952,0,8.95755,0,22.4161,0
2015-04-09 03:47:53,0,0,1.51992,0,8.83049,0,22.4161,0
2015-04-09 03:52:53,1,0,1.47313,0,7.69543,0,22.4161,0
2015-04-09 03:57:53,0,0,1.56369,0,6.99857,0,22.4161,0
2015-04-09 04:02:53,0,0,1.47681,0,6.06971,0,22.4161,0
2015-04-09 04:07:53,0,0,1.47402,0,9.02359,0,22.4161,0
2015-04-09 04:12:53,0,0,1.47301,0,9.11871,0,22.4161,0
2015-04-09 04:17:53,0,0,1.5186,0,8.85148,0,22.4161,0
2015-04-09 04:22:53,0,0,1.42965,0,8.88669,0,22.4161,0
2015-04-09 04:27:53,0,0,1.46879,0,8.88589,0,22.4161,0
2015-04-09 04:32:53,0,0,1.52031,0,8.88389,0,22.4161,0
2015-04-09 04:37:53,0,0,1.44567,0,8.74683,0,22.4161,0
2015-04-09 04:42:53,0,0,1.52942,0,8.89266,0,22.4161,0
2015-04-09 04:47:53,0,0,1.49657,0,8.98169,0,22.4161,0
2015-04-09 04:52:53,0,0,1.41777,0,8.89241,0,22.4161,0
2015-04-09 04:57:53,0,0,1.47223,0,8.99916,0,22.4161,0
2015-04-09 05:02:53,0,0,1.51818,0,8.79749,0,22.4161,0
2015-04-09 05:07:53,0,0,1.39367,0,8.71596,0,22.4161,0
2015-04-09 05:12:53,0,0,1.50515,0,8.84672,0,22.4161,0
2015-04-09 05:17:53,0,0,1.46596,0,8.84702,0,22.4161,0
2015-04-09 05:22:53,0,0,1.44678,0,8.65727,0,22.4161,0
2015-04-09 05:27:53,0,0,1.48327,0,8.89416,0,22.4161,0
2015-04-09 05:32:53,0,0,1.51176,0,8.77471,0,22.4161,0
2015-04-09 05:37:53,0,0,1.44099,0,8.81863,0,22.4161,0
2015-04-09 05:42:53,0,0,1.50324,0,8.91432,0,22.4161,0
2015-04-09 05:47:53,0,0,1.39796,0,8.9205,0,22.4161,0
2015-04-09 05:52:53,0,0,1.53639,0,8.72741,0,22.4161,0
2015-04-09 05:57:53,0,0,1.42697,0,8.84204,0,22.4161,0
2015-04-09 06:02:53,0,1,1.49322,0,8.69364,0,22.4161,0
2015-04-09 06:07:53,0,1,1.44825,0,8.95633,0,22.4161,0
2015-04-09 06:12:53,0,1,1.46719,0,8.7156,0,22.4161,0
2015-04-09 06:17:53,0,1,1.47949,0,8.84334,0,22.4161,0
2015-04-09 06:22:53,0,1,1.46207,0,8.75862,0,22.4161,0
2015-04-09 06:27:53,0,1,1.49463,0,8.82264,0,22.4161,0
2015-04-09 06:32:53,1,1,1.4383,0,7.85726,0,22.4161,0
2015-04-09 06:37:53,0,1,1.46398,0,6.81377,0,22.4161,0
2015-04-09 06:42:53,0,1,1.4368,0,5.82446,0,22.4161,0
2015-04-09 06:47:53,0,1,1.52641,0,8.67965,0,22.4161,0
2015-04-09 06:52:53,0,1,1.39969,0,8.79195,0,22.4161,0
2015-04-09 06:57:53,1,1,1.62285,0,7.76292,0,22.4161,0
2015-04-09 07:02:53,0,1,1.46771,0,7.00146,0,22.4161,0
2015-04-09 07:07:53,0,1,1.47061,0,5.91248,0,22.4161,0
2015-04-09 07:12:53,0,1,1.52788,0,9.27459,0,22.4161,0
2015-04-09 07:17:53,0,1,1.41994,0,8.87224,0,22.4161,0
2015-04-09 07:22:53,0,1,1.58399,0,8.88752,0,22.4161,0
2015-04-09 07:27:53,0,1,1.57509,0,9.0075,0,22.4161,0
2015-04-09 07:32:53,0,1,1.43723,0,9.00288,0,22.4161,0
2015-04-09 07:37:53,0,1,1.49946,0,9.33938,0,22.4161,0
2015-04-09 07:42:53,0,1,1.49316,0,9.09918,0,22.4161,0
2015-04-09 07:47:53,0,1,1.47184,0,8.80378,0,22.4161,0
2015-04-09 07:52:53,0,1,1.59322,0,8.95655,0,22.4161,0
2015-04-09 07:57:53,1,1,1.44254,0,8.0164,0,22.4161,0
2015-04-09 08:02:53,0,1,1.47993,0,7.04451,0,22.4161,0
2015-04-09 08:07:53,0,1,1.51838,0,6.14467,0,22.4161,0
2015-04-09 08:12:53,0,1,1.49065,0,8.80585,0,22.4161,0
2015-04-09 08:17:53,0,1,1.44422,0,8.96719,0,22.4161,0
2015-04-09 08:22:53,1,1,1.53382,0,7.98065,0,22.4161,0
2015-04-09 08:27:53,0,1,1.50558,0,6.89419,0,22.4161,0
2015-04-09 08:32:53,0,1,1.46036,0,5.90587,0,22.4161,0
2015-04-09 08:37:53,0,1,1.56315,0,9.07298,0,22.4161,0
2015-04-09 08:42:53,0,1,1.48403,0,9.0006,0,22.4161,0
2015-04-09 08:47:53,1,1,1.52057,0,7.99142,0,22.4161,0
2015-04-09 08:52:53,0,1,1.54245,0,7.17809,0,22.4161,0
2015-04-09 08:57:53,1,1,1.45542,0,5.03568,0,22.4161,0
2015-04-09 09:02:53,1,1,1.57633,0,6.10204,0,22.4161,0
2015-04-09 09:07:53,0,1,1.48644,0,4.11452,0,22.4161,0
2015-04-09 09:12:53,0,1,1.57864,0,6.00537,0,22.4161,0
2015-04-09 09:17:53,0,1,1.55509,0,9.28051,0,22.4161,0
2015-04-09 09:22:53,0,1,1.48884,0,9.17168,0,22.4161,0
2015-04-09 09:27:53,0,1,1.55991,0,9.33493,0,22.4161,0
2015-04-09 09:32:53,0,1,1.58609,0,9.20284,0,22.4161,0
2015-04-09 09:37:53,0,1,1.48497,0,9.17242,0,22.4161,0
2015-04-09 09:42:53,0,1,1.57227,0,9.33689,0,22.4161,0
2015-04-09 09:47:53,0,1,1.53422,0,9.30048,0,22.4161,0
2015-04-09 09:52:53,0,1,1.49345,0,9.13368,0,22.4161,0
2015-04-09 09:57:53,0,1,1.52092,0,9.27871,0,22.4161,0
2015-04-09 10:02:53,0,1,1.54863,0,9.11048,0,22.4161,0
2015-04-09 10:07:53,0,1,1.4595,0,9.07081,0,22.4161,0
2015-04-09 10:12:53,0,1,1.54977,0,9.11952,0,22.4161,0
2015-04-09 10:17:53,0,1,1.43091,0,9.11467,0,22.4161,0
2015-04-09 10:22:53,1,1,1.48512,0,7.90896,0,22.4161,0
2015-04-09 10:27:53,1,1,1.53971,0,5.99624,0,22.4161,0
2015-04-09 10:32:53,1,1,1.52747,0,2.80265,0,22.4161,0
2015-04-09 10:37:53,0,1,1.44784,0,4.06223,0,22.4161,0
2015-04-09 10:42:53,0,1,1.49702,0,6.12189,0,22.4161,0
2015-04-09 10:47:53,1,1,1.49119,0,7.97509,0,22.4161,0
2015-04-09 10:52:53,0,1,1.50312,0,6.82874,0,22.4161,0
2015-04-09 10:57:53,0,1,1.57662,0,5.97656,0,22.4161,0
2015-04-09 11:02:53,1,1,1.52534,0,8.05643,0,22.4161,0
2015-04-09 11:07:53,0,1,1.47676,0,7.18792,0,22.4161,0
2015-04-09 11:12:53,1,1,1.56118,0,5.25729,0,22.4161,0
2015-04-09 11:17:53,1,1,1.57805,0,6.09071,0,22.4161,0
2015-04-09 11:22:53,0,1,1.43378,0,4.13069,0,22.4161,0
2015-04-09 11:27:53,0,1,1.56835,0,6.27343,0,22.4161,0
2015-04-09 11:32:53,0,1,1.53049,0,9.17007,0,22.4161,0
2015-04-09 11:37:53,0,1,1.48376,0,8.96854,0,22.4161,0
2015-04-09 11:42:53,0,1,1.6033,0,9.2498,0,22.4161,0
2015-04-09 11:47:53,0,1,1.55759,0,9.1623,0,22.4161,0
2015-04-09 11:52:53,0,1,1.46443,0,9.21547,0,22.4161,0
2015-04-09 11:57:53,0,1,1.56399,0,9.38951,0,22.4161,0
2015-04-09 12:02:53,2,1,1.49892,0,8.03765,0,22.4161,0
2015-04-09 12:07:53,1,1,1.5236,0,5.76423,0,22.4161,0
2015-04-09 12:12:53,0,1,1.47759,0,3.82947,0,22.4161,0
2015-04-09 12:17:53,0,1,1.50341,0,6.02156,0,22.4161,0
2015-04-09 12:22:53,4,1,1.45811,0,10.0226,0,22.4161,0
2015-04-09 12:27:53,0,1,1.52993,0,10.8841,0,22.4161,0
2015-04-09 12:32:53,0,1,1.54848,0,11.9359,0,22.4161,0
2015-04-09 12:37:53,1,1,1.58135,0,7.98269,0,22.4161,0
2015-04-09 12:42:53,0,1,1.36839,0,7.26811,0,22.4161,0
2015-04-09 12:47:53,0,1,1.57556,0,6.17654,0,22.4161,0
2015-04-09 12:52:53,3,1,1.58154,0,8.90527,0,22.4161,0
2015-04-09 12:57:53,0,1,1.51218,0,8.53558,0,22.4161,0
2015-04-09 13:02:53,5,1,1.49634,0,10.9242,0,22.4161,0
2015-04-09 13:07:53,0,1,1.56876,0,13.2166,0,22.4161,0
2015-04-09 13:12:53,0,1,1.45295,0,15.0249,0,22.4161,0
2015-04-09 13:17:53,1,1,1.65029,0,8.07949,0,22.4161,0
2015-04-09 13:22:53,2,1,1.46697,0,5.96188,0,22.4161,0
2015-04-09 13:27:53,1,1,1.54225,0,2.52522,0,22.4161,0
2015-04-09 13:32:53,1,1,1.5898,0,2.5253,0,22.4161,0
2015-04-09 13:37:53,0,1,1.49635,0,4.0752,0,22.4161,0
2015-04-09 13:42:53,0,1,1.46697,0,6.30271,0,22.4161,0
2015-04-09 13:47:53,0,1,1.65267,0,9.22907,0,22.4161,0
2015-04-09 13:52:53,3,1,1.48775,0,8.7703,0,22.4161,0
2015-04-09 13:57:53,1,1,1.5385,0,7.5833,0,22.4161,0
2015-04-09 14:02:53,0,1,1.51383,0,6.55597,0,22.4161,0
2015-04-09 14:07:53,1,1,1.55984,0,5.05407,0,22.4161,0
2015-04-09 14:12:53,0,1,1.46364,0,7.20299,0,22.4161,0
2015-04-09 14:17:53,0,1,1.58712,0,6.12482,0,22.4161,0
2015-04-09 14:22:53,0,1,1.49848,0,9.19393,0,22.4161,0
2015-04-09 14:27:53,0,1,1.52688,0,9.06364,0,22.4161,0
2015-04-09 14:32:53,0,1,1.48986,0,9.28519,0,22.4161,0
2015-04-09 14:37:53,0,1,1.57311,0,9.03906,0,22.4161,0
2015-04-09 14:42:53,0,1,1.42408,0,9.13346,0,22.4161,0
2015-04-09 14:47:53,3,1,1.59373,0,9.19171,0,22.4161,0
2015-04-09 14:52:53,3,1,1.4653,0,9.27744,0,22.4161,0
2015-04-09 14:57:53,2,1,1.48326,0,8.07501,0,22.4161,0
2015-04-09 15:02:53,3,1,1.49722,0,6.80496,0,22.4161,0
2015-04-09 15:07:53,0,1,1.55955,0,6.13482,0,22.4161,0
2015-04-09 15:12:53,1,1,1.43266,0,8.10421,0,22.4161,0
2015-04-09 15:17:53,1,1,1.58108,0,6.0434,0,22.4161,0
2015-04-09 15:22:53,2,1,1.43384,0,2.96288,0,22.4161,0
2015-04-09 15:27:53,0,1,1.55706,0,3.56965,0,22.4161,0
2015-04-09 15:32:53,0,1,1.52127,0,5.68149,0,22.4161,0
2015-04-09 15:37:53,0,1,1.54899,0,8.93691,0,22.4161,0
2015-04-09 15:42:53,0,1,1.48139,0,9.26271,0,22.4161,0
2015-04-09 15:47:53,1,1,1.57043,0,8.14319,0,22.4161,0
2015-04-09 15:52:53,1,1,1.5141,0,6.18017,0,22.4161,0
2015-04-09 15:57:53,0,1,1.49622,0,4.09912,0,22.4161,0
2015-04-09 16:02:53,0,1,1.53537,0,6.23571,0,22.4161,0
2015-04-09 16:07:53,0,1,1.52238,0,9.07009,0,22.4161,0
2015-04-09 16:12:53,0,1,1.45052,0,9.08176,0,22.4161,0
2015-04-09 16:17:53,1,1,1.53537,0,8.10139,0,22.4161,0
2015-04-09 16:22:53,0,1,1.56346,0,7.00355,0,22.4161,0
2015-04-09 16:27:53,2,1,1.38214,0,4.85883,0,22.4161,0
2015-04-09 16:32:53,2,1,1.56503,0,6.09704,0,22.4161,0
2015-04-09 16:37:53,3,1,1.51036,0,3.98031,0,22.4161,0
2015-04-09 16:42:53,2,1,1.43318,0,5.21316,0,22.4161,0
2015-04-09 16:47:53,0,1,1.49185,0,6.71737,0,22.4161,0
2015-04-09 16:52:53,0,1,1.52191,0,5.82714,0,22.4161,0
2015-04-09 16:57:53,0,1,1.42896,0,8.80515,0,22.4161,0
2015-04-09 17:02:53,2,1,1.59793,0,8.09042,0,22.4161,0
2015-04-09 17:07:53,1,1,1.47916,0,6.30576,0,22.4161,0
2015-04-09 17:12:53,0,1,1.47093,0,4.38815,0,22.4161,0
2015-04-09 17:17:53,0,1,1.5104,0,6.22306,0,22.4161,0
2015-04-09 17:22:53,0,1,1.48461,0,8.88974,0,22.4161,0
2015-04-09 17:27:53,0,1,1.52698,0,8.9182,0,22.4161,0
2015-04-09 17:32:53,2,1,1.59516,0,7.97342,0,22.4161,0
2015-04-09 17:37:53,0,1,1.47091,0,6.99502,0,22.4161,0
2015-04-09 17:42:53,0,1,1.43751,0,6.08028,0,22.4161,0
2015-04-09 17:47:53,0,1,1.54078,0,9.16482,0,22.4161,0
2015-04-09 17:52:53,0,1,1.51773,0,8.82853,0,22.4161,0
2015-04-09 17:57:53,2,1,1.46185,0,7.87636,0,22.4161,0
2015-04-09 18:02:53,0,1,1.53643,0,7.04873,0,22.4161,0
2015-04-09 18:07:53,0,1,1.4709,0,5.90695,0,22.4161,0
2015-04-09 18:12:53,1,1,1.40354,0,7.92931,0,22.4161,0
2015-04-09 18:17:53,0,1,1.51288,0,6.95465,0,22.4161,0
2015-04-09 18:22:53,0,1,1.51848,0,5.73266,0,22.4161,0
2015-04-09 18:27:53,0,1,1.48437,0,8.75486,0,22.4161,0
2015-04-09 18:32:53,0,1,1.45672,0,9.05998,0,22.4161,0
2015-04-09 18:37:53,0,1,1.47323,0,8.98091,0,22.4161,0
2015-04-09 18:42:53,0,1,1.49881,0,8.83979,0,22.4161,0
2015-04-09 18:47:53,0,1,1.5111,0,8.81541,0,22.4161,0
2015-04-09 18:52:53,1,1,1.46964,0,7.92839,0,22.4161,0
2015-04-09 18:57:53,1,1,1.45815,0,5.98825,0,22.4161,0
2015-04-09 19:02:53,0,1,1.49749,0,3.93072,0,22.4161,0
2015-04-09 19:07:53,0,1,1.46475,0,5.8227,0,22.4161,0
2015-04-09 19:12:53,1,1,1.53443,0,7.83416,0,22.4161,0
2015-04-09 19:17:53,0,1,1.49938,0,6.95638,0,22.4161,0
2015-04-09 19:22:53,0,1,1.49805,0,5.96248,0,22.4161,0
2015-04-09 19:27:53,1,1,1.4731,0,8.1001,0,22.4161,0
2015-04-09 19:32:53,0,1,1.49378,0,6.96735,0,22.4161,0
2015-04-09 19:37:53,0,1,1.46162,0,5.93412,0,22.4161,0
2015-04-09 19:42:53,3,1,1.46672,0,8.94523,0,22.4161,0
2015-04-09 19:47:53,0,1,1.48709,0,9.02482,0,22.4161,0
2015-04-09 19:52:53,2,1,1.41948,0,8.0615,0,22.4161,0
2015-04-09 19:57:53,1,1,1.52814,0,5.84546,0,22.4161,0
2015-04-09 20:02:53,2,1,1.4641,0,2.84956,0,22.4161,0
2015-04-09 20:07:53,2,1,1.55341,0,2.73807,0,22.4161,0
2015-04-09 20:12:53,1,1,1.48385,0,3.0408,0,22.4161,0
2015-04-09 20:17:53,3,1,1.50552,0,4.23068,0,22.4161,0
2015-04-09 20:22:53,1,1,1.49775,0,5.19805,0,22.4161,0
2015-04-09 20:27:53,1,1,1.53472,0,6.05725,0,22.4161,0
2015-04-09 20:32:53,5,1,1.53204,0,5.97734,0,22.4161,0
2015-04-09 20:37:53,1,1,1.55449,0,8.95585,0,22.4161,0
2015-04-09 20:42:53,3,1,1.52196,0,12.9054,0,22.4161,0
2015-04-09 20:47:53,3,1,1.56693,0,5.96517,0,22.4161,0
2015-04-09 20:52:53,1,1,1.47742,0,7.85954,0,22.4161,0
2015-04-09 20:57:53,0,1,1.57056,0,7.04538,0,22.4161,0
2015-04-09 21:02:53,1,1,1.60709,0,5.22618,0,22.4161,0
2015-04-09 21:07:53,1,1,1.49296,0,6.18047,0,22.4161,0
2015-04-09 21:12:53,1,1,1.54288,0,3.41883,0,22.4161,0
2015-04-09 21:17:53,1,1,1.58872,0,3.35008,0,22.4161,0
2015-04-09 21:22:53,1,1,1.45864,0,3.15335,0,22.4161,0
2015-04-09 21:27:53,0,1,1.56961,0,4.26472,0,22.4161,0
2015-04-09 21:32:53,0,1,1.54096,0,6.25306,0,22.4161,0
2015-04-09 21:37:53,1,1,1.49425,0,8.05611,0,22.4161,0
2015-04-09 21:42:53,0,1,1.55716,0,7.285,0,22.4161,0
2015-04-09 21:47:53,1,1,1.53032,0,5.16855,0,22.4161,0
2015-04-09 21:52:53,2,1,1.47306,0,6.06675,0,22.4161,0
2015-04-09 21:57:53,1,1,1.57574,0,3.08389,0,22.4161,0
2015-04-09 22:02:53,3,1,1.44556,0,3.77942,0,22.4161,0
2015-04-09 22:07:53,0,1,1.54077,0,5.71327,0,22.4161,0
2015-04-09 22:12:53,1,1,1.49474,0,7.70466,0,22.4161,0
2015-04-09 22:17:53,0,1,1.51444,0,6.91296,0,22.4161,0
2015-04-09 22:22:53,1,1,1.45947,0,5.12624,0,22.4161,0
2015-04-09 22:27:53,3,1,1.56401,0,7.05364,0,22.4161,0
2015-04-09 22:32:53,1,1,1.48564,0,5.1884,0,22.4161,0
2015-04-09 22:37:53,0,1,1.50676,0,7.23525,0,22.4161,0
2015-04-09 22:42:53,0,1,1.52304,0,6.17008,0,22.4161,0
2015-04-09 22:47:53,1,1,1.52453,0,7.99348,0,22.4161,0
2015-04-09 22:52:53,0,1,1.48365,0,7.09089,0,22.4161,0
2015-04-09 22:57:53,0,1,1.567,0,6.10184,0,22.4161,0
2015-04-09 23:02:53,0,1,1.48947,0,9.1079,0,22.4161,0
2015-04-09 23:07:53,2,1,1.45141,0,8.09549,0,22.4161,0
2015-04-09 23:12:53,2,1,1.53946,0,6.27065,0,22.4161,0
2015-04-09 23:17:53,1,1,1.54032,0,3.16824,0,22.4161,0
2015-04-09 23:22:53,0,1,1.51683,0,4.26501,0,22.4161,0
2015-04-09 23:27:53,0,1,1.48417,0,6.21585,0,22.4161,0
2015-04-09 23:32:53,0,1,1.46084,0,9.13879,0,22.4161,0
2015-04-09 23:37:53,0,1,1.53383,0,8.97967,0,22.4161,0
2015-04-09 23:42:53,0,1,1.49444,0,8.90802,0,22.4161,0
2015-04-09 23:47:53,1,1,1.45363,0,7.94462,0,22.4161,0
2015-04-09 23:52:53,0,1,1.50632,0,7.044,0,22.4161,0
2015-04-09 23:57:53,0,1,1.45182,0,5.8969,0,22.4161,0
2015-04-10 00:02:53,0,1,1.52117,0,8.82535,0,22.4161,0
2015-04-10 00:07:53,0,1,1.50069,0,8.94376,0,22.4161,0
2015-04-10 00:12:53,0,1,1.46531,0,8.8985,0,22.4161,0
2015-04-10 00:17:53,0,1,1.49043,0,9.0302,0,22.4161,0
2015-04-10 00:22:53,0,1,1.42414,0,8.9231,0,22.4161,0
2015-04-10 00:27:53,1,1,1.46538,0,7.8009,0,22.4161,0
2015-04-10 00:32:53,0,1,1.55479,0,6.78493,0,22.4161,0
2015-04-10 00:37:53,1,1,1.39856,0,4.75797,0,22.4161,0
2015-04-10 00:42:53,1,1,1.53578,0,5.9043,0,22.4161,0
2015-04-10 00:47:53,0,1,1.454,0,3.99729,0,22.4161,0
2015-04-10 00:52:53,1,1,1.43344,0,4.72125,0,22.4161,0
2015-04-10 00:57:53,0,1,1.51093,0,6.94878,0,22.4161,0
2015-04-10 01:02:53,0,1,1.45704,0,5.73979,0,22.4161,0
2015-04-10 01:07:53,3,1,1.41691,0,8.86512,0,22.4161,0
2015-04-10 01:12:53,0,1,1.50566,0,9.03561,0,22.4161,0
2015-04-10 01:17:53,0,1,1.49735,0,8.96834,0,22.4161,0
2015-04-10 01:22:53,0,1,1.50762,0,8.75939,0,22.4161,0
2015-04-10 01:27:53,0,1,1.4033,0,9.01927,0,22.4161,0
2015-04-10 01:32:53,0,1,1.52496,0,8.91057,0,22.4161,0
2015-04-10 01:37:53,1,1,1.48046,0,7.85442,0,22.4161,0
2015-04-10 01:42:53,4,1,1.44224,0,7.77937,0,22.4161,0
2015-04-10 01:47:53,0,1,1.488,0,8.0562,0,22.4161,0
2015-04-10 01:52:53,0,1,1.53708,0,11.9311,0,22.4161,0
2015-04-10 01:57:53,0,1,1.48675,0,8.83981,0,22.4161,0
2015-04-10 02:02:53,0,1,1.54171,0,9.02492,0,22.4161,0
2015-04-10 02:07:53,0,1,1.47633,0,9.12644,0,22.4161,0
2015-04-10 02:12:53,0,1,1.54671,0,9.02,0,22.4161,0
2015-04-10 02:17:53,0,1,1.4417,0,9.1245,0,22.4161,0
2015-04-10 02:22:53,0,1,1.47834,0,8.96412,0,22.4161,0
2015-04-10 02:27:53,0,1,1.53912,0,9.00188,0,22.4161,0
2015-04-10 02:32:53,0,1,1.49589,0,8.82091,0,22.4161,0
2015-04-10 02:37:53,0,1,1.49735,0,9.00915,0,22.4161,0
2015-04-10 02:42:53,1,1,1.49515,0,8.10648,0,22.4161,0
2015-04-10 02:47:53,0,1,1.44139,0,6.97752,0,22.4161,0
2015-04-10 02:52:53,0,1,1.48926,0,5.92376,0,22.4161,0
2015-04-10 02:57:53,0,1,1.49804,0,8.8575,0,22.4161,0
2015-04-10 03:02:53,0,1,1.41222,0,8.80073,0,22.4161,0
2015-04-10 03:07:53,0,1,1.51948,0,8.87608,0,22.4161,0
2015-04-10 03:12:53,0,1,1.50537,0,8.83804,0,22.4161,0
2015-04-10 03:17:53,1,1,1.4805,0,7.78101,0,22.4161,0
2015-04-10 03:22:53,0,1,1.48774,0,7.04969,0,22.4161,0
2015-04-10 03:27:53,0,1,1.47226,0,5.96485,0,22.4161,0
2015-04-10 03:32:53,0,1,1.45355,0,8.88924,0,22.4161,0
2015-04-10 03:37:53,1,1,1.49286,0,7.8613,0,22.4161,0
2015-04-10 03:42:53,0,1,1.47911,0,6.81676,0,22.4161,0
2015-04-10 03:47:53,1,1,1.52114,0,4.82549,0,22.4161,0
2015-04-10 03:52:53,0,1,1.51516,0,6.95796,0,22.4161,0
2015-04-10 03:57:53,1,1,1.48385,0,4.99479,0,22.4161,0
2015-04-10 04:02:53,0,1,1.42218,0,7.0776,0,22.4161,0
2015-04-10 04:07:53,0,1,1.50905,0,5.93536,0,22.4161,0
2015-04-10 04:12:53,1,1,1.54738,0,7.80497,0,22.4161,0
2015-04-10 04:17:53,0,1,1.43866,0,6.83202,0,22.4161,0
2015-04-10 04:22:53,0,1,1.48811,0,6.06058,0,22.4161,0
2015-04-10 04:27:53,0,1,1.61614,0,9.00757,0,22.4161,0
2015-04-10 04:32:53,0,1,1.41775,0,8.90835,0,22.4161,0
2015-04-10 04:37:53,0,1,1.55753,0,9.11437,0,22.4161,0
2015-04-10 04:42:53,0,1,1.52905,0,9.24146,0,22.4161,0
2015-04-10 04:47:53,0,1,1.46391,0,8.89737,0,22.4161,0
2015-04-10 04:52:53,0,1,1.49812,0,9.19462,0,22.4161,0
2015-04-10 04:57:53,0,1,1.47675,0,9.01311,0,22.4161,0
2015-04-10 05:02:53,0,1,1.46271,0,8.86472,0,22.4161,0
2015-04-10 05:07:53,0,1,1.55817,0,8.91057,0,22.4161,0
2015-04-10 05:12:53,0,1,1.46381,0,8.91383,0,22.4161,0
2015-04-10 05:17:53,0,1,1.47838,0,8.96829,0,22.4161,0
2015-04-10 05:22:53,0,1,1.54325,0,9.08053,0,22.4161,0
2015-04-10 05:27:53,0,1,1.40844,0,8.89146,0,22.4161,0
2015-04-10 05:32:53,0,1,1.47905,0,8.9301,0,22.4161,0
2015-04-10 05:37:53,0,1,1.47216,0,8.9257,0,22.4161,0
2015-04-10 05:42:53,0,1,1.53183,0,8.65558,0,22.4161,0
2015-04-10 05:47:53,0,1,1.39942,0,8.91329,0,22.4161,0
2015-04-10 05:52:53,0,1,1.56617,0,8.87957,0,22.4161,0
2015-04-10 05:57:53,0,1,1.44168,0,8.96051,0,22.4161,0
2015-04-10 06:02:53,0,1,1.44967,0,8.77228,0,22.4161,0
2015-04-10 06:07:53,0,1,1.50191,0,9.03154,0,22.4161,0
2015-04-10 06:12:53,0,1,1.5231,0,8.72628,0,22.4161,0
2015-04-10 06:17:53,0,1,1.42073,0,8.87592,0,22.4161,0
2015-04-10 06:22:53,0,1,1.53063,0,8.97266,0,22.4161,0
2015-04-10 06:27:53,0,1,1.47172,0,8.9414,0,22.4161,0
2015-04-10 06:32:53,0,1,1.43743,0,8.79517,0,22.4161,0
2015-04-10 06:37:53,0,1,1.45747,0,8.97277,0,22.4161,0
2015-04-10 06:42:53,0,1,1.55065,0,8.7475,0,22.4161,0
2015-04-10 06:47:53,0,1,1.4116,0,8.77787,0,22.4161,0
2015-04-10 06:52:53,0,1,1.51616,0,8.88529,0,22.4161,0
2015-04-10 06:57:53,0,1,1.51601,0,8.9913,0,22.4161,0
2015-04-10 07:02:53,0,1,1.43119,0,8.78313,0,22.4161,0
2015-04-10 07:07:53,0,1,1.48342,0,9.01169,0,22.4161,0
2015-04-10 07:12:53,0,1,1.47934,0,8.89385,0,22.4161,0
2015-04-10 07:17:53,0,1,1.55156,0,8.73977,0,22.4161,0
2015-04-10 07:22:53,0,1,1.36227,0,8.96052,0,22.4161,0
2015-04-10 07:27:53,0,1,1.56661,0,8.90343,0,22.4161,0
2015-04-10 07:32:53,0,1,1.44024,0,8.94585,0,22.4161,0
2015-04-10 07:37:53,0,1,1.47643,0,8.66029,0,22.4161,0
2015-04-10 07:42:53,0,1,1.44956,0,9.05675,0,22.4161,0
2015-04-10 07:47:53,0,1,1.58901,0,8.72313,0,22.4161,0
2015-04-10 07:52:53,0,1,1.38707,0,8.91742,0,22.4161,0
2015-04-10 07:57:53,0,1,1.55239,0,8.91378,0,22.4161,0
2015-04-10 08:02:53,0,1,1.44263,0,9.09357,0,22.4161,0
2015-04-10 08:07:53,0,1,1.47048,0,8.70862,0,22.4161,0
2015-04-10 08:12:53,0,1,1.53656,0,9.01292,0,22.4161,0
2015-04-10 08:17:53,0,1,1.40741,0,8.80541,0,22.4161,0
2015-04-10 08:22:53,0,1,1.53122,0,8.89196,0,22.4161,0
2015-04-10 08:27:53,0,1,1.50078,0,8.95572,0,22.4161,0
2015-04-10 08:32:53,0,1,1.40501,0,8.78545,0,22.4161,0
2015-04-10 08:37:53,0,1,1.49503,0,9.00021,0,22.4161,0
2015-04-10 08:42:53,0,1,1.51067,0,8.80738,0,22.4161,0
2015-04-10 08:47:53,0,1,1.42538,0,8.71576,0,22.4161,0
2015-04-10 08:52:53,0,1,1.48574,0,8.93181,0,22.4161,0
2015-04-10 08:57:53,0,1,1.51073,0,8.8685,0,22.4161,0
2015-04-10 09:02:53,0,1,1.44709,0,8.75835,0,22.4161,0
2015-04-10 09:07:53,0,1,1.47421,0,8.92579,0,22.4161,0
2015-04-10 09:12:53,0,1,1.50457,0,8.90058,0,22.4161,0
2015-04-10 09:17:53,0,1,1.5031,0,8.79427,0,22.4161,0
2015-04-10 09:22:53,1,1,1.5031,0,7.93488,0,22.4161,0
2015-04-10 09:27:53,0,1,1.52253,0,7.02303,0,22.4161,0
2015-04-10 09:32:53,0,1,1.4636,0,6.03805,0,22.4161,0
2015-04-10 09:37:53,0,1,1.5952,0,9.01798,0,22.4161,0
2015-04-10 09:42:53,0,1,1.38866,0,9.09,0,22.4161,0
2015-04-10 09:47:53,0,1,1.58826,0,8.96988,0,22.4161,0
2015-04-10 09:52:53,0,1,1.63775,0,9.15119,0,22.4161,0
2015-04-10 09:57:53,0,1,1.45662,0,8.98025,0,22.4161,0
2015-04-10 10:02:53,0,1,1.49903,0,9.4969,0,22.4161,0
2015-04-10 10:07:53,0,1,1.59004,0,9.32553,0,22.4161,0
2015-04-10 10:12:53,0,1,1.52745,0,8.95795,0,22.4161,0
2015-04-10 10:17:53,0,1,1.57463,0,9.20463,0,22.4161,0
2015-04-10 10:22:53,0,1,1.50185,0,9.39965,0,22.4161,0
2015-04-10 10:27:53,0,1,1.46771,0,9.23348,0,22.4161,0
2015-04-10 10:32:53,0,1,1.52824,0,9.19532,0,22.4161,0
2015-04-10 10:37:53,0,1,1.55868,0,8.96922,0,22.4161,0
2015-04-10 10:42:53,0,1,1.47897,0,9.01831,0,22.4161,0
2015-04-10 10:47:53,0,1,1.55822,0,9.18107,0,22.4161,0
2015-04-10 10:52:53,0,1,1.44538,0,9.19221,0,22.4161,0
2015-04-10 10:57:53,0,1,1.52699,0,8.99874,0,22.4161,0
2015-04-10 11:02:53,0,1,1.46753,0,9.09241,0,22.4161,0
2015-04-10 11:07:53,0,1,1.54843,0,8.85767,0,22.4161,0
2015-04-10 11:12:53,0,1,1.43315,0,9.06448,0,22.4161,0
2015-04-10 11:17:53,0,1,1.49114,0,8.93261,0,22.4161,0
2015-04-10 11:22:53,0,1,1.4653,0,9.00273,0,22.4161,0
2015-04-10 11:27:53,1,1,1.57516,0,7.74702,0,22.4161,0
2015-04-10 11:32:53,0,1,1.51381,0,6.97917,0,22.4161,0
2015-04-10 11:37:53,0,1,1.49536,0,6.06004,0,22.4161,0
2015-04-10 11:42:53,0,1,1.48435,0,9.24846,0,22.4161,0
2015-04-10 11:47:53,0,1,1.43503,0,9.01652,0,22.4161,0
2015-04-10 11:52:53,0,1,1.58826,0,8.88982,0,22.4161,0
2015-04-10 11:57:53,0,1,1.5867,0,8.91138,0,22.4161,0
2015-04-10 12:02:53,0,1,1.43746,0,9.06832,0,22.4161,0
2015-04-10 12:07:53,0,1,1.56847,0,9.37565,0,22.4161,0
2015-04-10 12:12:53,0,1,1.5405,0,9.20351,0,22.4161,0
2015-04-10 12:17:53,0,1,1.51475,0,8.98983,0,22.4161,0
2015-04-10 12:22:53,0,1,1.56206,0,9.30115,0,22.4161,0
2015-04-10 12:27:53,0,1,1.50515,0,9.21307,0,22.4161,0
2015-04-10 12:32:53,1,1,1.41462,0,8.17354,0,22.4161,0
2015-04-10 12:37:53,0,1,1.54125,0,7.11112,0,22.4161,0
2015-04-10 12:42:53,0,1,1.50712,0,5.88594,0,22.4161,0
2015-04-10 12:47:53,1,1,1.51586,0,7.83347,0,22.4161,0
2015-04-10 12:52:53,2,1,1.51342,0,6.12214,0,22.4161,0
2015-04-10 12:57:53,0,1,1.50115,0,4.00307,0,22.4161,0
2015-04-10 13:02:53,0,1,1.56639,0,5.9804,0,22.4161,0
2015-04-10 13:07:53,1,1,1.48987,0,8.10894,0,22.4161,0
2015-04-10 13:12:53,2,1,1.46315,0,6.14636,0,22.4161,0
2015-04-10 13:17:53,0,1,1.57929,0,4.18259,0,22.4161,0
2015-04-10 13:22:53,0,1,1.60942,0,6.03599,0,22.4161,0
2015-04-10 13:27:53,0,1,1.46187,0,9.15747,0,22.4161,0
2015-04-10 13:32:53,1,1,1.53027,0,8.41859,0,22.4161,0
2015-04-10 13:37:53,0,1,1.63592,0,7.28227,0,22.4161,0
2015-04-10 13:42:53,2,1,1.57298,0,4.81023,0,22.4161,0
2015-04-10 13:47:53,0,1,1.53774,0,6.89197,0,22.4161,0
2015-04-10 13:52:53,0,1,1.47351,0,5.77596,0,22.4161,0
2015-04-10 13:57:53,0,1,1.60497,0,9.26794,0,22.4161,0
2015-04-10 14:02:53,0,1,1.51763,0,9.16522,0,22.4161,0
2015-04-10 14:07:53,2,1,1.58321,0,8.11285,0,22.4161,0
2015-04-10 14:12:53,1,1,1.56259,0,6.36285,0,22.4161,0
2015-04-10 14:17:53,1,1,1.48716,0,3.17612,0,22.4161,0
2015-04-10 14:22:53,1,1,1.5272,0,3.36196,0,22.4161,0
2015-04-10 14:27:53,0,1,1.54138,0,4.18929,0,22.4161,0
2015-04-10 14:32:53,1,1,1.52428,0,5.05724,0,22.4161,0
2015-04-10 14:37:53,0,1,1.60594,0,7.18863,0,22.4161,0
2015-04-10 14:42:53,0,1,1.4571,0,6.27863,0,22.4161,0
2015-04-10 14:47:53,0,1,1.54572,0,9.24182,0,22.4161,0
2015-04-10 14:52:53,0,1,1.49811,0,9.27773,0,22.4161,0
2015-04-10 14:57:53,0,0,1.58197,0,8.96085,0,22.4161,0
2015-04-10 15:02:53,1,0,1.53892,0,8.21535,0,22.4161,0
2015-04-10 15:07:53,0,0,1.50191,0,7.19719,0,22.4161,0
2015-04-10 15:12:53,1,0,1.55675,0,5.32568,0,22.4161,0
2015-04-10 15:17:53,2,0,1.43351,0,6.06384,0,22.4161,0
2015-04-10 15:22:53,0,0,1.62519,0,3.82575,0,22.4161,0
2015-04-10 15:27:53,0,0,1.53794,0,5.82197,0,22.4161,0
2015-04-10 15:32:53,0,0,1.54432,0,9.08887,0,22.4161,0
2015-04-10 15:37:53,0,0,1.51353,0,9.49578,0,22.4161,0
2015-04-10 15:42:53,0,0,1.54114,0,9.21598,0,22.4161,0
2015-04-10 15:47:53,1,0,1.48123,0,8.20114,0,22.4161,0
2015-04-10 15:52:53,0,0,1.57678,0,7.10409,0,22.4161,0
2015-04-10 15:57:53,0,0,1.43717,0,6.16266,0,22.4161,0
2015-04-10 16:02:53,0,0,1.57952,0,9.03444,0,22.4161,0
2015-04-10 16:07:53,0,0,1.52955,0,9.18421,0,22.4161,0
2015-04-10 16:12:53,0,0,1.44471,0,9.00011,0,22.4161,0
2015-04-10 16:17:53,0,0,1.57897,0,9.24238,0,22.4161,0
2015-04-10 16:22:53,0,0,1.45746,0,9.05705,0,22.4161,0
2015-04-10 16:27:53,0,0,1.44735,0,8.94953,0,22.4161,0
2015-04-10 16:32:53,0,0,1.4517,0,9.09917,0,22.4161,0
2015-04-10 16:37:53,2,0,1.5483,0,7.81538,0,22.4161,0
2015-04-10 16:42:53,0,0,1.47326,0,6.98694,0,22.4161,0
2015-04-10 16:47:53,0,0,1.58362,0,6.21477,0,22.4161,0
2015-04-10 16:52:53,0,0,1.52729,0,9.17504,0,22.4161,0
2015-04-10 16:57:53,0,0,1.50007,0,9.11431,0,22.4161,0
2015-04-10 17:02:53,0,0,1.48837,0,9.3055,0,22.4161,0
2015-04-10 17:07:53,0,0,1.50729,0,9.07038,0,22.4161,0
2015-04-10 17:12:53,0,0,1.49286,0,8.98423,0,22.4161,0
2015-04-10 17:17:53,0,0,1.47056,0,8.97256,0,22.4161,0
2015-04-10 17:22:53,1,0,1.44187,0,7.97817,0,22.4161,0
2015-04-10 17:27:53,0,0,1.49639,0,6.86158,0,22.4161,0
2015-04-10 17:32:53,2,0,1.46402,0,4.79902,0,22.4161,0
2015-04-10 17:37:53,0,0,1.47671,0,6.79684,0,22.4161,0
2015-04-10 17:42:53,1,0,1.55511,0,4.91556,0,22.4161,0
2015-04-10 17:47:53,3,0,1.54077,0,6.79035,0,22.4161,0
2015-04-10 17:52:53,1,0,1.42138,0,4.86067,0,22.4161,0
2015-04-10 17:57:53,2,0,1.58367,0,5.99483,0,22.4161,0
2015-04-10 18:02:53,0,0,1.4726,0,4.36322,0,22.4161,0
2015-04-10 18:07:53,1,0,1.52192,0,5.37579,0,22.4161,0
2015-04-10 18:12:53,0,0,1.57739,0,7.21812,0,22.4161,0
2015-04-10 18:17:53,1,0,1.37389,0,5.03902,0,22.4161,0
2015-04-10 18:22:53,0,0,1.71958,0,7.09442,0,22.4161,0
2015-04-10 18:27:53,0,0,1.37338,0,6.19953,0,22.4161,0
2015-04-10 18:32:53,0,0,1.54604,0,8.93421,0,22.4161,0
2015-04-10 18:37:53,0,0,1.55405,0,9.45154,0,22.4161,0
2015-04-10 18:42:53,1,0,1.31883,0,7.76627,0,22.4161,0
2015-04-10 18:47:53,0,0,1.64341,0,7.06506,0,22.4161,0
2015-04-10 18:52:53,0,0,1.3745,0,5.94321,0,22.4161,0
2015-04-10 18:57:53,0,0,1.52496,0,8.61779,0,22.4161,0
2015-04-10 19:02:53,1,0,1.50265,0,8.20418,0,22.4161,0
2015-04-10 19:07:53,0,0,1.52826,0,6.67607,0,22.4161,0
2015-04-10 19:12:53,0,0,1.49051,0,6.10844,0,22.4161,0
2015-04-10 19:17:53,1,0,1.56579,0,8.05497,0,22.4161,0
2015-04-10 19:22:53,0,0,1.49436,0,7.13159,0,22.4161,0
2015-04-10 19:27:53,0,0,1.52056,0,6.09747,0,22.4161,0
2015-04-10 19:32:53,0,0,1.52239,0,9.20664,0,22.4161,0
2015-04-10 19:37:53,0,0,1.4937,0,9.04659,0,22.4161,0
2015-04-10 19:42:53,0,0,1.56277,0,9.10015,0,22.4161,0
2015-04-10 19:47:53,1,0,1.42601,0,8.11733,0,22.4161,0
2015-04-10 19:52:53,2,0,1.58428,0,6.18062,0,22.4161,0
2015-04-10 19:57:53,1,0,1.44008,0,3.42057,0,22.4161,0
2015-04-10 20:02:53,4,0,1.52429,0,5.45047,0,22.4161,0
2015-04-10 20:07:53,2,0,1.5653,0,7.3484,0,22.4161,0
2015-04-10 20:12:53,1,0,1.5209,0,9.19649,0,22.4161,0
2015-04-10 20:17:53,2,0,1.58269,0,3.03683,0,22.4161,0
2015-04-10 20:22:53,2,0,1.49024,0,3.07142,0,22.4161,0
2015-04-10 20:27:53,2,0,1.62589,0,2.78169,0,22.4161,0
2015-04-10 20:32:53,3,0,1.49285,0,3.64557,0,22.4161,0
2015-04-10 20:37:53,0,0,1.58006,0,5.77037,0,22.4161,0
2015-04-10 20:42:53,0,0,1.57289,0,8.6881,0,22.4161,0
2015-04-10 20:47:53,1,0,1.45014,0,8.21156,0,22.4161,0
2015-04-10 20:52:53,1,0,1.60399,0,6.3361,0,22.4161,0
2015-04-10 20:57:53,3,0,1.48971,0,4.01498,0,22.4161,0
2015-04-10 21:02:53,1,0,1.52089,0,4.63216,0,22.4161,0
2015-04-10 21:07:53,0,0,1.53826,0,6.68836,0,22.4161,0
2015-04-10 21:12:53,0,0,1.49479,0,6.04919,0,22.4161,0
2015-04-10 21:17:53,1,0,1.49151,0,8.134,0,22.4161,0
2015-04-10 21:22:53,0,0,1.60241,0,7.09588,0,22.4161,0
2015-04-10 21:27:53,0,0,1.44083,0,6.0698,0,22.4161,0
2015-04-10 21:32:53,1,0,1.56368,0,8.12017,0,22.4161,0
2015-04-10 21:37:53,0,0,1.52633,0,7.25255,0,22.4161,0
2015-04-10 21:42:53,0,0,1.42631,0,5.97616,0,22.4161,0
2015-04-10 21:47:53,0,0,1.68303,0,9.16999,0,22.4161,0
2015-04-10 21:52:53,0,0,1.47352,0,9.11463,0,22.4161,0
2015-04-10 21:57:53,1,0,1.53177,0,8.1185,0,22.4161,0
2015-04-10 22:02:53,0,0,1.53048,0,7.52791,0,22.4161,0
2015-04-10 22:07:53,1,0,1.41671,0,5.01458,0,22.4161,0
2015-04-10 22:12:53,0,0,1.58803,0,7.07299,0,22.4161,0
2015-04-10 22:17:53,1,0,1.44991,0,5.0129,0,22.4161,0
2015-04-10 22:22:53,1,0,1.5551,0,5.8761,0,22.4161,0
2015-04-10 22:27:53,1,0,1.48863,0,3.21902,0,22.4161,0
2015-04-10 22:32:53,0,0,1.47668,0,3.94857,0,22.4161,0
2015-04-10 22:37:53,0,0,1.57645,0,6.11924,0,22.4161,0
2015-04-10 22:42:53,1,0,1.45054,0,7.99569,0,22.4161,0
2015-04-10 22:47:53,0,0,1.56838,0,7.03348,0,22.4161,0
2015-04-10 22:52:53,1,0,1.44083,0,5.19881,0,22.4161,0
2015-04-10 22:57:53,2,0,1.52612,0,6.04755,0,22.4161,0
2015-04-10 23:02:53,0,0,1.47605,0,4.34961,0,22.4161,0
2015-04-10 23:07:53,0,0,1.55352,0,6.20579,0,22.4161,0
2015-04-10 23:12:53,0,0,1.43961,0,9.08398,0,22.4161,0
2015-04-10 23:17:53,2,0,1.51366,0,8.09558,0,22.4161,0
2015-04-10 23:22:53,0,0,1.47215,0,7.295,0,22.4161,0
2015-04-10 23:27:53,0,0,1.51952,0,6.18064,0,22.4161,0
2015-04-10 23:32:53,1,0,1.5182,0,8.00482,0,22.4161,0
2015-04-10 23:37:53,0,0,1.47122,0,6.9737,0,22.4161,0
2015-04-10 23:42:53,1,0,1.5212,0,5.0662,0,22.4161,0
2015-04-10 23:47:53,0,0,1.44345,0,7.01825,0,22.4161,0
2015-04-10 23:52:53,0,0,1.49654,0,5.89952,0,22.4161,0
2015-04-10 23:57:53,0,0,1.54567,0,8.94704,0,22.4161,0
2015-04-11 00:02:53,1,0,1.41117,0,7.86909,0,22.4161,0
2015-04-11 00:07:53,1,0,1.61453,0,5.99213,0,22.4161,0
2015-04-11 00:12:53,0,0,1.436,0,4.07389,0,22.4161,0
2015-04-11 00:17:53,0,0,1.48972,0,5.89856,0,22.4161,0
2015-04-11 00:22:53,0,0,1.49305,0,9.20529,0,22.4161,0
2015-04-11 00:27:53,0,0,1.42818,0,8.78048,0,22.4161,0
2015-04-11 00:32:53,0,0,1.5745,0,8.88344,0,22.4161,0
2015-04-11 00:37:53,0,0,1.43836,0,8.91001,0,22.4161,0
2015-04-11 00:42:53,1,0,1.46099,0,7.8719,0,22.4161,0
2015-04-11 00:47:53,0,0,1.48571,0,7.06123,0,22.4161,0
2015-04-11 00:52:53,0,0,1.4522,0,5.72279,0,22.4161,0
2015-04-11 00:57:53,0,0,1.52033,0,8.80659,0,22.4161,0
2015-04-11 01:02:53,0,0,1.45812,0,8.88184,0,22.4161,0
2015-04-11 01:07:53,1,0,1.40083,0,7.85536,0,22.4161,0
2015-04-11 01:12:53,0,0,1.52911,0,6.87806,0,22.4161,0
2015-04-11 01:17:53,0,0,1.38209,0,5.70514,0,22.4161,0
2015-04-11 01:22:53,0,0,1.56345,0,8.64279,0,22.4161,0
2015-04-11 01:27:53,1,0,1.44318,0,7.91495,0,22.4161,0
2015-04-11 01:32:53,1,0,1.44372,0,5.71636,0,22.4161,0
2015-04-11 01:37:53,0,0,1.53694,0,4.02045,0,22.4161,0
2015-04-11 01:42:53,0,0,1.39587,0,5.75393,0,22.4161,0
2015-04-11 01:47:53,0,0,1.55762,0,8.80091,0,22.4161,0
2015-04-11 01:52:53,0,0,1.45348,0,8.96018,0,22.4161,0
2015-04-11 01:57:53,1,0,1.54043,0,7.75634,0,22.4161,0
2015-04-11 02:02:53,1,0,1.40365,0,6.12027,0,22.4161,0
2015-04-11 02:07:53,1,0,1.50321,0,2.84497,0,22.4161,0
2015-04-11 02:12:53,0,0,1.5567,0,3.93181,0,22.4161,0
2015-04-11 02:17:53,0,0,1.38695,0,5.77409,0,22.4161,0
2015-04-11 02:22:53,1,0,1.59489,0,8.00998,0,22.4161,0
2015-04-11 02:27:53,0,0,1.49151,0,7.03888,0,22.4161,0
2015-04-11 02:32:53,0,0,1.5321,0,5.84213,0,22.4161,0
2015-04-11 02:37:53,1,0,1.46595,0,8.29978,0,22.4161,0
2015-04-11 02:42:53,0,0,1.43251,0,7.00466,0,22.4161,0
2015-04-11 02:47:53,0,0,1.62756,0,5.9607,0,22.4161,0
2015-04-11 02:52:53,0,0,1.35751,0,8.89043,0,22.4161,0
2015-04-11 02:57:53,2,0,1.60809,0,8.19514,0,22.4161,0
2015-04-11 03:02:53,0,0,1.43403,0,7.77576,0,22.4161,0
2015-04-11 03:07:53,0,0,1.48854,0,6.57769,0,22.4161,0
2015-04-11 03:12:53,0,0,1.52487,0,9.18087,0,22.4161,0
2015-04-11 03:17:53,0,0,1.48418,0,8.80404,0,22.4161,0
2015-04-11 03:22:53,0,0,1.5866,0,8.99954,0,22.4161,0
2015-04-11 03:27:53,0,0,1.35785,0,9.12959,0,22.4161,0
2015-04-11 03:32:53,0,0,1.48585,0,8.9836,0,22.4161,0
2015-04-11 03:37:53,0,0,1.5638,0,8.96136,0,22.4161,0
2015-04-11 03:42:53,0,0,1.36073,0,8.60904,0,22.4161,0
2015-04-11 03:47:53,0,0,1.66409,0,8.94588,0,22.4161,0
2015-04-11 03:52:53,0,0,1.36561,0,9.07694,0,22.4161,0
2015-04-11 03:57:53,0,0,1.58556,0,8.77597,0,22.4161,0
2015-04-11 04:02:53,1,0,1.34587,0,8.30904,0,22.4161,0
2015-04-11 04:07:53,0,0,1.57914,0,6.61382,0,22.4161,0
2015-04-11 04:12:53,0,0,1.53698,0,6.02757,0,22.4161,0
2015-04-11 04:17:53,0,0,1.40167,0,8.73289,0,22.4161,0
2015-04-11 04:22:53,1,0,1.50251,0,8.21306,0,22.4161,0
2015-04-11 04:27:53,0,0,1.4825,0,6.91679,0,22.4161,0
2015-04-11 04:32:53,0,0,1.55988,0,5.69253,0,22.4161,0
2015-04-11 04:37:53,0,0,1.46975,0,9.0324,0,22.4161,0
2015-04-11 04:42:53,0,0,1.54641,0,9.03701,0,22.4161,0
2015-04-11 04:47:53,0,0,1.45836,0,9.16555,0,22.4161,0
2015-04-11 04:52:53,0,0,1.48341,0,8.96043,0,22.4161,0
2015-04-11 04:57:53,0,0,1.51528,0,9.03937,0,22.4161,0
2015-04-11 05:02:53,0,0,1.43397,0,8.8572,0,22.4161,0
2015-04-11 05:07:53,1,0,1.48375,0,7.91476,0,22.4161,0
2015-04-11 05:12:53,0,0,1.50925,0,6.89751,0,22.4161,0
2015-04-11 05:17:53,0,0,1.43682,0,5.77864,0,22.4161,0
2015-04-11 05:22:53,0,0,1.55722,0,8.90656,0,22.4161,0
2015-04-11 05:27:53,0,0,1.39048,0,8.95861,0,22.4161,0
2015-04-11 05:32:53,0,0,1.62391,0,8.81539,0,22.4161,0
2015-04-11 05:37:53,0,0,1.5015,0,9.07654,0,22.4161,0
2015-04-11 05:42:53,0,0,1.40507,0,8.92074,0,22.4161,0
2015-04-11 05:47:53,0,0,1.52307,0,9.27979,0,22.4161,0
2015-04-11 05:52:53,0,0,1.37639,0,8.8377,0,22.4161,0
2015-04-11 05:57:53,0,0,1.60211,0,8.63774,0,22.4161,0
2015-04-11 06:02:53,0,0,1.4373,0,8.92409,0,22.4161,0
2015-04-11 06:07:53,0,0,1.48985,0,8.77067,0,22.4161,0
2015-04-11 06:12:53,0,0,1.52417,0,9.17078,0,22.4161,0
2015-04-11 06:17:53,0,0,1.34442,0,8.81577,0,22.4161,0
2015-04-11 06:22:53,0,0,1.58636,0,8.86231,0,22.4161,0
2015-04-11 06:27:53,0,0,1.45719,0,8.84769,0,22.4161,0
2015-04-11 06:32:53,0,0,1.3931,0,8.66316,0,22.4161,0
2015-04-11 06:37:53,0,0,1.57461,0,9.06654,0,22.4161,0
2015-04-11 06:42:53,0,0,1.39126,0,8.73237,0,22.4161,0
2015-04-11 06:47:53,0,0,1.51648,0,8.71979,0,22.4161,0
2015-04-11 06:52:53,0,0,1.46823,0,9.02285,0,22.4161,0
2015-04-11 06:57:53,0,0,1.50633,0,8.67497,0,22.4161,0
2015-04-11 07:02:53,0,0,1.57951,0,8.99224,0,22.4161,0
2015-04-11 07:07:53,1,0,1.26659,0,7.99685,0,22.4161,0
2015-04-11 07:12:53,0,0,1.57427,0,6.94461,0,22.4161,0
2015-04-11 07:17:53,0,0,1.51761,0,5.84597,0,22.4161,0
2015-04-11 07:22:53,0,0,1.35036,0,8.46591,0,22.4161,0
2015-04-11 07:27:53,0,0,1.5935,0,9.10837,0,22.4161,0
2015-04-11 07:32:53,0,0,1.40825,0,8.84703,0,22.4161,0
2015-04-11 07:37:53,0,0,1.60716,0,8.64632,0,22.4161,0
2015-04-11 07:42:53,0,0,1.30961,0,9.20415,0,22.4161,0
2015-04-11 07:47:53,0,0,1.61003,0,8.74867,0,22.4161,0
2015-04-11 07:52:53,0,0,1.47392,0,9.05073,0,22.4161,0
2015-04-11 07:57:53,0,0,1.43987,0,8.6228,0,22.4161,0
2015-04-11 08:02:53,0,0,1.4389,0,9.2178,0,22.4161,0
2015-04-11 08:07:53,0,0,1.57725,0,8.74039,0,22.4161,0
2015-04-11 08:12:53,0,0,1.42849,0,8.77465,0,22.4161,0
2015-04-11 08:17:53,0,0,1.46717,0,8.89967,0,22.4161,0
2015-04-11 08:22:53,0,0,1.53284,0,9.05589,0,22.4161,0
2015-04-11 08:27:53,0,0,1.52866,0,8.75265,0,22.4161,0
2015-04-11 08:32:53,0,0,1.40483,0,8.99586,0,22.4161,0
2015-04-11 08:37:53,0,0,1.51764,0,9.06068,0,22.4161,0
2015-04-11 08:42:53,0,0,1.52408,0,8.91328,0,22.4161,0
2015-04-11 08:47:53,0,0,1.41059,0,8.77383,0,22.4161,0
2015-04-11 08:52:53,0,0,1.55705,0,9.01166,0,22.4161,0
2015-04-11 08:57:53,0,0,1.50655,0,8.95047,0,22.4161,0
2015-04-11 09:02:53,0,0,1.46666,0,8.85243,0,22.4161,0
2015-04-11 09:07:53,0,0,1.37974,0,9.15092,0,22.4161,0
2015-04-11 09:12:53,0,0,1.63403,0,8.8327,0,22.4161,0
2015-04-11 09:17:53,0,0,1.41916,0,8.79348,0,22.4161,0
2015-04-11 09:22:53,0,0,1.45399,0,8.82644,0,22.4161,0
2015-04-11 09:27:53,0,0,1.47248,0,9.1944,0,22.4161,0
2015-04-11 09:32:53,0,0,1.45431,0,8.63794,0,22.4161,0
2015-04-11 09:37:53,0,0,1.58913,0,8.76123,0,22.4161,0
2015-04-11 09:42:53,0,0,1.42451,0,8.91518,0,22.4161,0
2015-04-11 09:47:53,0,0,1.60399,0,8.96571,0,22.4161,0
2015-04-11 09:52:53,0,0,1.3249,0,9.22042,0,22.4161,0
2015-04-11 09:57:53,0,0,1.57498,0,8.80641,0,22.4161,0
2015-04-11 10:02:53,0,0,1.50114,0,9.03675,0,22.4161,0
2015-04-11 10:07:53,1,0,1.40828,0,7.6258,0,22.4161,0
2015-04-11 10:12:53,0,0,1.50553,0,7.13552,0,22.4161,0
2015-04-11 10:17:53,0,0,1.57157,0,5.82552,0,22.4161,0
2015-04-11 10:22:53,0,0,1.51994,0,8.80746,0,22.4161,0
2015-04-11 10:27:53,0,0,1.46273,0,9.17966,0,22.4161,0
2015-04-11 10:32:53,0,0,1.56844,0,9.21732,0,22.4161,0
2015-04-11 10:37:53,0,0,1.46804,0,9.05371,0,22.4161,0
2015-04-11 10:42:53,0,0,1.52759,0,8.9931,0,22.4161,0
2015-04-11 10:47:53,0,0,1.52295,0,9.16899,0,22.4161,0
2015-04-11 10:52:53,1,0,1.3586,0,7.98225,0,22.4161,0
2015-04-11 10:57:53,0,0,1.68999,0,6.98726,0,22.4161,0
2015-04-11 11:02:53,0,0,1.36723,0,5.97603,0,22.4161,0
2015-04-11 11:07:53,0,0,1.6408,0,8.82301,0,22.4161,0
2015-04-11 11:12:53,0,0,1.53432,0,9.44522,0,22.4161,0
2015-04-11 11:17:53,0,0,1.40416,0,8.91761,0,22.4161,0
2015-04-11 11:22:53,0,0,1.61063,0,9.39519,0,22.4161,0
2015-04-11 11:27:53,0,0,1.46546,0,9.02191,0,22.4161,0
2015-04-11 11:32:53,0,0,1.47652,0,8.89918,0,22.4161,0
2015-04-11 11:37:53,2,0,1.50234,0,8.28627,0,22.4161,0
2015-04-11 11:42:53,0,0,1.53596,0,6.94567,0,22.4161,0
2015-04-11 11:47:53,0,0,1.5636,0,6.11108,0,22.4161,0
2015-04-11 11:52:53,0,0,1.49323,0,9.14254,0,22.4161,0
2015-04-11 11:57:53,0,0,1.57131,0,9.22833,0,22.4161,0
2015-04-11 12:02:53,0,0,1.54311,0,9.24859,0,22.4161,0
2015-04-11 12:07:53,0,0,1.46761,0,9.16543,0,22.4161,0
2015-04-11 12:12:53,0,0,1.50213,0,9.26776,0,22.4161,0
2015-04-11 12:17:53,1,0,1.50005,0,8.06667,0,22.4161,0
2015-04-11 12:22:53,0,0,1.43783,0,6.90714,0,22.4161,0
2015-04-11 12:27:53,0,0,1.69227,0,5.9443,0,22.4161,0
2015-04-11 12:32:53,0,0,1.36434,0,9.06807,0,22.4161,0
2015-04-11 12:37:53,0,0,1.67415,0,9.06237,0,22.4161,0
2015-04-11 12:42:53,0,0,1.50258,0,9.47966,0,22.4161,0
2015-04-11 12:47:53,0,0,1.47152,0,8.94391,0,22.4161,0
2015-04-11 12:52:53,0,0,1.52802,0,9.49915,0,22.4161,0
2015-04-11 12:57:53,1,0,1.51729,0,7.9788,0,22.4161,0
2015-04-11 13:02:53,0,0,1.40954,0,6.98788,0,22.4161,0
2015-04-11 13:07:53,0,0,1.65204,0,6.02816,0,22.4161,0
2015-04-11 13:12:53,0,0,1.42076,0,9.02297,0,22.4161,0
2015-04-11 13:17:53,0,0,1.58456,0,8.95345,0,22.4161,0
2015-04-11 13:22:53,0,0,1.56217,0,9.38218,0,22.4161,0
2015-04-11 13:27:53,0,0,1.48384,0,8.99355,0,22.4161,0
2015-04-11 13:32:53,0,0,1.57332,0,9.36185,0,22.4161,0
2015-04-11 13:37:53,0,0,1.46827,0,9.22751,0,22.4161,0
2015-04-11 13:42:53,0,0,1.41742,0,9.06644,0,22.4161,0
2015-04-11 13:47:53,0,0,1.61277,0,9.07394,0,22.4161,0
2015-04-11 13:52:53,0,0,1.34297,0,8.85243,0,22.4161,0
2015-04-11 13:57:53,0,0,1.63341,0,8.82077,0,22.4161,0
2015-04-11 14:02:53,0,0,1.40336,0,9.15765,0,22.4161,0
2015-04-11 14:07:53,0,0,1.59486,0,8.69908,0,22.4161,0
2015-04-11 14:12:53,0,0,1.5607,0,9.3018,0,22.4161,0
2015-04-11 14:17:53,0,0,1.45909,0,8.96049,0,22.4161,0
2015-04-11 14:22:53,0,0,1.47493,0,9.36506,0,22.4161,0
2015-04-11 14:27:53,0,0,1.48755,0,9.07522,0,22.4161,0
2015-04-11 14:32:53,0,0,1.45483,0,8.81467,0,22.4161,0
2015-04-11 14:37:53,0,0,1.51079,0,8.8547,0,22.4161,0
2015-04-11 14:42:53,0,0,1.4593,0,8.88308,0,22.4161,0
2015-04-11 14:47:53,0,0,1.57167,0,8.84536,0,22.4161,0
2015-04-11 14:52:53,3,0,1.47292,0,8.8793,0,22.4161,0
2015-04-11 14:57:53,4,0,1.53258,0,9.76164,0,22.4161,0
2015-04-11 15:02:53,0,0,1.54001,0,10.8717,0,22.4161,0
2015-04-11 15:07:53,1,1,1.53611,0,11.1864,0,22.4161,0
2015-04-11 15:12:53,0,1,1.51894,0,7.21388,0,22.4161,0
2015-04-11 15:17:53,0,1,1.57044,0,6.21119,0,22.4161,0
2015-04-11 15:22:53,0,1,1.50952,0,9.21665,0,22.4161,0
2015-04-11 15:27:53,1,1,1.53785,0,8.20721,0,22.4161,0
2015-04-11 15:32:53,0,1,1.51322,0,7.26819,0,22.4161,0
2015-04-11 15:37:53,0,1,1.45556,0,6.11747,0,22.4161,0
2015-04-11 15:42:53,0,1,1.59516,0,9.09553,0,22.4161,0
2015-04-11 15:47:53,0,1,1.49347,0,9.04592,0,22.4161,0
2015-04-11 15:52:53,0,1,1.46681,0,9.05045,0,22.4161,0
2015-04-11 15:57:53,0,1,1.5826,0,9.23921,0,22.4161,0
2015-04-11 16:02:53,3,1,1.37431,0,8.83143,0,22.4161,0
2015-04-11 16:07:53,0,1,1.55293,0,8.60954,0,22.4161,0
2015-04-11 16:12:53,0,1,1.51608,0,8.55375,0,22.4161,0
2015-04-11 16:17:53,0,1,1.55781,0,8.74486,0,22.4161,0
2015-04-11 16:22:53,0,1,1.43704,0,9.24875,0,22.4161,0
2015-04-11 16:27:53,0,1,1.61515,0,9.10089,0,22.4161,0
2015-04-11 16:32:53,0,1,1.50617,0,9.16266,0,22.4161,0
2015-04-11 16:37:53,0,1,1.49314,0,9.04759,0,22.4161,0
2015-04-11 16:42:53,0,1,1.54451,0,9.35094,0,22.4161,0
2015-04-11 16:47:53,0,1,1.52551,0,9.0493,0,22.4161,0
2015-04-11 16:52:53,0,1,1.56284,0,9.09395,0,22.4161,0
2015-04-11 16:57:53,0,1,1.42906,0,9.2474,0,22.4161,0
2015-04-11 17:02:53,0,1,1.54435,0,9.13129,0,22.4161,0
2015-04-11 17:07:53,0,1,1.44797,0,9.091,0,22.4161,0
2015-04-11 17:12:53,0,1,1.46967,0,8.82386,0,22.4161,0
2015-04-11 17:17:53,0,1,1.50683,0,8.99866,0,22.4161,0
2015-04-11 17:22:53,0,1,1.52572,0,8.79009,0,22.4161,0
2015-04-11 17:27:53,0,1,1.54245,0,8.94838,0,22.4161,0
2015-04-11 17:32:53,0,1,1.532,0,9.11436,0,22.4161,0
2015-04-11 17:37:53,0,1,1.5179,0,9.19404,0,22.4161,0
2015-04-11 17:42:53,0,1,1.44638,0,9.20923,0,22.4161,0
2015-04-11 17:47:53,0,1,1.51025,0,9.07816,0,22.4161,0
2015-04-11 17:52:53,0,1,1.49977,0,8.9567,0,22.4161,0
2015-04-11 17:57:53,0,1,1.5023,0,8.8594,0,22.4161,0
2015-04-11 18:02:53,0,1,1.47618,0,9.03258,0,22.4161,0
2015-04-11 18:07:53,0,1,1.51216,0,8.98007,0,22.4161,0
2015-04-11 18:12:53,0,1,1.46601,0,8.97142,0,22.4161,0
2015-04-11 18:17:53,0,1,1.42959,0,8.91889,0,22.4161,0
2015-04-11 18:22:53,0,1,1.52102,0,8.8981,0,22.4161,0
2015-04-11 18:27:53,0,1,1.43982,0,8.77825,0,22.4161,0
2015-04-11 18:32:53,0,1,1.5862,0,8.77064,0,22.4161,0
2015-04-11 18:37:53,0,1,1.45714,0,9.02891,0,22.4161,0
2015-04-11 18:42:53,0,1,1.50156,0,8.94902,0,22.4161,0
2015-04-11 18:47:53,0,1,1.47495,0,9.17446,0,22.4161,0
2015-04-11 18:52:53,0,1,1.41799,0,8.8495,0,22.4161,0
2015-04-11 18:57:53,0,1,1.59639,0,8.87257,0,22.4161,0
2015-04-11 19:02:53,0,1,1.46712,0,8.8572,0,22.4161,0
2015-04-11 19:07:53,0,1,1.4524,0,8.91386,0,22.4161,0
2015-04-11 19:12:53,0,1,1.54119,0,9.1758,0,22.4161,0
2015-04-11 19:17:53,0,1,1.43556,0,8.84735,0,22.4161,0
2015-04-11 19:22:53,0,1,1.4704,0,8.87513,0,22.4161,0
2015-04-11 19:27:53,0,1,1.46332,0,8.96507,0,22.4161,0
2015-04-11 19:32:53,0,1,1.47534,0,8.71078,0,22.4161,0
2015-04-11 19:37:53,0,1,1.4746,0,8.81317,0,22.4161,0
2015-04-11 19:42:53,1,1,1.41808,0,7.81524,0,22.4161,0
2015-04-11 19:47:53,0,1,1.57864,0,6.7933,0,22.4161,0
2015-04-11 19:52:53,0,1,1.46311,0,5.83861,0,22.4161,0
2015-04-11 19:57:53,0,1,1.3691,0,8.87463,0,22.4161,0
2015-04-11 20:02:53,0,1,1.53786,0,9.03123,0,22.4161,0
2015-04-11 20:07:53,0,1,1.60012,0,8.66538,0,22.4161,0
2015-04-11 20:12:53,1,1,1.28991,0,7.78315,0,22.4161,0
2015-04-11 20:17:53,0,1,1.64624,0,7.10374,0,22.4161,0
2015-04-11 20:22:53,0,1,1.45921,0,6.02643,0,22.4161,0
2015-04-11 20:27:53,0,1,1.44024,0,8.62142,0,22.4161,0
2015-04-11 20:32:53,0,1,1.58682,0,9.29737,0,22.4161,0
2015-04-11 20:37:53,0,1,1.35223,0,8.84494,0,22.4161,0
2015-04-11 20:42:53,0,1,1.67207,0,8.84659,0,22.4161,0
2015-04-11 20:47:53,0,1,1.27001,0,9.13697,0,22.4161,0
2015-04-11 20:52:53,0,1,1.63223,0,8.67083,0,22.4161,0
2015-04-11 20:57:53,0,1,1.49646,0,9.18846,0,22.4161,0
2015-04-11 21:02:53,0,1,1.46156,0,8.57096,0,22.4161,0
2015-04-11 21:07:53,0,1,1.31287,0,9.35118,0,22.4161,0
2015-04-11 21:12:53,0,1,1.67871,0,8.72539,0,22.4161,0
2015-04-11 21:17:53,0,1,1.42743,0,8.68915,0,22.4161,0
2015-04-11 21:22:53,0,1,1.4887,0,8.72346,0,22.4161,0
2015-04-11 21:27:53,0,1,1.56934,0,9.37969,0,22.4161,0
2015-04-11 21:32:53,0,1,1.5541,0,8.82902,0,22.4161,0
2015-04-11 21:37:53,0,1,1.47632,0,9.15886,0,22.4161,0
2015-04-11 21:42:53,0,1,1.53783,0,9.29253,0,22.4161,0
2015-04-11 21:47:53,0,1,1.45556,0,9.15277,0,22.4161,0
2015-04-11 21:52:53,0,1,1.54483,0,8.96017,0,22.4161,0
2015-04-11 21:57:53,0,1,1.47321,0,9.06943,0,22.4161,0
2015-04-11 22:02:53,0,1,1.56282,0,8.92956,0,22.4161,0
2015-04-11 22:07:53,0,1,1.48609,0,9.14373,0,22.4161,0
2015-04-11 22:12:53,0,1,1.54321,0,9.03136,0,22.4161,0
2015-04-11 22:17:53,0,1,1.50083,0,9.20384,0,22.4161,0
2015-04-11 22:22:53,0,1,1.51239,0,9.04553,0,22.4161,0
2015-04-11 22:27:53,0,1,1.44508,0,9.14369,0,22.4161,0
2015-04-11 22:32:53,0,1,1.49917,0,8.97236,0,22.4161,0
2015-04-11 22:37:53,0,1,1.44497,0,8.9265,0,22.4161,0
2015-04-11 22:42:53,0,1,1.57547,0,8.77853,0,22.4161,0
2015-04-11 22:47:53,0,1,1.49941,0,8.96291,0,22.4161,0
2015-04-11 22:52:53,0,1,1.52255,0,8.98526,0,22.4161,0
2015-04-11 22:57:53,0,1,1.496,0,9.24778,0,22.4161,0
2015-04-11 23:02:53,0,1,1.40975,0,9.03931,0,22.4161,0
2015-04-11 23:07:53,0,1,1.51814,0,8.96938,0,22.4161,0
2015-04-11 23:12:53,0,1,1.45984,0,8.82563,0,22.4161,0
2015-04-11 23:17:53,0,1,1.52075,0,8.72536,0,22.4161,0
2015-04-11 23:22:53,0,1,1.51207,0,8.99485,0,22.4161,0
2015-04-11 23:27:53,0,1,1.44565,0,8.93311,0,22.4161,0
2015-04-11 23:32:53,0,1,1.50878,0,9.03206,0,22.4161,0
2015-04-11 23:37:53,0,1,1.43429,0,8.93629,0,22.4161,0
2015-04-11 23:42:53,1,1,1.51427,0,7.78878,0,22.4161,0
2015-04-11 23:47:53,0,1,1.59496,0,6.90917,0,22.4161,0
2015-04-11 23:52:53,1,1,1.4517,0,4.92635,0,22.4161,0
2015-04-11 23:57:53,2,1,1.53536,0,6.28102,0,22.4161,0
2015-04-12 00:02:53,1,1,1.55464,0,3.41685,0,22.4161,0
2015-04-12 00:07:53,0,1,1.54787,0,4.27026,0,22.4161,0
2015-04-12 00:12:53,0,1,1.58,0,6.26323,0,22.4161,0
2015-04-12 00:17:53,0,1,1.52962,0,9.33965,0,22.4161,0
2015-04-12 00:22:53,0,1,1.55851,0,9.33323,0,22.4161,0
2015-04-12 00:27:53,0,1,1.44435,0,9.35777,0,22.4161,0
2015-04-12 00:32:53,0,1,1.60386,0,9.15024,0,22.4161,0
2015-04-12 00:37:53,0,1,1.42835,0,9.16809,0,22.4161,0
2015-04-12 00:42:53,0,1,1.52143,0,8.96912,0,22.4161,0
2015-04-12 00:47:53,0,1,1.4832,0,9.18972,0,22.4161,0
2015-04-12 00:52:53,0,1,1.52389,0,8.81112,0,22.4161,0
2015-04-12 00:57:53,0,1,1.46595,0,9.05458,0,22.4161,0
2015-04-12 01:02:53,0,1,1.55802,0,8.96332,0,22.4161,0
2015-04-12 01:07:53,0,1,1.42974,0,9.06159,0,22.4161,0
2015-04-12 01:12:53,0,1,1.53089,0,8.94365,0,22.4161,0
2015-04-12 01:17:53,0,1,1.50678,0,9.06444,0,22.4161,0
2015-04-12 01:22:53,0,1,1.51088,0,8.85778,0,22.4161,0
2015-04-12 01:27:53,0,1,1.53744,0,9.1171,0,22.4161,0
2015-04-12 01:32:53,0,1,1.53825,0,9.07953,0,22.4161,0
2015-04-12 01:37:53,0,1,1.55228,0,9.14578,0,22.4161,0
2015-04-12 01:42:53,1,1,1.53619,0,8.24111,0,22.4161,0
2015-04-12 01:47:53,0,1,1.55723,0,7.25552,0,22.4161,0
2015-04-12 01:52:53,0,1,1.56235,0,6.28647,0,22.4161,0
2015-04-12 01:57:53,0,1,1.46205,0,9.28539,0,22.4161,0
2015-04-12 02:02:53,0,1,1.50045,0,9.25843,0,22.4161,0
2015-04-12 02:07:53,0,1,1.47512,0,9.11159,0,22.4161,0
2015-04-12 02:12:53,0,1,1.51741,0,8.86216,0,22.4161,0
2015-04-12 02:17:53,1,1,1.49174,0,7.96899,0,22.4161,0
2015-04-12 02:22:53,0,1,1.53153,0,6.95191,0,22.4161,0
2015-04-12 02:27:53,1,1,1.53914,0,5.06725,0,22.4161,0
2015-04-12 02:32:53,0,1,1.6144,0,7.07744,0,22.4161,0
2015-04-12 02:37:53,0,1,1.47903,0,6.28728,0,22.4161,0
2015-04-12 02:42:53,0,1,1.55064,0,9.32525,0,22.4161,0
2015-04-12 02:47:53,0,1,1.44684,0,9.3519,0,22.4161,0
2015-04-12 02:52:53,0,1,1.47904,0,8.9852,0,22.4161,0
2015-04-12 02:57:53,0,1,1.52991,0,9.02463,0,22.4161,0
2015-04-12 03:02:53,0,1,1.4435,0,8.82852,0,22.4161,0
2015-04-12 03:07:53,0,1,1.57508,0,8.94044,0,22.4161,0
2015-04-12 03:12:53,0,1,1.40994,0,9.05181,0,22.4161,0
2015-04-12 03:17:53,0,1,1.58069,0,8.8906,0,22.4161,0
2015-04-12 03:22:53,0,1,1.42098,0,9.12581,0,22.4161,0
2015-04-12 03:27:53,0,1,1.4982,0,8.81219,0,22.4161,0
2015-04-12 03:32:53,0,1,1.55683,0,9.08223,0,22.4161,0
2015-04-12 03:37:53,1,1,1.44944,0,7.81618,0,22.4161,0
2015-04-12 03:42:53,0,1,1.48581,0,7.0577,0,22.4161,0
2015-04-12 03:47:53,0,1,1.57811,0,6.05519,0,22.4161,0
2015-04-12 03:52:53,0,1,1.3941,0,8.89806,0,22.4161,0
2015-04-12 03:57:53,0,1,1.60235,0,9.00777,0,22.4161,0
2015-04-12 04:02:53,0,1,1.53023,0,9.12488,0,22.4161,0
2015-04-12 04:07:53,0,1,1.4769,0,8.91721,0,22.4161,0
2015-04-12 04:12:53,0,1,1.55029,0,9.34438,0,22.4161,0
2015-04-12 04:17:53,0,1,1.45681,0,9.09476,0,22.4161,0
2015-04-12 04:22:53,0,1,1.50071,0,8.98809,0,22.4161,0
2015-04-12 04:27:53,0,1,1.45139,0,9.06522,0,22.4161,0
2015-04-12 04:32:53,0,1,1.42475,0,8.82325,0,22.4161,0
2015-04-12 04:37:53,0,1,1.53855,0,8.82966,0,22.4161,0
2015-04-12 04:42:53,0,1,1.35193,0,8.74221,0,22.4161,0
2015-04-12 04:47:53,0,1,1.5509,0,8.70326,0,22.4161,0
2015-04-12 04:52:53,0,1,1.52952,0,8.8704,0,22.4161,0
2015-04-12 04:57:53,0,1,1.47404,0,8.68711,0,22.4161,0
2015-04-12 05:02:53,0,1,1.37357,0,9.18579,0,22.4161,0
2015-04-12 05:07:53,1,1,1.54705,0,7.91022,0,22.4161,0
2015-04-12 05:12:53,0,1,1.4563,0,6.71631,0,22.4161,0
2015-04-12 05:17:53,0,1,1.55669,0,5.67112,0,22.4161,0
2015-04-12 05:22:53,0,1,1.50593,0,9.11043,0,22.4161,0
2015-04-12 05:27:53,0,1,1.49818,0,8.98821,0,22.4161,0
2015-04-12 05:32:53,1,1,1.58588,0,8.18011,0,22.4161,0
2015-04-12 05:37:53,0,1,1.42023,0,7.10003,0,22.4161,0
2015-04-12 05:42:53,0,1,1.56945,0,6.08652,0,22.4161,0
2015-04-12 05:47:53,1,1,1.51075,0,8.16755,0,22.4161,0
2015-04-12 05:52:53,0,1,1.42224,0,6.91033,0,22.4161,0
2015-04-12 05:57:53,1,1,1.67262,0,5.1521,0,22.4161,0
2015-04-12 06:02:53,0,1,1.38474,0,7.04934,0,22.4161,0
2015-04-12 06:07:53,0,1,1.65633,0,5.99668,0,22.4161,0
2015-04-12 06:12:53,0,1,1.45938,0,9.44366,0,22.4161,0
2015-04-12 06:17:53,1,1,1.46251,0,7.92625,0,22.4161,0
2015-04-12 06:22:53,0,1,1.65107,0,7.35024,0,22.4161,0
2015-04-12 06:27:53,0,1,1.3703,0,5.95421,0,22.4161,0
2015-04-12 06:32:53,1,1,1.60479,0,8.05996,0,22.4161,0
2015-04-12 06:37:53,0,1,1.5342,0,7.29861,0,22.4161,0
2015-04-12 06:42:53,0,1,1.40417,0,5.8547,0,22.4161,0
2015-04-12 06:47:53,0,1,1.65652,0,9.28696,0,22.4161,0
2015-04-12 06:52:53,0,1,1.40995,0,9.06748,0,22.4161,0
2015-04-12 06:57:53,0,1,1.57091,0,8.93551,0,22.4161,0
2015-04-12 07:02:53,1,1,1.41268,0,8.36037,0,22.4161,0
2015-04-12 07:07:53,0,1,1.60845,0,6.78433,0,22.4161,0
2015-04-12 07:12:53,0,1,1.43236,0,6.14653,0,22.4161,0
2015-04-12 07:17:53,0,1,1.58051,0,8.8873,0,22.4161,0
2015-04-12 07:22:53,0,1,1.4837,0,9.27058,0,22.4161,0
2015-04-12 07:27:53,0,1,1.50948,0,8.94178,0,22.4161,0
2015-04-12 07:32:53,0,1,1.48797,0,9.2184,0,22.4161,0
2015-04-12 07:37:53,0,1,1.58276,0,8.95802,0,22.4161,0
2015-04-12 07:42:53,0,1,1.52627,0,9.08714,0,22.4161,0
2015-04-12 07:47:53,0,1,1.44285,0,9.15571,0,22.4161,0
2015-04-12 07:52:53,0,1,1.63592,0,9.24368,0,22.4161,0
2015-04-12 07:57:53,1,1,1.33705,0,8.10043,0,22.4161,0
2015-04-12 08:02:53,0,1,1.61012,0,6.93744,0,22.4161,0
2015-04-12 08:07:53,1,1,1.53422,0,5.19199,0,22.4161,0
2015-04-12 08:12:53,0,1,1.44092,0,6.76562,0,22.4161,0
2015-04-12 08:17:53,0,1,1.64403,0,6.33973,0,22.4161,0
2015-04-12 08:22:53,0,1,1.44085,0,9.12852,0,22.4161,0
2015-04-12 08:27:53,0,1,1.56278,0,9.05166,0,22.4161,0
2015-04-12 08:32:53,0,1,1.52771,0,9.37656,0,22.4161,0
2015-04-12 08:37:53,0,1,1.43444,0,8.9758,0,22.4161,0
2015-04-12 08:42:53,0,1,1.47246,0,9.17818,0,22.4161,0
2015-04-12 08:47:53,1,1,1.59046,0,7.92445,0,22.4161,0
2015-04-12 08:52:53,0,1,1.3879,0,6.83869,0,22.4161,0
2015-04-12 08:57:53,0,1,1.68218,0,5.9862,0,22.4161,0
2015-04-12 09:02:53,0,1,1.38574,0,9.22937,0,22.4161,0
2015-04-12 09:07:53,1,1,1.53795,0,7.91379,0,22.4161,0
2015-04-12 09:12:53,0,1,1.5731,0,7.35597,0,22.4161,0
2015-04-12 09:17:53,0,1,1.37933,0,5.80622,0,22.4161,0
2015-04-12 09:22:53,1,1,1.57852,0,8.13938,0,22.4161,0
2015-04-12 09:27:53,1,1,1.46999,0,6.05649,0,22.4161,0
2015-04-12 09:32:53,0,1,1.52155,0,3.76504,0,22.4161,0
2015-04-12 09:37:53,0,1,1.66348,0,6.19711,0,22.4161,0
2015-04-12 09:42:53,0,1,1.33495,0,9.11657,0,22.4161,0
2015-04-12 09:47:53,0,1,1.69958,0,9.22658,0,22.4161,0
2015-04-12 09:52:53,0,1,1.37143,0,9.35994,0,22.4161,0
2015-04-12 09:57:53,0,1,1.56377,0,8.77545,0,22.4161,0
2015-04-12 10:02:53,1,1,1.51083,0,8.40538,0,22.4161,0
2015-04-12 10:07:53,0,1,1.42423,0,6.75267,0,22.4161,0
2015-04-12 10:12:53,0,1,1.5283,0,6.13719,0,22.4161,0
2015-04-12 10:17:53,0,1,1.45308,0,8.90924,0,22.4161,0
2015-04-12 10:22:53,0,1,1.50769,0,8.78237,0,22.4161,0
2015-04-12 10:27:53,0,1,1.58967,0,8.99874,0,22.4161,0
2015-04-12 10:32:53,0,1,1.33871,0,8.96429,0,22.4161,0
2015-04-12 10:37:53,0,1,1.67164,0,9.04114,0,22.4161,0
2015-04-12 10:42:53,2,1,1.43383,0,7.7748,0,22.4161,0
2015-04-12 10:47:53,1,1,1.482,0,5.10668,0,22.4161,0
2015-04-12 10:52:53,1,1,1.57206,0,2.33474,0,22.4161,0
2015-04-12 10:57:53,0,1,1.47491,0,3.83756,0,22.4161,0
2015-04-12 11:02:53,0,1,1.53021,0,6.06504,0,22.4161,0
2015-04-12 11:07:53,1,1,1.58457,0,8.19622,0,22.4161,0
2015-04-12 11:12:53,1,1,1.5038,0,6.06972,0,22.4161,0
2015-04-12 11:17:53,0,1,1.53111,0,4.26356,0,22.4161,0
2015-04-12 11:22:53,0,1,1.56698,0,6.29243,0,22.4161,0
2015-04-12 11:27:53,0,1,1.41295,0,9.1406,0,22.4161,0
2015-04-12 11:32:53,0,1,1.6019,0,9.14025,0,22.4161,0
2015-04-12 11:37:53,0,1,1.39498,0,9.12875,0,22.4161,0
2015-04-12 11:42:53,1,1,1.62107,0,7.83762,0,22.4161,0
2015-04-12 11:47:53,0,1,1.44543,0,7.21673,0,22.4161,0
2015-04-12 11:52:53,0,1,1.48693,0,5.8725,0,22.4161,0
2015-04-12 11:57:53,0,1,1.61047,0,9.241,0,22.4161,0
2015-04-12 12:02:53,0,1,1.48733,0,8.92061,0,22.4161,0
2015-04-12 12:07:53,1,1,1.44802,0,8.16906,0,22.4161,0
2015-04-12 12:12:53,3,1,1.60852,0,7.35805,0,22.4161,0
2015-04-12 12:17:53,4,1,1.41054,0,6.95741,0,22.4161,0
2015-04-12 12:22:53,0,1,1.61911,0,10.8494,0,22.4161,0
2015-04-12 12:27:53,0,1,1.53196,0,11.6146,0,22.4161,0
2015-04-12 12:32:53,0,1,1.5743,0,9.00181,0,22.4161,0
2015-04-12 12:37:53,1,1,1.58177,0,8.49557,0,22.4161,0
2015-04-12 12:42:53,2,1,1.49908,0,6.16273,0,22.4161,0
2015-04-12 12:47:53,0,1,1.55857,0,4.05844,0,22.4161,0
2015-04-12 12:52:53,0,1,1.47269,0,5.81143,0,22.4161,0
2015-04-12 12:57:53,0,1,1.50471,0,9.08707,0,22.4161,0
2015-04-12 13:02:53,0,1,1.54659,0,9.12581,0,22.4161,0
2015-04-12 13:07:53,0,1,1.51645,0,8.97409,0,22.4161,0
2015-04-12 13:12:53,0,1,1.50554,0,9.12376,0,22.4161,0
2015-04-12 13:17:53,0,1,1.53517,0,9.1782,0,22.4161,0
2015-04-12 13:22:53,2,1,1.43997,0,8.02527,0,22.4161,0
2015-04-12 13:27:53,1,1,1.53769,0,5.88625,0,22.4161,0
2015-04-12 13:32:53,0,1,1.54418,0,3.81213,0,22.4161,0
2015-04-12 13:37:53,1,1,1.51258,0,4.93947,0,22.4161,0
2015-04-12 13:42:53,0,1,1.52509,0,7.214,0,22.4161,0
2015-04-12 13:47:53,0,1,1.52384,0,6.18278,0,22.4161,0
2015-04-12 13:52:53,0,1,1.49053,0,9.11177,0,22.4161,0
2015-04-12 13:57:53,0,1,1.54914,0,9.11349,0,22.4161,0
2015-04-12 14:02:53,0,1,1.54987,0,9.10173,0,22.4161,0
2015-04-12 14:07:53,0,1,1.47056,0,9.11975,0,22.4161,0
2015-04-12 14:12:53,3,1,1.52904,0,9.27661,0,22.4161,0
2015-04-12 14:17:53,2,1,1.50832,0,8.17945,0,22.4161,0
2015-04-12 14:22:53,0,1,1.51815,0,7.03858,0,22.4161,0
2015-04-12 14:27:53,0,1,1.51518,0,5.94768,0,22.4161,0
2015-04-12 14:32:53,1,1,1.46016,0,8.07644,0,22.4161,0
2015-04-12 14:37:53,0,1,1.53053,0,7.04497,0,22.4161,0
2015-04-12 14:42:53,0,1,1.56579,0,5.99638,0,22.4161,0
2015-04-12 14:47:53,0,1,1.52602,0,9.00732,0,22.4161,0
2015-04-12 14:52:53,0,1,1.53677,0,9.24917,0,22.4161,0
2015-04-12 14:57:53,1,1,1.48504,0,8.28617,0,22.4161,0
2015-04-12 15:02:53,2,1,1.47109,0,6.16655,0,22.4161,0
2015-04-12 15:07:53,0,1,1.4951,0,4.11132,0,22.4161,0
2015-04-12 15:12:53,1,1,1.57381,0,4.98217,0,22.4161,0
2015-04-12 15:17:53,0,1,1.50677,0,6.97729,0,22.4161,0
2015-04-12 15:22:53,0,1,1.52172,0,6.13968,0,22.4161,0
2015-04-12 15:27:53,0,1,1.43156,0,9.25669,0,22.4161,0
2015-04-12 15:32:53,0,1,1.55427,0,8.99531,0,22.4161,0
2015-04-12 15:37:53,0,1,1.40744,0,8.98255,0,22.4161,0
2015-04-12 15:42:53,0,1,1.49224,0,8.81065,0,22.4161,0
2015-04-12 15:47:53,1,1,1.49079,0,7.96994,0,22.4161,0
2015-04-12 15:52:53,0,1,1.53352,0,6.69759,0,22.4161,0
2015-04-12 15:57:53,0,1,1.47902,0,5.99182,0,22.4161,0
2015-04-12 16:02:53,0,1,1.56069,0,9.01843,0,22.4161,0
2015-04-12 16:07:53,0,1,1.48419,0,9.11931,0,22.4161,0
2015-04-12 16:12:53,1,1,1.4595,0,8.04264,0,22.4161,0
2015-04-12 16:17:53,0,1,1.54595,0,7.10995,0,22.4161,0
2015-04-12 16:22:53,0,1,1.50451,0,5.91751,0,22.4161,0
2015-04-12 16:27:53,0,1,1.3894,0,8.97491,0,22.4161,0
2015-04-12 16:32:53,0,1,1.56239,0,9.03628,0,22.4161,0
2015-04-12 16:37:53,0,1,1.44471,0,8.85473,0,22.4161,0
2015-04-12 16:42:53,0,1,1.52016,0,8.7377,0,22.4161,0
2015-04-12 16:47:53,0,1,1.534,0,9.09676,0,22.4161,0
2015-04-12 16:52:53,0,1,1.45944,0,8.90845,0,22.4161,0
2015-04-12 16:57:53,0,1,1.48663,0,9.08791,0,22.4161,0
2015-04-12 17:02:53,0,1,1.44552,0,9.0075,0,22.4161,0
2015-04-12 17:07:53,0,1,1.51283,0,8.79711,0,22.4161,0
2015-04-12 17:12:53,0,1,1.45565,0,8.86376,0,22.4161,0
2015-04-12 17:17:53,0,1,1.3704,0,8.81787,0,22.4161,0
2015-04-12 17:22:53,0,1,1.4783,0,8.82019,0,22.4161,0
2015-04-12 17:27:53,0,1,1.52282,0,8.58606,0,22.4161,0
2015-04-12 17:32:53,0,1,1.51887,0,8.59062,0,22.4161,0
2015-04-12 17:37:53,0,1,1.48089,0,8.9994,0,22.4161,0
2015-04-12 17:42:53,0,1,1.4939,0,9.08707,0,22.4161,0
2015-04-12 17:47:53,1,1,1.43316,0,8.01227,0,22.4161,0
2015-04-12 17:52:53,0,1,1.52084,0,6.86361,0,22.4161,0
2015-04-12 17:57:53,0,1,1.41173,0,5.86885,0,22.4161,0
2015-04-12 18:02:53,0,1,1.52163,0,8.7529,0,22.4161,0
2015-04-12 18:07:53,0,1,1.43117,0,8.90761,0,22.4161,0
2015-04-12 18:12:53,0,1,1.48408,0,8.70961,0,22.4161,0
2015-04-12 18:17:53,0,1,1.62481,0,8.91131,0,22.4161,0
2015-04-12 18:22:53,0,1,1.35915,0,8.88649,0,22.4161,0
2015-04-12 18:27:53,1,1,1.48524,0,8.06101,0,22.4161,0
2015-04-12 18:32:53,0,1,1.46948,0,7.07796,0,22.4161,0
2015-04-12 18:37:53,0,1,1.51909,0,5.51739,0,22.4161,0
2015-04-12 18:42:53,0,1,1.43672,0,8.91375,0,22.4161,0
2015-04-12 18:47:53,0,1,1.48482,0,8.88333,0,22.4161,0
2015-04-12 18:52:53,0,1,1.52421,0,8.91554,0,22.4161,0
2015-04-12 18:57:53,0,1,1.34863,0,8.80403,0,22.4161,0
2015-04-12 19:02:53,1,1,1.57521,0,7.85152,0,22.4161,0
2015-04-12 19:07:53,0,1,1.52687,0,6.84511,0,22.4161,0
2015-04-12 19:12:53,0,1,1.4117,0,5.72319,0,22.4161,0
2015-04-12 19:17:53,0,1,1.49993,0,9.19108,0,22.4161,0
2015-04-12 19:22:53,0,1,1.41027,0,8.90396,0,22.4161,0
2015-04-12 19:27:53,0,1,1.62051,0,8.64523,0,22.4161,0
2015-04-12 19:32:53,0,1,1.35844,0,8.94085,0,22.4161,0
2015-04-12 19:37:53,0,1,1.49261,0,8.83028,0,22.4161,0
2015-04-12 19:42:53,1,1,1.51098,0,8.07103,0,22.4161,0
2015-04-12 19:47:53,0,1,1.38073,0,6.57153,0,22.4161,0
2015-04-12 19:52:53,0,1,1.71266,0,5.88053,0,22.4161,0
2015-04-12 19:57:53,0,1,1.31656,0,9.00708,0,22.4161,0
2015-04-12 20:02:53,0,1,1.55066,0,8.88408,0,22.4161,0
2015-04-12 20:07:53,0,1,1.46456,0,9.32177,0,22.4161,0
2015-04-12 20:12:53,1,1,1.44149,0,7.51556,0,22.4161,0
2015-04-12 20:17:53,0,1,1.6305,0,7.02259,0,22.4161,0
2015-04-12 20:22:53,0,1,1.47708,0,5.90716,0,22.4161,0
2015-04-12 20:27:53,0,1,1.51148,0,9.06254,0,22.4161,0
2015-04-12 20:32:53,0,1,1.49494,0,9.35713,0,22.4161,0
2015-04-12 20:37:53,0,1,1.48184,0,8.94914,0,22.4161,0
2015-04-12 20:42:53,0,1,1.56392,0,9.00616,0,22.4161,0
2015-04-12 20:47:53,0,1,1.40877,0,9.01243,0,22.4161,0
2015-04-12 20:52:53,0,1,1.52234,0,8.98213,0,22.4161,0
2015-04-12 20:57:53,0,1,1.46144,0,9.03165,0,22.4161,0
2015-04-12 21:02:53,0,1,1.65765,0,8.73243,0,22.4161,0
2015-04-12 21:07:53,0,1,1.36225,0,9.14755,0,22.4161,0
2015-04-12 21:12:53,0,1,1.5631,0,9.06186,0,22.4161,0
2015-04-12 21:17:53,0,1,1.3788,0,9.26054,0,22.4161,0
2015-04-12 21:22:53,0,1,1.53264,0,8.59176,0,22.4161,0
2015-04-12 21:27:53,0,1,1.50919,0,8.97954,0,22.4161,0
2015-04-12 21:32:53,0,1,1.53698,0,8.71087,0,22.4161,0
2015-04-12 21:37:53,0,1,1.54229,0,9.15326,0,22.4161,0
2015-04-12 21:42:53,0,1,1.47522,0,9.14381,0,22.4161,0
2015-04-12 21:47:53,0,1,1.46432,0,9.17073,0,22.4161,0
2015-04-12 21:52:53,0,1,1.56115,0,9.04163,0,22.4161,0
2015-04-12 21:57:53,0,1,1.38489,0,8.91547,0,22.4161,0
2015-04-12 22:02:53,0,1,1.60893,0,8.90015,0,22.4161,0
2015-04-12 22:07:53,0,1,1.44071,0,9.06215,0,22.4161,0
2015-04-12 22:12:53,0,1,1.50118,0,8.81323,0,22.4161,0
2015-04-12 22:17:53,0,1,1.55132,0,9.20939,0,22.4161,0
2015-04-12 22:22:53,0,1,1.36151,0,8.87581,0,22.4161,0
2015-04-12 22:27:53,1,1,1.57469,0,7.96771,0,22.4161,0
2015-04-12 22:32:53,0,1,1.42978,0,6.95169,0,22.4161,0
2015-04-12 22:37:53,0,1,1.51974,0,5.66371,0,22.4161,0
2015-04-12 22:42:53,0,1,1.59815,0,9.10337,0,22.4161,0
2015-04-12 22:47:53,0,1,1.38574,0,8.92696,0,22.4161,0
2015-04-12 22:52:53,0,1,1.58409,0,9.14125,0,22.4161,0
2015-04-12 22:57:53,1,1,1.45174,0,8.15,0,22.4161,0
2015-04-12 23:02:53,0,1,1.43455,0,6.77713,0,22.4161,0
2015-04-12 23:07:53,0,1,1.651,0,6.09029,0,22.4161,0
2015-04-12 23:12:53,2,1,1.2789,0,7.57332,0,22.4161,0
2015-04-12 23:17:53,1,1,1.68599,0,5.28055,0,22.4161,0
2015-04-12 23:22:53,1,1,1.50054,0,2.2908,0,22.4161,0
2015-04-12 23:27:53,0,1,1.53029,0,3.70922,0,22.4161,0
2015-04-12 23:32:53,0,1,1.53332,0,6.58935,0,22.4161,0
2015-04-12 23:37:53,0,1,1.47537,0,9.09552,0,22.4161,0
2015-04-12 23:42:53,0,1,1.56604,0,9.13288,0,22.4161,0
2015-04-12 23:47:53,0,1,1.56344,0,9.11674,0,22.4161,0
2015-04-12 23:52:53,0,1,1.4411,0,9.12165,0,22.4161,0
2015-04-12 23:57:53,0,1,1.52677,0,9.26611,0,22.4161,0
2015-04-13 00:02:53,0,0,1.19571,0,9.0993,0,22.4161,0
2015-04-13 00:07:53,0,0,1.1871,0,8.57255,0,22.4161,0
2015-04-13 00:12:53,0,0,1.22997,0,8.15884,0,22.4161,0
2015-04-13 00:17:53,0,0,1.18208,0,7.1913,0,22.4161,0
2015-04-13 00:22:53,0,0,1.31981,0,7.20333,0,22.4161,0
2015-04-13 00:27:53,1,0,1.21599,0,6.37388,0,22.4161,0
2015-04-13 00:32:53,0,0,1.19725,0,5.40185,0,22.4161,0
2015-04-13 00:37:53,0,0,1.20273,0,4.58867,0,22.4161,0
2015-04-13 00:42:53,0,0,1.26076,0,7.2452,0,22.4161,0
2015-04-13 00:47:53,0,0,1.18282,0,7.25796,0,22.4161,0
2015-04-13 00:52:53,0,0,1.23975,0,7.31252,0,22.4161,0
2015-04-13 00:57:53,0,0,1.21046,0,7.38767,0,22.4161,0
2015-04-13 01:02:53,0,0,1.14463,0,7.23842,0,22.4161,0
2015-04-13 01:07:53,0,0,1.27173,0,7.28479,0,22.4161,0
2015-04-13 01:12:53,0,0,1.23482,0,7.19237,0,22.4161,0
2015-04-13 01:17:53,0,0,1.19117,0,7.21216,0,22.4161,0
2015-04-13 01:22:53,0,0,1.18072,0,7.47598,0,22.4161,0
2015-04-13 01:27:53,0,0,1.22957,0,7.26751,0,22.4161,0
2015-04-13 01:32:53,0,0,1.205,0,7.16452,0,22.4161,0
2015-04-13 01:37:53,0,0,1.20343,0,7.2063,0,22.4161,0
2015-04-13 01:42:53,0,0,1.21145,0,7.30214,0,22.4161,0
2015-04-13 01:47:53,0,0,1.22066,0,7.2333,0,22.4161,0
2015-04-13 01:52:53,0,0,1.20947,0,7.25386,0,22.4161,0
2015-04-13 01:57:53,0,0,1.30253,0,7.28514,0,22.4161,0
2015-04-13 02:02:53,0,0,1.19507,0,7.38346,0,22.4161,0
2015-04-13 02:07:53,1,0,1.20714,0,6.42854,0,22.4161,0
2015-04-13 02:12:53,0,0,1.24006,0,5.50486,0,22.4161,0
2015-04-13 02:17:53,0,0,1.15949,0,4.23955,0,22.4161,0
2015-04-13 02:22:53,0,0,1.25476,0,7.26101,0,22.4161,0
2015-04-13 02:27:53,0,0,1.21224,0,7.29391,0,22.4161,0
2015-04-13 02:32:53,0,0,1.15164,0,7.20023,0,22.4161,0
2015-04-13 02:37:53,0,0,1.28484,0,7.3404,0,22.4161,0
2015-04-13 02:42:53,0,0,1.24689,0,7.22485,0,22.4161,0
2015-04-13 02:47:53,2,0,1.16759,0,6.77771,0,22.4161,0
2015-04-13 02:52:53,1,0,1.27863,0,5.52833,0,22.4161,0
2015-04-13 02:57:53,0,0,1.18404,0,3.87312,0,22.4161,0
2015-04-13 03:02:53,0,0,1.20695,0,4.24405,0,22.4161,0
2015-04-13 03:07:53,0,0,1.22179,0,7.41091,0,22.4161,0
2015-04-13 03:12:53,0,0,1.24536,0,7.18781,0,22.4161,0
2015-04-13 03:17:53,0,0,1.20361,0,7.30978,0,22.4161,0
2015-04-13 03:22:53,0,0,1.23328,0,7.35969,0,22.4161,0
2015-04-13 03:27:53,0,0,1.22469,0,7.37659,0,22.4161,0
2015-04-13 03:32:53,0,0,1.22597,0,7.3021,0,22.4161,0
2015-04-13 03:37:53,0,0,1.16865,0,7.37521,0,22.4161,0
2015-04-13 03:42:53,1,0,1.21303,0,6.29467,0,22.4161,0
2015-04-13 03:47:53,0,0,1.19169,0,5.22824,0,22.4161,0
2015-04-13 03:52:53,0,0,1.21524,0,4.12371,0,22.4161,0
2015-04-13 03:57:53,1,0,1.23186,0,6.23771,0,22.4161,0
2015-04-13 04:02:53,1,0,1.20902,0,4.23742,0,22.4161,0
2015-04-13 04:07:53,0,0,1.21807,0,2.31846,0,22.4161,0
2015-04-13 04:12:53,0,0,1.18668,0,4.33168,0,22.4161,0
2015-04-13 04:17:53,0,0,1.2192,0,7.24988,0,22.4161,0
2015-04-13 04:22:53,0,0,1.22661,0,7.24675,0,22.4161,0
2015-04-13 04:27:53,0,0,1.19677,0,7.22504,0,22.4161,0
2015-04-13 04:32:53,0,0,1.19133,0,7.30759,0,22.4161,0
2015-04-13 04:37:53,0,0,1.21219,0,7.26472,0,22.4161,0
2015-04-13 04:42:53,0,0,1.28463,0,7.18517,0,22.4161,0
2015-04-13 04:47:53,0,0,1.20757,0,7.28301,0,22.4161,0
2015-04-13 04:52:53,0,0,1.18778,0,7.4134,0,22.4161,0
2015-04-13 04:57:53,0,0,1.22078,0,7.45682,0,22.4161,0
2015-04-13 05:02:53,0,0,1.2149,0,7.21905,0,22.4161,0
2015-04-13 05:07:53,0,0,1.22164,0,7.2198,0,22.4161,0
2015-04-13 05:12:53,0,0,1.21803,0,7.31378,0,22.4161,0
2015-04-13 05:17:53,0,0,1.17881,0,7.306,0,22.4161,0
2015-04-13 05:22:53,0,0,1.22807,0,7.27977,0,22.4161,0
2015-04-13 05:27:53,0,0,1.21025,0,7.23977,0,22.4161,0
2015-04-13 05:32:53,0,0,1.25196,0,7.20282,0,22.4161,0
2015-04-13 05:37:53,0,0,1.29321,0,7.35666,0,22.4161,0
2015-04-13 05:42:53,0,0,1.13705,0,7.42786,0,22.4161,0
2015-04-13 05:47:53,0,0,1.20194,0,7.47934,0,22.4161,0
2015-04-13 05:52:53,0,0,1.22363,0,7.35567,0,22.4161,0
2015-04-13 05:57:53,0,0,1.232,0,7.03866,0,22.4161,0
2015-04-13 06:02:53,0,0,1.16928,0,7.28508,0,22.4161,0
2015-04-13 06:07:53,0,0,1.19204,0,7.30419,0,22.4161,0
2015-04-13 06:12:53,1,0,1.21853,0,6.22661,0,22.4161,0
2015-04-13 06:17:53,0,0,1.34511,0,5.11047,0,22.4161,0
2015-04-13 06:22:53,0,0,1.13125,0,4.35829,0,22.4161,0
2015-04-13 06:27:53,0,0,1.22657,0,7.47705,0,22.4161,0
2015-04-13 06:32:53,0,0,1.19538,0,7.5244,0,22.4161,0
2015-04-13 06:37:53,1,0,1.21782,0,6.04228,0,22.4161,0
2015-04-13 06:42:53,0,0,1.25293,0,5.2883,0,22.4161,0
2015-04-13 06:47:53,0,0,1.20129,0,4.27472,0,22.4161,0
2015-04-13 06:52:53,0,0,1.20457,0,7.36063,0,22.4161,0
2015-04-13 06:57:53,0,0,1.24958,0,7.36595,0,22.4161,0
2015-04-13 07:02:53,1,0,1.2307,0,6.26259,0,22.4161,0
2015-04-13 07:07:53,0,0,1.1967,0,5.34359,0,22.4161,0
2015-04-13 07:12:53,0,0,1.17969,0,4.40686,0,22.4161,0
2015-04-13 07:17:53,0,0,1.21754,0,7.2652,0,22.4161,0
2015-04-13 07:22:53,0,0,1.20943,0,7.16703,0,22.4161,0
2015-04-13 07:27:53,0,0,1.21903,0,7.18358,0,22.4161,0
2015-04-13 07:32:53,0,0,1.2205,0,7.29051,0,22.4161,0
2015-04-13 07:37:53,0,0,1.18195,0,7.28683,0,22.4161,0
2015-04-13 07:42:53,0,0,1.22429,0,7.28003,0,22.4161,0
2015-04-13 07:47:53,0,0,1.18079,0,7.24968,0,22.4161,0
2015-04-13 07:52:53,0,0,1.21868,0,7.17523,0,22.4161,0
2015-04-13 07:57:53,0,0,1.19627,0,7.25314,0,22.4161,0
2015-04-13 08:02:53,0,0,1.1925,0,7.176,0,22.4161,0
2015-04-13 08:07:53,0,0,1.29646,0,7.24108,0,22.4161,0
2015-04-13 08:12:53,1,0,1.26295,0,6.27028,0,22.4161,0
2015-04-13 08:17:53,0,0,1.17013,0,5.43336,0,22.4161,0
2015-04-13 08:22:53,0,0,1.16255,0,4.58542,0,22.4161,0
2015-04-13 08:27:53,0,0,1.25169,0,7.29167,0,22.4161,0
2015-04-13 08:32:53,0,0,1.20931,0,7.08717,0,22.4161,0
2015-04-13 08:37:53,0,0,1.19568,0,7.20032,0,22.4161,0
2015-04-13 08:42:53,0,0,1.17397,0,7.36937,0,22.4161,0
2015-04-13 08:47:53,0,0,1.20586,0,7.19327,0,22.4161,0
2015-04-13 08:52:53,0,0,1.18467,0,7.14086,0,22.4161,0
2015-04-13 08:57:53,1,0,1.25198,0,6.11832,0,22.4161,0
2015-04-13 09:02:53,0,0,1.21702,0,5.23891,0,22.4161,0
2015-04-13 09:07:53,0,0,1.13999,0,4.275,0,22.4161,0
2015-04-13 09:12:53,0,0,1.25917,0,7.32998,0,22.4161,0
2015-04-13 09:17:53,0,0,1.19842,0,7.19021,0,22.4161,0
2015-04-13 09:22:53,0,0,1.2367,0,7.13673,0,22.4161,0
2015-04-13 09:27:53,0,0,1.23004,0,7.41106,0,22.4161,0
2015-04-13 09:32:53,0,0,1.15053,0,7.2987,0,22.4161,0
2015-04-13 09:37:53,0,0,1.27988,0,7.32072,0,22.4161,0
2015-04-13 09:42:53,0,0,1.24611,0,7.27107,0,22.4161,0
2015-04-13 09:47:53,0,0,1.18617,0,7.25747,0,22.4161,0
2015-04-13 09:52:53,0,0,1.21268,0,7.51802,0,22.4161,0
2015-04-13 09:57:53,0,0,1.18543,0,7.32335,0,22.4161,0
2015-04-13 10:02:53,0,0,1.22004,0,7.1693,0,22.4161,0
2015-04-13 10:07:53,0,0,1.30052,0,7.22893,0,22.4161,0
2015-04-13 10:12:53,0,0,1.14431,0,7.29689,0,22.4161,0
2015-04-13 10:17:53,0,0,1.19464,0,7.40546,0,22.4161,0
2015-04-13 10:22:53,0,0,1.26967,0,7.38482,0,22.4161,0
2015-04-13 10:27:53,0,0,1.23552,0,7.09189,0,22.4161,0
2015-04-13 10:32:53,0,0,1.21105,0,7.35879,0,22.4161,0
2015-04-13 10:37:53,0,0,1.14233,0,7.4911,0,22.4161,0
2015-04-13 10:42:53,0,0,1.2337,0,7.27099,0,22.4161,0
2015-04-13 10:47:53,0,0,1.22597,0,7.15153,0,22.4161,0
2015-04-13 10:52:53,0,0,1.22791,0,7.12037,0,22.4161,0
2015-04-13 10:57:53,0,0,1.22044,0,7.38095,0,22.4161,0
2015-04-13 11:02:53,1,0,1.16179,0,6.35417,0,22.4161,0
2015-04-13 11:07:53,1,0,1.24001,0,4.28639,0,22.4161,0
2015-04-13 11:12:53,0,0,1.25597,0,2.22491,0,22.4161,0
2015-04-13 11:17:53,0,0,1.15991,0,4.22136,0,22.4161,0
2015-04-13 11:22:53,0,0,1.19925,0,7.39189,0,22.4161,0
2015-04-13 11:27:53,0,0,1.17308,0,7.287,0,22.4161,0
2015-04-13 11:32:53,0,0,1.25634,0,7.05132,0,22.4161,0
2015-04-13 11:37:53,1,0,1.16617,0,6.20025,0,22.4161,0
2015-04-13 11:42:53,0,0,1.30059,0,5.1981,0,22.4161,0
2015-04-13 11:47:53,0,0,1.1785,0,4.40196,0,22.4161,0
2015-04-13 11:52:53,0,0,1.2038,0,7.2782,0,22.4161,0
2015-04-13 11:57:53,0,0,1.18185,0,7.46258,0,22.4161,0
2015-04-13 12:02:53,0,0,1.20512,0,7.12494,0,22.4161,0
2015-04-13 12:07:53,0,0,1.23081,0,7.18021,0,22.4161,0
2015-04-13 12:12:53,1,0,1.21243,0,6.1866,0,22.4161,0
2015-04-13 12:17:53,0,0,1.24265,0,5.28941,0,22.4161,0
2015-04-13 12:22:53,1,0,1.2457,0,3.35995,0,22.4161,0
2015-04-13 12:27:53,0,0,1.28694,0,5.36829,0,22.4161,0
2015-04-13 12:32:53,0,0,1.15077,0,4.50628,0,22.4161,0
2015-04-13 12:37:53,1,0,1.25837,0,6.46174,0,22.4161,0
2015-04-13 12:42:53,2,0,1.24168,0,4.90399,0,22.4161,0
2015-04-13 12:47:53,0,0,1.23241,0,3.17725,0,22.4161,0
2015-04-13 12:52:53,4,0,1.19241,0,7.47586,0,22.4161,0
2015-04-13 12:57:53,1,0,1.29335,0,9.45264,0,22.4161,0
2015-04-13 13:02:53,1,0,1.19286,0,8.98094,0,22.4161,0
2015-04-13 13:07:53,0,0,1.27371,0,2.3568,0,22.4161,0
2015-04-13 13:12:53,0,0,1.16767,0,4.53949,0,22.4161,0
2015-04-13 13:17:53,0,0,1.22008,0,7.29367,0,22.4161,0
2015-04-13 13:22:53,0,0,1.24495,0,7.37655,0,22.4161,0
2015-04-13 13:27:53,1,0,1.18857,0,6.18813,0,22.4161,0
2015-04-13 13:32:53,0,0,1.24873,0,5.33871,0,22.4161,0
2015-04-13 13:37:53,2,0,1.21209,0,3.86326,0,22.4161,0
2015-04-13 13:42:53,0,0,1.25311,0,6.28033,0,22.4161,0
2015-04-13 13:47:53,0,0,1.20081,0,5.9311,0,22.4161,0
2015-04-13 13:52:53,1,0,1.25967,0,6.3433,0,22.4161,0
2015-04-13 13:57:53,1,0,1.2139,0,4.42061,0,22.4161,0
2015-04-13 14:02:53,0,0,1.2322,0,2.33568,0,22.4161,0
2015-04-13 14:07:53,0,0,1.26741,0,4.43903,0,22.4161,0
2015-04-13 14:12:53,1,0,1.1905,0,6.37352,0,22.4161,0
2015-04-13 14:17:53,0,0,1.2664,0,5.42192,0,22.4161,0
2015-04-13 14:22:53,0,0,1.23503,0,4.44962,0,22.4161,0
2015-04-13 14:27:53,3,0,1.22847,0,7.86927,0,22.4161,0
2015-04-13 14:32:53,2,0,1.23604,0,8.10068,0,22.4161,0
2015-04-13 14:37:53,0,0,1.27366,0,8.07401,0,22.4161,0
2015-04-13 14:42:53,2,0,1.15976,0,5.51302,0,22.4161,0
2015-04-13 14:47:53,0,0,1.2804,0,6.32058,0,22.4161,0
2015-04-13 14:52:53,0,0,1.20544,0,5.77894,0,22.4161,0
2015-04-13 14:57:53,3,0,1.25485,0,7.83463,0,22.4161,0
2015-04-13 15:02:53,1,0,1.23475,0,7.68516,0,22.4161,0
2015-04-13 15:07:53,2,0,1.24261,0,6.65864,0,22.4161,0
2015-04-13 15:12:53,0,0,1.24886,0,3.53767,0,22.4161,0
2015-04-13 15:17:53,0,0,1.19148,0,6.02984,0,22.4161,0
2015-04-13 15:22:53,0,0,1.23744,0,7.41703,0,22.4161,0
2015-04-13 15:27:53,1,0,1.24179,0,6.36697,0,22.4161,0
2015-04-13 15:32:53,0,0,1.22861,0,5.29111,0,22.4161,0
2015-04-13 15:37:53,1,0,1.26036,0,3.4245,0,22.4161,0
2015-04-13 15:42:53,1,0,1.23993,0,4.44296,0,22.4161,0
2015-04-13 15:47:53,0,0,1.21588,0,2.44649,0,22.4161,0
2015-04-13 15:52:53,0,0,1.26108,0,4.47682,0,22.4161,0
2015-04-13 15:57:53,2,0,1.18629,0,6.89048,0,22.4161,0
2015-04-13 16:02:53,3,0,1.2294,0,6.93921,0,22.4161,0
2015-04-13 16:07:53,0,0,1.27953,0,7.07361,0,22.4161,0
2015-04-13 16:12:53,0,0,1.21633,0,9.17948,0,22.4161,0
2015-04-13 16:17:53,0,0,1.18048,0,7.4636,0,22.4161,0
2015-04-13 16:22:53,0,0,1.3229,0,7.45173,0,22.4161,0
2015-04-13 16:27:53,1,0,1.22615,0,6.33284,0,22.4161,0
2015-04-13 16:32:53,0,0,1.22636,0,5.41338,0,22.4161,0
2015-04-13 16:37:53,0,0,1.19971,0,4.64734,0,22.4161,0
2015-04-13 16:42:53,0,0,1.25036,0,7.33087,0,22.4161,0
2015-04-13 16:47:53,1,0,1.16816,0,6.32887,0,22.4161,0
2015-04-13 16:52:53,0,0,1.28699,0,5.26801,0,22.4161,0
2015-04-13 16:57:53,0,0,1.19927,0,4.3744,0,22.4161,0
2015-04-13 17:02:53,1,0,1.26,0,6.27773,0,22.4161,0
2015-04-13 17:07:53,0,0,1.25054,0,5.51951,0,22.4161,0
2015-04-13 17:12:53,0,0,1.208,0,4.36833,0,22.4161,0
2015-04-13 17:17:53,0,0,1.20036,0,7.48906,0,22.4161,0
2015-04-13 17:22:53,0,0,1.2231,0,7.36797,0,22.4161,0
2015-04-13 17:27:53,0,0,1.22275,0,7.24782,0,22.4161,0
2015-04-13 17:32:53,2,0,1.22107,0,6.82454,0,22.4161,0
2015-04-13 17:37:53,2,0,1.22738,0,6.00275,0,22.4161,0
2015-04-13 17:42:53,0,0,1.21157,0,5.117,0,22.4161,0
2015-04-13 17:47:53,1,0,1.20581,0,5.00312,0,22.4161,0
2015-04-13 17:52:53,1,0,1.22327,0,4.31109,0,22.4161,0
2015-04-13 17:57:53,0,0,1.28027,0,2.26961,0,22.4161,0
2015-04-13 18:02:53,1,0,1.17427,0,3.34425,0,22.4161,0
2015-04-13 18:07:53,0,0,1.22115,0,5.40465,0,22.4161,0
2015-04-13 18:12:53,2,0,1.24285,0,3.96823,0,22.4161,0
2015-04-13 18:17:53,4,0,1.19915,0,7.83769,0,22.4161,0
2015-04-13 18:22:53,0,0,1.27299,0,9.05002,0,22.4161,0
2015-04-13 18:27:53,0,0,1.21051,0,11.9428,0,22.4161,0
2015-04-13 18:32:53,0,0,1.19597,0,7.35394,0,22.4161,0
2015-04-13 18:37:53,0,0,1.25339,0,7.43597,0,22.4161,0
2015-04-13 18:42:53,1,0,1.26042,0,6.27688,0,22.4161,0
2015-04-13 18:47:53,0,0,1.21937,0,5.35513,0,22.4161,0
2015-04-13 18:52:53,0,0,1.18236,0,4.5004,0,22.4161,0
2015-04-13 18:57:53,1,0,1.25839,0,6.40237,0,22.4161,0
2015-04-13 19:02:53,1,0,1.21315,0,4.28123,0,22.4161,0
2015-04-13 19:07:53,0,0,1.23402,0,2.27701,0,22.4161,0
2015-04-13 19:12:53,0,0,1.22519,0,4.43549,0,22.4161,0
2015-04-13 19:17:53,1,0,1.21015,0,6.33267,0,22.4161,0
2015-04-13 19:22:53,0,0,1.1992,0,5.36259,0,22.4161,0
2015-04-13 19:27:53,1,0,1.26109,0,3.29508,0,22.4161,0
2015-04-13 19:32:53,0,0,1.21091,0,5.28994,0,22.4161,0
2015-04-13 19:37:53,0,0,1.18482,0,4.33069,0,22.4161,0
2015-04-13 19:42:53,0,0,1.23939,0,7.3899,0,22.4161,0
2015-04-13 19:47:53,1,0,1.23985,0,6.24176,0,22.4161,0
2015-04-13 19:52:53,0,0,1.21348,0,5.27311,0,22.4161,0
2015-04-13 19:57:53,0,0,1.17783,0,4.41136,0,22.4161,0
2015-04-13 20:02:53,0,0,1.18079,0,7.32434,0,22.4161,0
2015-04-13 20:07:53,0,0,1.23683,0,7.1769,0,22.4161,0
2015-04-13 20:12:53,0,0,1.31355,0,7.13189,0,22.4161,0
2015-04-13 20:17:53,0,0,1.18284,0,7.32957,0,22.4161,0
2015-04-13 20:22:53,6,0,1.17271,0,11.1547,0,22.4161,0
2015-04-13 20:27:53,1,0,1.29289,0,19.5451,0,22.4161,0
2015-04-13 20:32:53,0,0,1.19682,0,16.0898,0,22.4161,0
2015-04-13 20:37:53,0,0,1.21299,0,4.30072,0,22.4161,0
2015-04-13 20:42:53,0,0,1.18116,0,7.48529,0,22.4161,0
2015-04-13 20:47:53,0,0,1.22184,0,7.1976,0,22.4161,0
2015-04-13 20:52:53,1,0,1.235,0,6.22314,0,22.4161,0
2015-04-13 20:57:53,0,0,1.21769,0,5.22216,0,22.4161,0
2015-04-13 21:02:53,0,0,1.2468,0,4.35319,0,22.4161,0
2015-04-13 21:07:53,0,0,1.19648,0,7.38717,0,22.4161,0
2015-04-13 21:12:53,0,0,1.20906,0,7.34314,0,22.4161,0
2015-04-13 21:17:53,1,0,1.22388,0,6.34242,0,22.4161,0
2015-04-13 21:22:53,0,0,1.21118,0,5.23144,0,22.4161,0
2015-04-13 21:27:53,5,0,1.20147,0,6.86376,0,22.4161,0
2015-04-13 21:32:53,1,0,1.29695,0,11.4508,0,22.4161,0
2015-04-13 21:37:53,1,0,1.15207,0,12.0664,0,22.4161,0
2015-04-13 21:42:53,0,0,1.29536,0,2.35037,0,22.4161,0
2015-04-13 21:47:53,0,0,1.25302,0,4.49035,0,22.4161,0
2015-04-13 21:52:53,0,0,1.19398,0,7.29996,0,22.4161,0
2015-04-13 21:57:53,1,0,1.23958,0,6.5861,0,22.4161,0
2015-04-13 22:02:53,5,0,1.20024,0,7.90744,0,22.4161,0
2015-04-13 22:07:53,0,0,1.24775,0,9.30301,0,22.4161,0
2015-04-13 22:12:53,2,0,1.17939,0,14.434,0,22.4161,0
2015-04-13 22:17:53,1,0,1.28341,0,5.28461,0,22.4161,0
2015-04-13 22:22:53,1,0,1.19822,0,2.89893,0,22.4161,0
2015-04-13 22:27:53,0,0,1.252,0,2.30322,0,22.4161,0
2015-04-13 22:32:53,0,0,1.2081,0,4.49867,0,22.4161,0
2015-04-13 22:37:53,0,0,1.19439,0,7.30676,0,22.4161,0
2015-04-13 22:42:53,2,0,1.20417,0,6.97779,0,22.4161,0
2015-04-13 22:47:53,1,0,1.24878,0,5.43968,0,22.4161,0
2015-04-13 22:52:53,1,0,1.1975,0,3.07395,0,22.4161,0
2015-04-13 22:57:53,3,0,1.2522,0,2.91258,0,22.4161,0
2015-04-13 23:02:53,0,0,1.21942,0,5.60354,0,22.4161,0
2015-04-13 23:07:53,0,0,1.22531,0,9.13132,0,22.4161,0
2015-04-13 23:12:53,0,0,1.25956,0,7.42074,0,22.4161,0
2015-04-13 23:17:53,0,0,1.14575,0,7.36843,0,22.4161,0
2015-04-13 23:22:53,2,0,1.26255,0,7.0493,0,22.4161,0
2015-04-13 23:27:53,1,0,1.27645,0,7.67663,0,22.4161,0
2015-04-13 23:32:53,1,0,1.18083,0,3.3643,0,22.4161,0
2015-04-13 23:37:53,1,0,1.23978,0,1.52138,0,22.4161,0
2015-04-13 23:42:53,0,0,1.20595,0,2.43078,0,22.4161,0
2015-04-13 23:47:53,1,0,1.21382,0,3.22801,0,22.4161,0
2015-04-13 23:52:53,0,0,1.26384,0,5.34507,0,22.4161,0
2015-04-13 23:57:53,0,0,1.21072,0,4.30934,0,22.4161,0
2015-04-14 00:02:53,0,0,1.22708,0,7.37985,0,22.4161,0
2015-04-14 00:07:53,0,0,1.19996,0,7.44002,0,22.4161,0
2015-04-14 00:12:53,0,0,1.25491,0,7.28626,0,22.4161,0
2015-04-14 00:17:53,1,0,1.24026,0,6.33606,0,22.4161,0
2015-04-14 00:22:53,0,0,1.20058,0,5.34997,0,22.4161,0
2015-04-14 00:27:53,1,0,1.20345,0,3.44585,0,22.4161,0
2015-04-14 00:32:53,0,0,1.2772,0,5.32541,0,22.4161,0
2015-04-14 00:37:53,1,0,1.2088,0,3.28585,0,22.4161,0
2015-04-14 00:42:53,1,0,1.19821,0,4.37357,0,22.4161,0
2015-04-14 00:47:53,0,0,1.22898,0,2.44743,0,22.4161,0
2015-04-14 00:52:53,0,0,1.26449,0,4.25181,0,22.4161,0
2015-04-14 00:57:53,0,0,1.24058,0,7.3171,0,22.4161,0
2015-04-14 01:02:53,0,0,1.17562,0,7.45651,0,22.4161,0
2015-04-14 01:07:53,0,0,1.24628,0,7.45025,0,22.4161,0
2015-04-14 01:12:53,0,0,1.16209,0,7.31926,0,22.4161,0
2015-04-14 01:17:53,0,0,1.21513,0,7.18151,0,22.4161,0
2015-04-14 01:22:53,0,0,1.1873,0,7.27817,0,22.4161,0
2015-04-14 01:27:53,0,0,1.24803,0,7.10384,0,22.4161,0
2015-04-14 01:32:53,1,0,1.24854,0,6.26803,0,22.4161,0
2015-04-14 01:37:53,0,0,1.23087,0,5.3065,0,22.4161,0
2015-04-14 01:42:53,1,0,1.26993,0,3.47205,0,22.4161,0
2015-04-14 01:47:53,0,0,1.20179,0,5.4773,0,22.4161,0
2015-04-14 01:52:53,1,0,1.16938,0,3.43426,0,22.4161,0
2015-04-14 01:57:53,0,0,1.23882,0,5.38276,0,22.4161,0
2015-04-14 02:02:53,0,0,1.18637,0,4.18295,0,22.4161,0
2015-04-14 02:07:53,0,0,1.20744,0,7.17214,0,22.4161,0
2015-04-14 02:12:53,0,0,1.33267,0,7.29664,0,22.4161,0
2015-04-14 02:17:53,1,0,1.13149,0,6.30667,0,22.4161,0
2015-04-14 02:22:53,1,0,1.25765,0,4.41915,0,22.4161,0
2015-04-14 02:27:53,0,0,1.18453,0,2.51864,0,22.4161,0
2015-04-14 02:32:53,0,0,1.20969,0,4.0943,0,22.4161,0
2015-04-14 02:37:53,1,0,1.18621,0,6.35169,0,22.4161,0
2015-04-14 02:42:53,0,0,1.20198,0,5.15917,0,22.4161,0
2015-04-14 02:47:53,0,0,1.20362,0,4.20345,0,22.4161,0
2015-04-14 02:52:53,1,0,1.24614,0,6.1662,0,22.4161,0
2015-04-14 02:57:53,0,0,1.20673,0,5.25932,0,22.4161,0
2015-04-14 03:02:53,1,0,1.19695,0,3.30988,0,22.4161,0
2015-04-14 03:07:53,1,0,1.27091,0,4.34883,0,22.4161,0
2015-04-14 03:12:53,0,0,1.17286,0,2.285,0,22.4161,0
2015-04-14 03:17:53,1,0,1.2199,0,3.30552,0,22.4161,0
2015-04-14 03:22:53,0,0,1.18954,0,5.37834,0,22.4161,0
2015-04-14 03:27:53,0,0,1.25709,0,4.14792,0,22.4161,0
2015-04-14 03:32:53,1,0,1.20705,0,6.29587,0,22.4161,0
2015-04-14 03:37:53,0,0,1.22698,0,5.28985,0,22.4161,0
2015-04-14 03:42:53,0,0,1.20077,0,4.41234,0,22.4161,0
2015-04-14 03:47:53,0,0,1.2395,0,7.27587,0,22.4161,0
2015-04-14 03:52:53,0,0,1.16907,0,7.32198,0,22.4161,0
2015-04-14 03:57:53,0,0,1.21549,0,7.25037,0,22.4161,0
2015-04-14 04:02:53,0,0,1.1832,0,7.27213,0,22.4161,0
2015-04-14 04:07:53,0,0,1.25707,0,7.12137,0,22.4161,0
2015-04-14 04:12:53,0,0,1.18025,0,7.26993,0,22.4161,0
2015-04-14 04:17:53,1,0,1.26161,0,6.24399,0,22.4161,0
2015-04-14 04:22:53,0,0,1.18446,0,5.39332,0,22.4161,0
2015-04-14 04:27:53,0,0,1.21587,0,4.24843,0,22.4161,0
2015-04-14 04:32:53,1,0,1.25336,0,6.36962,0,22.4161,0
2015-04-14 04:37:53,0,0,1.23382,0,5.23848,0,22.4161,0
2015-04-14 04:42:53,0,0,1.17568,0,4.38815,0,22.4161,0
2015-04-14 04:47:53,0,0,1.25687,0,7.40339,0,22.4161,0
2015-04-14 04:52:53,0,0,1.19218,0,7.30967,0,22.4161,0
2015-04-14 04:57:53,0,0,1.22486,0,7.23293,0,22.4161,0
2015-04-14 05:02:53,0,0,1.25804,0,7.37981,0,22.4161,0
2015-04-14 05:07:53,0,0,1.17238,0,7.28429,0,22.4161,0
2015-04-14 05:12:53,0,0,1.25022,0,7.36305,0,22.4161,0
2015-04-14 05:17:53,0,0,1.16189,0,7.3691,0,22.4161,0
2015-04-14 05:22:53,0,0,1.24423,0,7.17948,0,22.4161,0
2015-04-14 05:27:53,0,0,1.19409,0,7.31866,0,22.4161,0
2015-04-14 05:32:53,0,0,1.19822,0,7.16822,0,22.4161,0
2015-04-14 05:37:53,1,0,1.19355,0,6.31907,0,22.4161,0
2015-04-14 05:42:53,0,0,1.2849,0,5.17224,0,22.4161,0
2015-04-14 05:47:53,0,0,1.22229,0,4.26665,0,22.4161,0
2015-04-14 05:52:53,0,0,1.26505,0,7.37272,0,22.4161,0
2015-04-14 05:57:53,0,0,1.14949,0,7.56433,0,22.4161,0
2015-04-14 06:02:53,0,0,1.28405,0,7.34646,0,22.4161,0
2015-04-14 06:07:53,0,0,1.21511,1,7.37817,0,22.4161,0
2015-04-14 06:12:53,0,0,1.16329,1,7.23166,0,22.4161,0
2015-04-14 06:17:53,0,0,1.24473,1,7.44565,0,22.4161,0
2015-04-14 06:22:53,0,0,1.19469,1,7.21664,0,22.4161,0
2015-04-14 06:27:53,0,0,1.22148,1,7.17403,0,22.4161,0
2015-04-14 06:32:53,0,0,1.2579,1,7.34506,0,22.4161,0
2015-04-14 06:37:53,1,0,1.16478,1,6.28492,0,22.4161,0
2015-04-14 06:42:53,0,0,1.18735,1,5.34503,0,22.4161,0
2015-04-14 06:47:53,0,0,1.27786,1,4.29061,0,22.4161,0
2015-04-14 06:52:53,0,0,1.15898,1,7.1469,0,22.4161,0
2015-04-14 06:57:53,0,0,1.17829,1,7.27674,0,22.4161,0
2015-04-14 07:02:53,2,0,1.30315,1,6.97325,0,22.4161,0
2015-04-14 07:07:53,0,0,1.2493,1,6.42352,0,22.4161,0
2015-04-14 07:12:53,0,0,1.16124,1,6.32072,0,22.4161,0
2015-04-14 07:17:53,0,0,1.24639,1,7.5693,0,22.4161,0
2015-04-14 07:22:53,2,0,1.18219,1,6.82399,0,22.4161,0
2015-04-14 07:27:53,0,0,1.23309,1,6.17313,0,22.4161,0
2015-04-14 07:32:53,1,0,1.22362,1,4.8583,0,22.4161,0
2015-04-14 07:37:53,1,0,1.19705,1,4.23636,0,22.4161,0
2015-04-14 07:42:53,0,0,1.21246,1,2.34354,0,22.4161,0
2015-04-14 07:47:53,0,0,1.26408,1,4.2774,0,22.4161,0
2015-04-14 07:52:53,0,0,1.16113,1,7.28014,0,22.4161,0
2015-04-14 07:57:53,0,0,1.16833,1,7.32667,0,22.4161,0
2015-04-14 08:02:53,0,0,1.28325,1,7.28282,0,22.4161,0
2015-04-14 08:07:53,0,0,1.17123,1,7.1033,0,22.4161,0
2015-04-14 08:12:53,0,0,1.22748,1,7.24273,0,22.4161,0
2015-04-14 08:17:53,0,0,1.18658,1,7.41968,0,22.4161,0
2015-04-14 08:22:53,0,0,1.2153,1,7.15522,0,22.4161,0
2015-04-14 08:27:53,0,0,1.26348,1,7.27089,0,22.4161,0
2015-04-14 08:32:53,2,0,1.2368,1,6.72686,0,22.4161,0
2015-04-14 08:37:53,1,0,1.2431,1,5.35575,0,22.4161,0
2015-04-14 08:42:53,0,0,1.20242,1,3.92626,0,22.4161,0
2015-04-14 08:47:53,0,0,1.25033,1,4.39902,0,22.4161,0
2015-04-14 08:52:53,0,0,1.17847,1,7.38446,0,22.4161,0
2015-04-14 08:57:53,0,0,1.25424,1,7.28638,0,22.4161,0
2015-04-14 09:02:53,0,0,1.24143,1,7.36217,0,22.4161,0
2015-04-14 09:07:53,0,0,1.19007,1,7.28532,0,22.4161,0
2015-04-14 09:12:53,0,0,1.17416,1,7.43565,0,22.4161,0
2015-04-14 09:17:53,1,0,1.28235,1,6.27858,0,22.4161,0
2015-04-14 09:22:53,0,0,1.18422,1,5.20089,0,22.4161,0
2015-04-14 09:27:53,0,0,1.19611,1,4.27139,0,22.4161,0
2015-04-14 09:32:53,2,0,1.22174,1,7.01938,0,22.4161,0
2015-04-14 09:37:53,0,0,1.27341,1,6.38217,0,22.4161,0
2015-04-14 09:42:53,0,0,1.16119,1,6.12855,0,22.4161,0
2015-04-14 09:47:53,0,0,1.30034,1,7.37322,0,22.4161,0
2015-04-14 09:52:53,0,0,1.16989,1,7.44293,0,22.4161,0
2015-04-14 09:57:53,0,0,1.22791,1,7.25413,0,22.4161,0
2015-04-14 10:02:53,1,0,1.24176,1,6.4687,0,22.4161,0
2015-04-14 10:07:53,0,0,1.27306,1,5.20725,0,22.4161,0
2015-04-14 10:12:53,0,0,1.16291,1,4.44031,0,22.4161,0
2015-04-14 10:17:53,0,0,1.22861,1,7.4343,0,22.4161,0
2015-04-14 10:22:53,1,0,1.20175,1,6.37362,0,22.4161,0
2015-04-14 10:27:53,0,0,1.26325,1,5.14772,0,22.4161,0
2015-04-14 10:32:53,0,0,1.24829,1,4.35258,0,22.4161,0
2015-04-14 10:37:53,0,0,1.15155,1,7.38002,0,22.4161,0
2015-04-14 10:42:53,0,0,1.22277,1,7.43786,0,22.4161,0
2015-04-14 10:47:53,0,0,1.26399,1,7.27073,0,22.4161,0
2015-04-14 10:52:53,0,0,1.22502,1,7.16418,0,22.4161,0
2015-04-14 10:57:53,0,0,1.16322,1,7.42132,0,22.4161,0
2015-04-14 11:02:53,0,0,1.26762,1,7.40523,0,22.4161,0
2015-04-14 11:07:53,0,0,1.20684,1,7.26911,0,22.4161,0
2015-04-14 11:12:53,2,0,1.2457,1,6.81807,0,22.4161,0
2015-04-14 11:17:53,0,0,1.25735,1,6.63489,0,22.4161,0
2015-04-14 11:22:53,1,0,1.17163,1,5.12823,0,22.4161,0
2015-04-14 11:27:53,1,0,1.25496,1,4.42344,0,22.4161,0
2015-04-14 11:32:53,0,0,1.27232,1,2.37027,0,22.4161,0
2015-04-14 11:37:53,2,0,1.15798,1,3.7525,0,22.4161,0
2015-04-14 11:42:53,1,0,1.2394,1,5.37823,0,22.4161,0
2015-04-14 11:47:53,1,0,1.23,1,2.7384,0,22.4161,0
2015-04-14 11:52:53,0,0,1.21685,1,2.18273,0,22.4161,0
2015-04-14 11:57:53,0,0,1.19663,1,4.39504,0,22.4161,0
2015-04-14 12:02:53,0,0,1.22983,1,7.32034,0,22.4161,0
2015-04-14 12:07:53,0,0,1.22573,1,7.27364,0,22.4161,0
2015-04-14 12:12:53,1,0,1.16203,1,6.27529,0,22.4161,0
2015-04-14 12:17:53,0,0,1.29573,1,5.30298,0,22.4161,0
2015-04-14 12:22:53,0,0,1.17887,1,4.29698,0,22.4161,0
2015-04-14 12:27:53,0,0,1.19588,1,7.25643,0,22.4161,0
2015-04-14 12:32:53,0,0,1.20569,1,7.44079,0,22.4161,0
2015-04-14 12:37:53,0,0,1.22937,1,7.13404,0,22.4161,0
2015-04-14 12:42:53,3,0,1.25903,1,7.76963,0,22.4161,0
2015-04-14 12:47:53,1,0,1.31653,1,7.41734,0,22.4161,0
2015-04-14 12:52:53,0,0,1.16808,1,7.14647,0,22.4161,0
2015-04-14 12:57:53,0,0,1.22952,1,4.57824,0,22.4161,0
2015-04-14 13:02:53,3,0,1.22534,1,8.05624,0,22.4161,0
2015-04-14 13:07:53,2,0,1.27846,1,7.81985,0,22.4161,0
2015-04-14 13:12:53,0,0,1.23708,1,8.13922,0,22.4161,0
2015-04-14 13:17:53,0,0,1.18727,1,6.11797,0,22.4161,0
2015-04-14 13:22:53,0,0,1.21679,1,7.49681,0,22.4161,0
2015-04-14 13:27:53,0,0,1.22438,1,7.30256,0,22.4161,0
2015-04-14 13:32:53,0,0,1.23194,1,7.21976,0,22.4161,0
2015-04-14 13:37:53,0,0,1.17896,1,7.33107,0,22.4161,0
2015-04-14 13:42:53,3,0,1.25263,1,7.95806,0,22.4161,0
2015-04-14 13:47:53,0,0,1.27142,1,8.59053,0,22.4161,0
2015-04-14 13:52:53,0,0,1.18567,1,9.2398,0,22.4161,0
2015-04-14 13:57:53,0,0,1.21306,1,7.48639,0,22.4161,0
2015-04-14 14:02:53,0,0,1.21652,1,7.39866,0,22.4161,0
2015-04-14 14:07:53,0,0,1.23495,1,7.19965,0,22.4161,0
2015-04-14 14:12:53,0,0,1.29107,1,7.30717,0,22.4161,0
2015-04-14 14:17:53,1,0,1.18424,1,6.41054,0,22.4161,0
2015-04-14 14:22:53,0,0,1.21136,1,5.47123,0,22.4161,0
2015-04-14 14:27:53,0,0,1.23801,1,4.45304,0,22.4161,0
2015-04-14 14:32:53,0,0,1.21388,1,7.21344,0,22.4161,0
2015-04-14 14:37:53,0,0,1.25184,1,7.32399,0,22.4161,0
2015-04-14 14:42:53,2,0,1.21983,1,6.88995,0,22.4161,0
2015-04-14 14:47:53,0,0,1.20075,1,6.35779,0,22.4161,0
2015-04-14 14:52:53,0,0,1.20672,1,5.88488,0,22.4161,0
2015-04-14 14:57:53,0,0,1.26035,1,7.26771,0,22.4161,0
2015-04-14 15:02:53,0,0,1.1944,1,7.27605,0,22.4161,0
2015-04-14 15:07:53,0,0,1.24227,1,7.33526,0,22.4161,0
2015-04-14 15:12:53,1,0,1.20184,1,6.41212,0,22.4161,0
2015-04-14 15:17:53,0,0,1.2492,1,5.26958,0,22.4161,0
2015-04-14 15:22:53,0,0,1.19436,1,4.37967,0,22.4161,0
2015-04-14 15:27:53,1,0,1.24157,1,6.29827,0,22.4161,0
2015-04-14 15:32:53,1,0,1.20326,1,4.37788,0,22.4161,0
2015-04-14 15:37:53,1,0,1.26826,1,1.26947,0,22.4161,0
2015-04-14 15:42:53,1,0,1.23353,1,1.39948,0,22.4161,0
2015-04-14 15:47:53,2,0,1.22077,1,1.91277,0,22.4161,0
2015-04-14 15:52:53,1,0,1.27135,1,2.55852,0,22.4161,0
2015-04-14 15:57:53,0,0,1.22056,1,4.01232,0,22.4161,0
2015-04-14 16:02:53,0,0,1.14644,1,4.42559,0,22.4161,0
2015-04-14 16:07:53,0,0,1.23866,1,7.40162,0,22.4161,0
2015-04-14 16:12:53,0,0,1.24274,1,7.19323,0,22.4161,0
2015-04-14 16:17:53,0,0,1.19479,1,7.15937,0,22.4161,0
2015-04-14 16:22:53,0,0,1.19154,1,7.39623,0,22.4161,0
2015-04-14 16:27:53,0,0,1.23025,1,7.30933,0,22.4161,0
2015-04-14 16:32:53,2,0,1.24879,1,6.7372,0,22.4161,0
2015-04-14 16:37:53,1,0,1.22109,1,5.3629,0,22.4161,0
2015-04-14 16:42:53,2,0,1.21261,1,3.58574,0,22.4161,0
2015-04-14 16:47:53,0,0,1.20863,1,3.51679,0,22.4161,0
2015-04-14 16:52:53,0,0,1.24261,1,5.9706,0,22.4161,0
2015-04-14 16:57:53,0,0,1.26193,1,7.29771,0,22.4161,0
2015-04-14 17:02:53,0,0,1.18502,1,7.37305,0,22.4161,0
2015-04-14 17:07:53,1,0,1.21799,1,6.43671,0,22.4161,0
2015-04-14 17:12:53,0,0,1.31593,1,5.37381,0,22.4161,0
2015-04-14 17:17:53,0,0,1.18575,1,4.30696,0,22.4161,0
2015-04-14 17:22:53,0,0,1.20769,1,7.47158,0,22.4161,0
2015-04-14 17:27:53,1,0,1.20159,1,6.52697,0,22.4161,0
2015-04-14 17:32:53,1,0,1.21895,1,4.17422,0,22.4161,0
2015-04-14 17:37:53,0,0,1.20137,1,2.24519,0,22.4161,0
2015-04-14 17:42:53,0,0,1.21292,1,4.24404,0,22.4161,0
2015-04-14 17:47:53,1,0,1.22725,1,6.27251,0,22.4161,0
2015-04-14 17:52:53,0,0,1.23147,1,5.25719,0,22.4161,0
2015-04-14 17:57:53,0,0,1.21255,1,4.32474,0,22.4161,0
2015-04-14 18:02:53,0,0,1.19026,1,7.35726,0,22.4161,0
2015-04-14 18:07:53,0,0,1.19747,1,7.30977,0,22.4161,0
2015-04-14 18:12:53,0,0,1.28502,1,7.21562,0,22.4161,0
2015-04-14 18:17:53,0,0,1.17725,1,7.25073,0,22.4161,0
2015-04-14 18:22:53,0,0,1.18837,1,7.33971,0,22.4161,0
2015-04-14 18:27:53,0,0,1.28129,1,7.39793,0,22.4161,0
2015-04-14 18:32:53,0,0,1.20894,1,7.18977,0,22.4161,0
2015-04-14 18:37:53,1,0,1.24547,1,6.33662,0,22.4161,0
2015-04-14 18:42:53,0,0,1.19585,1,5.5072,0,22.4161,0
2015-04-14 18:47:53,2,0,1.16884,1,3.9219,0,22.4161,0
2015-04-14 18:52:53,0,0,1.29644,1,6.51353,0,22.4161,0
2015-04-14 18:57:53,0,0,1.19955,1,6.04656,0,22.4161,0
2015-04-14 19:02:53,0,0,1.22435,1,7.29895,0,22.4161,0
2015-04-14 19:07:53,0,0,1.19252,1,7.51277,0,22.4161,0
2015-04-14 19:12:53,1,0,1.23119,1,6.23986,0,22.4161,0
2015-04-14 19:17:53,0,0,1.27014,1,5.28928,0,22.4161,0
2015-04-14 19:22:53,1,0,1.21983,1,3.31008,0,22.4161,0
2015-04-14 19:27:53,1,0,1.25398,1,4.4537,0,22.4161,0
2015-04-14 19:32:53,1,0,1.18672,1,1.50408,0,22.4161,0
2015-04-14 19:37:53,2,0,1.21087,1,1.98074,0,22.4161,0
2015-04-14 19:42:53,1,0,1.27274,1,2.59936,0,22.4161,0
2015-04-14 19:47:53,2,0,1.20175,1,3.58884,0,22.4161,0
2015-04-14 19:52:53,3,0,1.24175,1,3.88537,0,22.4161,0
2015-04-14 19:57:53,2,0,1.27621,1,6.53652,0,22.4161,0
2015-04-14 20:02:53,1,0,1.25346,1,7.18747,0,22.4161,0
2015-04-14 20:07:53,2,0,1.19807,1,3.57372,0,22.4161,0
2015-04-14 20:12:53,2,0,1.2597,1,3.12365,0,22.4161,0
2015-04-14 20:17:53,0,0,1.22356,1,5.10318,0,22.4161,0
2015-04-14 20:22:53,1,0,1.227,1,5.14873,0,22.4161,0
2015-04-14 20:27:53,2,0,1.18458,1,4.99921,0,22.4161,0
2015-04-14 20:32:53,2,0,1.2658,1,3.0321,0,22.4161,0
2015-04-14 20:37:53,3,0,1.23458,1,5.68406,0,22.4161,0
2015-04-14 20:42:53,0,0,1.26289,1,7.14925,0,22.4161,0
2015-04-14 20:47:53,3,0,1.1995,1,9.40886,0,22.4161,0
2015-04-14 20:52:53,44,0,1.28182,1,49.9784,0,22.4161,1
2015-04-14 20:57:53,4,0,1.29405,1,93.5305,0,22.4161,1
2015-04-14 21:02:53,2,0,1.17157,1,134.544,0,22.4161,1
2015-04-14 21:07:53,2,0,1.23688,1,10.3949,0,22.4161,0
2015-04-14 21:12:53,3,0,1.1835,1,5.53785,0,22.4161,0
2015-04-14 21:17:53,1,0,1.25299,1,6.19504,0,22.4161,0
2015-04-14 21:22:53,1,0,1.23718,1,5.90936,0,22.4161,0
2015-04-14 21:27:53,1,0,1.17426,1,1.29367,0,22.4161,0
2015-04-14 21:32:53,2,0,1.23461,1,2.05907,0,22.4161,0
2015-04-14 21:37:53,1,0,1.23536,1,2.59762,0,22.4161,0
2015-04-14 21:42:53,2,0,1.19309,1,3.71107,0,22.4161,0
2015-04-14 21:47:53,2,0,1.20542,1,3.04002,0,22.4161,0
2015-04-14 21:52:53,1,0,1.22821,1,4.11315,0,22.4161,0
2015-04-14 21:57:53,0,0,1.23463,1,4.05978,0,22.4161,0
2015-04-14 22:02:53,0,0,1.23622,1,4.30731,0,22.4161,0
2015-04-14 22:07:53,0,0,1.2076,1,7.39009,0,22.4161,0
2015-04-14 22:12:53,0,0,1.19901,1,7.38392,0,22.4161,0
2015-04-14 22:17:53,1,0,1.2647,1,6.32287,0,22.4161,0
2015-04-14 22:22:53,1,0,1.24021,1,4.28553,0,22.4161,0
2015-04-14 22:27:53,1,0,1.21922,1,1.36666,0,22.4161,0
2015-04-14 22:32:53,32,0,1.18054,1,32.0553,0,22.4161,1
2015-04-14 22:37:53,38,0,1.2723,1,99.1017,0,22.4161,1
2015-04-14 22:42:53,0,0,1.21501,1,167.254,0,22.4161,1
2015-04-14 22:47:53,1,0,1.26428,1,113.218,0,22.4161,1
2015-04-14 22:52:53,1,0,1.19949,1,4.51121,0,22.4161,0
2015-04-14 22:57:53,1,0,1.18796,1,1.37308,0,22.4161,0
2015-04-14 23:02:53,0,0,1.24871,1,2.37977,0,22.4161,0
2015-04-14 23:07:53,0,0,1.22898,1,4.22308,0,22.4161,0
2015-04-14 23:12:53,0,0,1.17129,1,7.29027,0,22.4161,0
2015-04-14 23:17:53,0,0,1.24097,1,7.37538,0,22.4161,0
2015-04-14 23:22:53,0,0,1.20589,1,7.27049,0,22.4161,0
2015-04-14 23:27:53,0,0,1.21441,1,7.20169,0,22.4161,0
2015-04-14 23:32:53,0,0,1.19614,1,7.34908,0,22.4161,0
2015-04-14 23:37:53,1,0,1.2786,1,6.24261,0,22.4161,0
2015-04-14 23:42:53,0,0,1.24063,1,5.3141,0,22.4161,0
2015-04-14 23:47:53,0,0,1.1959,1,4.38625,0,22.4161,0
2015-04-14 23:52:53,0,0,1.2139,1,7.51298,0,22.4161,0
2015-04-14 23:57:53,0,0,1.2231,1,7.3276,0,22.4161,0
2015-04-15 00:02:53,0,0,1.24383,1,7.23859,0,22.4161,0
2015-04-15 00:07:53,0,0,1.23025,1,7.33173,0,22.4161,0
2015-04-15 00:12:53,0,0,1.17411,1,7.38722,0,22.4161,0
2015-04-15 00:17:53,0,0,1.2193,1,7.36611,0,22.4161,0
2015-04-15 00:22:53,0,0,1.25313,1,7.25827,0,22.4161,0
2015-04-15 00:27:53,0,0,1.17572,1,7.21407,0,22.4161,0
2015-04-15 00:32:53,0,0,1.27894,1,7.33988,0,22.4161,0
2015-04-15 00:37:53,0,0,1.16093,1,7.38977,0,22.4161,0
2015-04-15 00:42:53,0,0,1.19555,1,7.24598,0,22.4161,0
2015-04-15 00:47:53,0,0,1.22828,1,7.35424,0,22.4161,0
2015-04-15 00:52:53,0,0,1.20291,1,7.10219,0,22.4161,0
2015-04-15 00:57:53,0,0,1.16766,1,7.24614,0,22.4161,0
2015-04-15 01:02:53,0,0,1.28447,1,7.25832,0,22.4161,0
2015-04-15 01:07:53,0,0,1.20206,1,7.22854,0,22.4161,0
2015-04-15 01:12:53,0,0,1.18645,1,7.27399,0,22.4161,0
2015-04-15 01:17:53,0,0,1.20571,1,7.44398,0,22.4161,0
2015-04-15 01:22:53,0,0,1.27979,1,7.18478,0,22.4161,0
2015-04-15 01:27:53,0,0,1.15984,1,7.25056,0,22.4161,0
2015-04-15 01:32:53,0,0,1.18755,1,7.33656,0,22.4161,0
2015-04-15 01:37:53,0,0,1.22257,1,7.3466,0,22.4161,0
2015-04-15 01:42:53,1,0,1.16498,1,6.0772,0,22.4161,0
2015-04-15 01:47:53,0,0,1.19788,1,5.17278,0,22.4161,0
2015-04-15 01:52:53,0,0,1.1714,1,4.19556,0,22.4161,0
2015-04-15 01:57:53,0,0,1.20487,1,7.06211,0,22.4161,0
2015-04-15 02:02:53,0,0,1.27608,1,7.14133,0,22.4161,0
2015-04-15 02:07:53,0,0,1.20631,1,7.20002,0,22.4161,0
2015-04-15 02:12:53,0,0,1.15937,1,7.37307,0,22.4161,0
2015-04-15 02:17:53,0,0,1.22306,1,7.40021,0,22.4161,0
2015-04-15 02:22:53,0,0,1.18855,1,7.16072,0,22.4161,0
2015-04-15 02:27:53,0,0,1.21161,1,7.11276,0,22.4161,0
2015-04-15 02:32:53,0,0,1.2059,1,7.25788,0,22.4161,0
2015-04-15 02:37:53,0,0,1.18941,1,7.19476,0,22.4161,0
2015-04-15 02:42:53,0,0,1.2565,1,7.23605,0,22.4161,0
2015-04-15 02:47:53,0,0,1.27885,1,7.25303,0,22.4161,0
2015-04-15 02:52:53,0,0,1.15723,1,7.36009,0,22.4161,0
2015-04-15 02:57:53,0,0,1.15651,1,7.48445,0,22.4161,0
2015-04-15 03:02:53,0,0,1.21134,1,7.30754,0,22.4161,0
2015-04-15 03:07:53,1,0,1.21212,1,5.99606,0,22.4161,0
2015-04-15 03:12:53,0,0,1.16095,1,5.10435,0,22.4161,0
2015-04-15 03:17:53,1,0,1.20948,1,3.21922,0,22.4161,0
2015-04-15 03:22:53,0,0,1.19272,1,5.16775,0,22.4161,0
2015-04-15 03:27:53,0,0,1.16667,1,4.09453,0,22.4161,0
2015-04-15 03:32:53,0,0,1.17829,1,7.18055,0,22.4161,0
2015-04-15 03:37:53,0,0,1.16347,1,7.08981,0,22.4161,0
2015-04-15 03:42:53,0,0,1.17508,1,7.02007,0,22.4161,0
2015-04-15 03:47:53,0,0,1.2279,1,7.03689,0,22.4161,0
2015-04-15 03:52:53,0,0,1.17299,1,7.06847,0,22.4161,0
2015-04-15 03:57:53,0,0,1.19057,1,7.15403,0,22.4161,0
2015-04-15 04:02:53,0,0,1.17001,1,7.22026,0,22.4161,0
2015-04-15 04:07:53,0,0,1.23526,1,7.07013,0,22.4161,0
2015-04-15 04:12:53,0,0,1.18176,1,7.14698,0,22.4161,0
2015-04-15 04:17:53,0,0,1.23745,1,7.16232,0,22.4161,0
2015-04-15 04:22:53,0,0,1.2125,1,7.30674,0,22.4161,0
2015-04-15 04:27:53,0,0,1.22343,1,7.23266,0,22.4161,0
2015-04-15 04:32:53,0,0,1.23585,1,7.36076,0,22.4161,0
2015-04-15 04:37:53,1,0,1.17279,1,6.32021,0,22.4161,0
2015-04-15 04:42:53,0,0,1.29197,1,5.31478,0,22.4161,0
2015-04-15 04:47:53,1,0,1.16814,1,3.3451,0,22.4161,0
2015-04-15 04:52:53,0,0,1.26525,1,5.27044,0,22.4161,0
2015-04-15 04:57:53,0,0,1.13503,1,4.47745,0,22.4161,0
2015-04-15 05:02:53,0,0,1.28376,1,7.16995,0,22.4161,0
2015-04-15 05:07:53,0,0,1.18367,1,7.34958,0,22.4161,0
2015-04-15 05:12:53,0,0,1.27602,1,7.15629,0,22.4161,0
2015-04-15 05:17:53,1,0,1.1815,1,6.49463,0,22.4161,0
2015-04-15 05:22:53,0,0,1.25101,1,5.28453,0,22.4161,0
2015-04-15 05:27:53,0,0,1.1662,1,4.44205,0,22.4161,0
2015-04-15 05:32:53,0,0,1.24383,1,7.21271,0,22.4161,0
2015-04-15 05:37:53,0,0,1.17051,1,7.32926,0,22.4161,0
2015-04-15 05:42:53,0,0,1.24676,1,7.15677,0,22.4161,0
2015-04-15 05:47:53,0,0,1.206,1,7.31928,0,22.4161,0
2015-04-15 05:52:53,0,0,1.29113,1,7.21106,0,22.4161,0
2015-04-15 05:57:53,0,0,1.20347,1,7.44342,0,22.4161,0
2015-04-15 06:02:53,0,0,1.23193,1,7.40374,0,22.4161,0
2015-04-15 06:07:53,0,0,1.2057,1,7.51228,0,22.4161,0
2015-04-15 06:12:53,0,0,1.22579,1,7.27999,0,22.4161,0
2015-04-15 06:17:53,0,0,1.19336,1,7.33299,0,22.4161,0
2015-04-15 06:22:53,0,0,1.21813,1,7.26206,0,22.4161,0
2015-04-15 06:27:53,1,0,1.17773,1,6.28224,0,22.4161,0
2015-04-15 06:32:53,0,0,1.28279,1,5.19408,0,22.4161,0
2015-04-15 06:37:53,0,0,1.18128,1,4.29264,0,22.4161,0
2015-04-15 06:42:53,1,0,1.22704,1,6.28007,0,22.4161,0
2015-04-15 06:47:53,0,0,1.28165,1,5.43798,0,22.4161,0
2015-04-15 06:52:53,0,0,1.15831,1,4.27956,0,22.4161,0
2015-04-15 06:57:53,0,0,1.22185,1,7.40273,0,22.4161,0
2015-04-15 07:02:53,0,0,1.19511,1,7.3834,0,22.4161,0
2015-04-15 07:07:53,0,0,1.19558,1,7.11372,0,22.4161,0
2015-04-15 07:12:53,0,0,1.27256,1,7.25133,0,22.4161,0
2015-04-15 07:17:53,0,0,1.20681,1,7.24904,0,22.4161,0
2015-04-15 07:22:53,0,0,1.22075,1,7.33866,0,22.4161,0
2015-04-15 07:27:53,1,0,1.24785,1,6.45205,0,22.4161,0
2015-04-15 07:32:53,1,0,1.24728,1,4.30979,0,22.4161,0
2015-04-15 07:37:53,0,0,1.22077,1,2.40523,0,22.4161,0
2015-04-15 07:42:53,0,0,1.17048,1,4.45887,0,22.4161,0
2015-04-15 07:47:53,0,0,1.2185,1,7.35386,0,22.4161,0
2015-04-15 07:52:53,0,0,1.23676,1,7.22178,0,22.4161,0
2015-04-15 07:57:53,0,0,1.19509,1,7.18521,0,22.4161,0
2015-04-15 08:02:53,0,0,1.24685,1,7.32409,0,22.4161,0
2015-04-15 08:07:53,0,0,1.20523,1,7.34729,0,22.4161,0
2015-04-15 08:12:53,0,0,1.20175,1,7.28419,0,22.4161,0
2015-04-15 08:17:53,0,0,1.23366,1,7.35276,0,22.4161,0
2015-04-15 08:22:53,0,0,1.17616,1,7.25285,0,22.4161,0
2015-04-15 08:27:53,1,0,1.21857,1,6.24874,0,22.4161,0
2015-04-15 08:32:53,0,0,1.22097,1,5.27189,0,22.4161,0
2015-04-15 08:37:53,0,0,1.24292,1,4.18661,0,22.4161,0
2015-04-15 08:42:53,0,0,1.22802,1,7.34058,0,22.4161,0
2015-04-15 08:47:53,1,0,1.23662,1,6.37678,0,22.4161,0
2015-04-15 08:52:53,0,0,1.22171,1,5.42142,0,22.4161,0
2015-04-15 08:57:53,0,0,1.27546,1,4.37901,0,22.4161,0
2015-04-15 09:02:53,0,0,1.1859,1,7.42874,0,22.4161,0
2015-04-15 09:07:53,0,0,1.19402,1,7.40196,0,22.4161,0
2015-04-15 09:12:53,0,0,1.2136,1,7.3922,0,22.4161,0
2015-04-15 09:17:53,1,0,1.22975,1,6.15934,0,22.4161,0
2015-04-15 09:22:53,0,0,1.20655,1,5.23901,0,22.4161,0
2015-04-15 09:27:53,0,0,1.28223,1,4.30686,0,22.4161,0
2015-04-15 09:32:53,0,0,1.2087,1,7.3846,0,22.4161,0
2015-04-15 09:37:53,0,0,1.1343,1,7.39282,0,22.4161,0
2015-04-15 09:42:53,0,0,1.23036,1,7.39838,0,22.4161,0
2015-04-15 09:47:53,0,0,1.20518,1,7.12506,0,22.4161,0
2015-04-15 09:52:53,0,0,1.19584,1,7.06881,0,22.4161,0
2015-04-15 09:57:53,0,0,1.26359,1,7.29728,0,22.4161,0
2015-04-15 10:02:53,0,0,1.18891,1,7.2708,0,22.4161,0
2015-04-15 10:07:53,0,0,1.19532,1,7.30361,0,22.4161,0
2015-04-15 10:12:53,0,0,1.26862,1,7.36393,0,22.4161,0
2015-04-15 10:17:53,0,0,1.19129,1,7.22602,0,22.4161,0
2015-04-15 10:22:53,0,0,1.26669,1,7.31451,0,22.4161,0
2015-04-15 10:27:53,0,0,1.17693,1,7.45514,0,22.4161,0
2015-04-15 10:32:53,0,0,1.1926,1,7.28418,0,22.4161,0
2015-04-15 10:37:53,0,0,1.22701,1,7.34653,0,22.4161,0
2015-04-15 10:42:53,1,0,1.27026,1,6.143,0,22.4161,0
2015-04-15 10:47:53,0,0,1.19264,1,5.30207,0,22.4161,0
2015-04-15 10:52:53,0,0,1.2185,1,4.41417,0,22.4161,0
2015-04-15 10:57:53,0,0,1.2521,1,7.41454,0,22.4161,0
2015-04-15 11:02:53,1,0,1.19375,1,6.26701,0,22.4161,0
2015-04-15 11:07:53,0,0,1.18095,1,5.35345,0,22.4161,0
2015-04-15 11:12:53,0,0,1.29513,1,4.32474,0,22.4161,0
2015-04-15 11:17:53,0,0,1.15727,1,7.23828,0,22.4161,0
2015-04-15 11:22:53,0,0,1.19282,1,7.29038,0,22.4161,0
2015-04-15 11:27:53,1,0,1.22229,1,6.39276,0,22.4161,0
2015-04-15 11:32:53,1,0,1.25096,1,4.07975,0,22.4161,0
2015-04-15 11:37:53,0,0,1.21815,1,2.274,0,22.4161,0
2015-04-15 11:42:53,0,0,1.2292,1,4.38694,0,22.4161,0
2015-04-15 11:47:53,0,0,1.19285,1,7.41838,0,22.4161,0
2015-04-15 11:52:53,0,0,1.20413,1,7.30568,0,22.4161,0
2015-04-15 11:57:53,0,0,1.24433,1,7.27742,0,22.4161,0
2015-04-15 12:02:53,0,0,1.20141,1,7.23115,0,22.4161,0
2015-04-15 12:07:53,0,0,1.22107,1,7.30246,0,22.4161,0
2015-04-15 12:12:53,0,0,1.2316,1,7.35689,0,22.4161,0
2015-04-15 12:17:53,1,0,1.23886,1,6.27797,0,22.4161,0
2015-04-15 12:22:53,1,0,1.16648,1,4.36526,0,22.4161,0
2015-04-15 12:27:53,0,0,1.24246,1,2.33901,0,22.4161,0
2015-04-15 12:32:53,0,0,1.18198,1,4.292,0,22.4161,0
2015-04-15 12:37:53,0,0,1.29648,1,7.16634,0,22.4161,0
2015-04-15 12:42:53,2,0,1.19332,1,6.79487,0,22.4161,0
2015-04-15 12:47:53,1,0,1.28063,1,5.14632,0,22.4161,0
2015-04-15 12:52:53,0,0,1.16379,1,3.77784,0,22.4161,0
2015-04-15 12:57:53,1,0,1.32485,1,3.30501,0,22.4161,0
2015-04-15 13:02:53,1,0,1.19885,1,4.49432,0,22.4161,0
2015-04-15 13:07:53,0,0,1.2026,1,2.3399,0,22.4161,0
2015-04-15 13:12:53,0,0,1.2147,1,4.57483,0,22.4161,0
2015-04-15 13:17:53,1,0,1.20921,1,6.21644,0,22.4161,0
2015-04-15 13:22:53,0,0,1.22623,1,5.24641,0,22.4161,0
2015-04-15 13:27:53,0,0,1.29351,1,4.28876,0,22.4161,0
2015-04-15 13:32:53,2,0,1.1965,1,6.78659,0,22.4161,0
2015-04-15 13:37:53,2,0,1.20282,1,5.89517,0,22.4161,0
2015-04-15 13:42:53,0,0,1.25788,1,4.92929,0,22.4161,0
2015-04-15 13:47:53,2,0,1.2468,1,5.55824,0,22.4161,0
2015-04-15 13:52:53,0,0,1.23411,1,6.33949,0,22.4161,0
2015-04-15 13:57:53,0,0,1.18612,1,5.95405,0,22.4161,0
2015-04-15 14:02:53,0,0,1.2562,1,7.39473,0,22.4161,0
2015-04-15 14:07:53,0,0,1.20539,1,7.33077,0,22.4161,0
2015-04-15 14:12:53,0,0,1.27601,1,7.27613,0,22.4161,0
2015-04-15 14:17:53,0,0,1.25162,1,7.45538,0,22.4161,0
2015-04-15 14:22:53,0,0,1.1781,1,7.41981,0,22.4161,0
2015-04-15 14:27:53,1,0,1.22205,1,6.50937,0,22.4161,0
2015-04-15 14:32:53,1,0,1.25681,1,4.33311,0,22.4161,0
2015-04-15 14:37:53,0,0,1.22675,1,2.2352,0,22.4161,0
2015-04-15 14:42:53,1,0,1.23597,1,3.4065,0,22.4161,0
2015-04-15 14:47:53,0,0,1.20904,1,5.45988,0,22.4161,0
2015-04-15 14:52:53,0,0,1.24175,1,4.36122,0,22.4161,0
2015-04-15 14:57:53,0,0,1.29189,1,7.36773,0,22.4161,0
2015-04-15 15:02:53,4,0,1.21063,1,8.81872,0,22.4161,0
2015-04-15 15:07:53,0,0,1.25633,1,10.3521,0,22.4161,0
2015-04-15 15:12:53,0,0,1.24091,0,11.8019,0,22.4161,0
2015-04-15 15:17:53,0,0,1.21098,0,7.38547,0,22.4161,0
2015-04-15 15:22:53,1,0,1.16545,0,6.46179,0,22.4161,0
2015-04-15 15:27:53,0,0,1.27167,0,5.31013,0,22.4161,0
2015-04-15 15:32:53,0,0,1.26698,0,4.23551,0,22.4161,0
2015-04-15 15:37:53,0,0,1.15414,0,7.30668,0,22.4161,0
2015-04-15 15:42:53,1,0,1.26866,0,6.5031,0,22.4161,0
2015-04-15 15:47:53,0,0,1.26312,0,5.37788,0,22.4161,0
2015-04-15 15:52:53,0,0,1.16878,0,4.26287,0,22.4161,0
2015-04-15 15:57:53,0,0,1.19619,0,7.50102,0,22.4161,0
2015-04-15 16:02:53,0,0,1.23687,0,7.32313,0,22.4161,0
2015-04-15 16:07:53,0,0,1.21629,0,7.1356,0,22.4161,0
2015-04-15 16:12:53,1,0,1.25747,0,6.2786,0,22.4161,0
2015-04-15 16:17:53,0,0,1.20439,0,5.40064,0,22.4161,0
2015-04-15 16:22:53,0,0,1.22904,0,4.36818,0,22.4161,0
2015-04-15 16:27:53,2,0,1.2718,0,6.95213,0,22.4161,0
2015-04-15 16:32:53,2,0,1.25358,0,5.88327,0,22.4161,0
2015-04-15 16:37:53,0,0,1.22706,0,5.02285,0,22.4161,0
2015-04-15 16:42:53,2,0,1.1727,0,5.46468,0,22.4161,0
2015-04-15 16:47:53,0,0,1.24886,0,6.47932,0,22.4161,0
2015-04-15 16:52:53,0,0,1.19116,0,5.91307,0,22.4161,0
2015-04-15 16:57:53,0,0,1.30727,0,7.20698,0,22.4161,0
2015-04-15 17:02:53,1,0,1.18415,0,6.43617,0,22.4161,0
2015-04-15 17:07:53,0,0,1.21034,0,5.37218,0,22.4161,0
2015-04-15 17:12:53,0,0,1.2416,0,4.50045,0,22.4161,0
2015-04-15 17:17:53,1,0,1.26483,0,6.21473,0,22.4161,0
2015-04-15 17:22:53,0,0,1.12387,0,5.37905,0,22.4161,0
2015-04-15 17:27:53,1,0,1.2631,0,3.37833,0,22.4161,0
2015-04-15 17:32:53,5,0,1.20888,0,7.77912,0,22.4161,0
2015-04-15 17:37:53,0,0,1.26416,0,9.0543,0,22.4161,0
2015-04-15 17:42:53,3,0,1.19425,0,15.3643,0,22.4161,0
2015-04-15 17:47:53,3,0,1.30575,0,8.90406,0,22.4161,0
2015-04-15 17:52:53,2,0,1.18561,0,9.51327,0,22.4161,0
2015-04-15 17:57:53,0,0,1.27234,0,7.99137,0,22.4161,0
2015-04-15 18:02:53,1,0,1.20726,0,4.72631,0,22.4161,0
2015-04-15 18:07:53,0,0,1.21454,0,5.30877,0,22.4161,0
2015-04-15 18:12:53,1,0,1.21969,0,3.44608,0,22.4161,0
2015-04-15 18:17:53,3,0,1.22447,0,5.83118,0,22.4161,0
2015-04-15 18:22:53,1,0,1.21291,0,4.4287,0,22.4161,0
2015-04-15 18:27:53,0,0,1.24631,0,7.00277,0,22.4161,0
2015-04-15 18:32:53,0,0,1.23644,0,4.34554,0,22.4161,0
2015-04-15 18:37:53,0,0,1.18079,0,7.36779,0,22.4161,0
2015-04-15 18:42:53,1,0,1.2648,0,6.39261,0,22.4161,0
2015-04-15 18:47:53,1,0,1.20799,0,4.3357,0,22.4161,0
2015-04-15 18:52:53,0,0,1.22543,0,2.27995,0,22.4161,0
2015-04-15 18:57:53,0,0,1.26558,0,4.43581,0,22.4161,0
2015-04-15 19:02:53,1,0,1.22526,0,6.34042,0,22.4161,0
2015-04-15 19:07:53,1,0,1.20127,0,4.43273,0,22.4161,0
2015-04-15 19:12:53,1,0,1.30902,0,1.44855,0,22.4161,0
2015-04-15 19:17:53,0,0,1.2438,0,2.38735,0,22.4161,0
2015-04-15 19:22:53,2,0,1.16189,0,3.97806,0,22.4161,0
2015-04-15 19:27:53,3,0,1.29193,0,7.27758,0,22.4161,0
2015-04-15 19:32:53,0,0,1.22357,0,7.23675,0,22.4161,0
2015-04-15 19:37:53,0,0,1.18049,0,9.32175,0,22.4161,0
2015-04-15 19:42:53,0,0,1.25002,0,7.50343,0,22.4161,0
2015-04-15 19:47:53,1,0,1.23669,0,6.28172,0,22.4161,0
2015-04-15 19:52:53,0,0,1.20901,0,5.27821,0,22.4161,0
2015-04-15 19:57:53,0,0,1.22859,0,4.43246,0,22.4161,0
2015-04-15 20:02:53,1,0,1.17941,0,6.35668,0,22.4161,0
2015-04-15 20:07:53,0,0,1.23825,0,5.26362,0,22.4161,0
2015-04-15 20:12:53,0,0,1.25236,0,4.28283,0,22.4161,0
2015-04-15 20:17:53,0,0,1.23963,0,7.26709,0,22.4161,0
2015-04-15 20:22:53,1,0,1.19889,0,6.4591,0,22.4161,0
2015-04-15 20:27:53,2,0,1.24517,0,5.03747,0,22.4161,0
2015-04-15 20:32:53,1,0,1.27382,0,2.56629,0,22.4161,0
2015-04-15 20:37:53,3,0,1.22731,0,4.61985,0,22.4161,0
2015-04-15 20:42:53,0,0,1.25298,0,5.4152,0,22.4161,0
2015-04-15 20:47:53,0,0,1.18745,0,8.88617,0,22.4161,0
2015-04-15 20:52:53,1,0,1.23575,0,6.37536,0,22.4161,0
2015-04-15 20:57:53,2,0,1.25769,0,4.8981,0,22.4161,0
2015-04-15 21:02:53,0,0,1.26277,0,3.34855,0,22.4161,0
2015-04-15 21:07:53,0,0,1.16143,0,6.07091,0,22.4161,0
2015-04-15 21:12:53,0,0,1.2624,0,7.46004,0,22.4161,0
2015-04-15 21:17:53,0,0,1.20778,0,7.37357,0,22.4161,0
2015-04-15 21:22:53,1,0,1.23226,0,6.21687,0,22.4161,0
2015-04-15 21:27:53,0,0,1.20675,0,5.43501,0,22.4161,0
2015-04-15 21:32:53,2,0,1.20037,0,3.8811,0,22.4161,0
2015-04-15 21:37:53,0,0,1.23317,0,6.48366,0,22.4161,0
2015-04-15 21:42:53,0,0,1.27654,0,6.01367,0,22.4161,0
2015-04-15 21:47:53,0,0,1.22254,0,7.34399,0,22.4161,0
2015-04-15 21:52:53,0,0,1.19751,0,7.47513,0,22.4161,0
2015-04-15 21:57:53,0,0,1.25802,0,7.47221,0,22.4161,0
2015-04-15 22:02:53,0,0,1.26226,0,7.32066,0,22.4161,0
2015-04-15 22:07:53,0,0,1.15148,0,7.37083,0,22.4161,0
2015-04-15 22:12:53,0,0,1.25381,0,7.45005,0,22.4161,0
2015-04-15 22:17:53,0,0,1.19756,0,7.34355,0,22.4161,0
2015-04-15 22:22:53,0,0,1.19538,0,7.15962,0,22.4161,0
2015-04-15 22:27:53,0,0,1.23085,0,7.35192,0,22.4161,0
2015-04-15 22:32:53,0,0,1.21971,0,7.2143,0,22.4161,0
2015-04-15 22:37:53,0,0,1.17119,0,7.26755,0,22.4161,0
2015-04-15 22:42:53,2,0,1.16584,0,6.96079,0,22.4161,0
2015-04-15 22:47:53,0,0,1.23285,0,6.4826,0,22.4161,0
2015-04-15 22:52:53,1,0,1.2474,0,5.05096,0,22.4161,0
2015-04-15 22:57:53,0,0,1.22467,0,5.21063,0,22.4161,0
2015-04-15 23:02:53,1,0,1.16726,0,3.41803,0,22.4161,0
2015-04-15 23:07:53,1,0,1.22869,0,4.35881,0,22.4161,0
2015-04-15 23:12:53,0,0,1.23353,0,2.23722,0,22.4161,0
2015-04-15 23:17:53,2,0,1.21427,0,3.72562,0,22.4161,0
2015-04-15 23:22:53,0,0,1.23788,0,6.43329,0,22.4161,0
2015-04-15 23:27:53,0,0,1.21667,0,5.96583,0,22.4161,0
2015-04-15 23:32:53,1,0,1.23314,0,6.33526,0,22.4161,0
2015-04-15 23:37:53,2,0,1.23272,0,4.91386,0,22.4161,0
2015-04-15 23:42:53,3,0,1.22669,0,3.95102,0,22.4161,0
2015-04-15 23:47:53,0,0,1.22017,0,7.06183,0,22.4161,0
2015-04-15 23:52:53,0,0,1.18503,0,8.97538,0,22.4161,0
2015-04-15 23:57:53,1,0,1.25901,0,6.30542,0,22.4161,0
2015-04-16 00:02:53,0,0,1.18606,0,5.28957,0,22.4161,0
2015-04-16 00:07:53,0,0,1.26434,0,4.25917,0,22.4161,0
2015-04-16 00:12:53,0,0,1.18992,0,7.41349,0,22.4161,0
2015-04-16 00:17:53,0,0,1.22776,0,7.27677,0,22.4161,0
2015-04-16 00:22:53,0,0,1.21956,0,7.4006,0,22.4161,0
2015-04-16 00:27:53,0,0,1.20835,0,7.24483,0,22.4161,0
2015-04-16 00:32:53,0,0,1.19496,0,7.33075,0,22.4161,0
2015-04-16 00:37:53,1,0,1.2736,0,6.27033,0,22.4161,0
2015-04-16 00:42:53,2,0,1.21574,0,4.74135,0,22.4161,0
2015-04-16 00:47:53,1,0,1.28305,0,2.2534,0,22.4161,0
2015-04-16 00:52:53,1,0,1.19889,0,2.89373,0,22.4161,0
2015-04-16 00:57:53,0,0,1.20719,0,2.41222,0,22.4161,0
2015-04-16 01:02:53,0,0,1.23606,0,4.45413,0,22.4161,0
2015-04-16 01:07:53,0,0,1.25532,0,7.2471,0,22.4161,0
2015-04-16 01:12:53,0,0,1.21634,0,7.34901,0,22.4161,0
2015-04-16 01:17:53,0,0,1.18083,0,7.43517,0,22.4161,0
2015-04-16 01:22:53,0,0,1.18794,0,7.37949,0,22.4161,0
2015-04-16 01:27:53,0,0,1.2187,0,7.19863,0,22.4161,0
2015-04-16 01:32:53,0,0,1.22656,0,7.13707,0,22.4161,0
2015-04-16 01:37:53,1,0,1.19815,0,6.2278,0,22.4161,0
2015-04-16 01:42:53,0,0,1.25222,0,5.30738,0,22.4161,0
2015-04-16 01:47:53,0,0,1.1665,0,4.32821,0,22.4161,0
2015-04-16 01:52:53,0,0,1.26166,0,7.26541,0,22.4161,0
2015-04-16 01:57:53,0,0,1.16634,0,7.35133,0,22.4161,0
2015-04-16 02:02:53,1,0,1.22016,0,6.18916,0,22.4161,0
2015-04-16 02:07:53,1,0,1.2595,0,4.33782,0,22.4161,0
2015-04-16 02:12:53,0,0,1.22823,0,2.19883,0,22.4161,0
2015-04-16 02:17:53,0,0,1.22018,0,4.40771,0,22.4161,0
2015-04-16 02:22:53,0,0,1.22252,0,7.45515,0,22.4161,0
2015-04-16 02:27:53,1,0,1.20524,0,6.34756,0,22.4161,0
2015-04-16 02:32:53,0,0,1.25019,0,5.31082,0,22.4161,0
2015-04-16 02:37:53,0,0,1.2008,0,4.32823,0,22.4161,0
2015-04-16 02:42:53,0,0,1.23164,0,7.3169,0,22.4161,0
2015-04-16 02:47:53,0,0,1.23339,0,7.3838,0,22.4161,0
2015-04-16 02:52:53,0,0,1.20516,0,7.29906,0,22.4161,0
2015-04-16 02:57:53,0,0,1.21463,0,7.36684,0,22.4161,0
2015-04-16 03:02:53,0,0,1.21939,0,7.32511,0,22.4161,0
2015-04-16 03:07:53,0,0,1.23337,0,7.26413,0,22.4161,0
2015-04-16 03:12:53,0,0,1.26084,0,7.31604,0,22.4161,0
2015-04-16 03:17:53,0,0,1.16918,0,7.38576,0,22.4161,0
2015-04-16 03:22:53,0,0,1.21703,0,7.39097,0,22.4161,0
2015-04-16 03:27:53,0,0,1.27358,0,7.3379,0,22.4161,0
2015-04-16 03:32:53,0,0,1.2137,0,7.21518,0,22.4161,0
2015-04-16 03:37:53,0,0,1.21559,0,7.41193,0,22.4161,0
2015-04-16 03:42:53,0,0,1.1671,0,7.46372,0,22.4161,0
2015-04-16 03:47:53,0,0,1.23746,0,7.23938,0,22.4161,0
2015-04-16 03:52:53,0,0,1.23837,0,7.21844,0,22.4161,0
2015-04-16 03:57:53,0,0,1.16643,0,7.21459,0,22.4161,0
2015-04-16 04:02:53,1,0,1.19546,0,6.35555,0,22.4161,0
2015-04-16 04:07:53,1,0,1.21695,0,4.24343,0,22.4161,0
2015-04-16 04:12:53,0,0,1.2373,0,2.10717,0,22.4161,0
2015-04-16 04:17:53,1,0,1.15145,0,3.25758,0,22.4161,0
2015-04-16 04:22:53,0,0,1.25769,0,5.2769,0,22.4161,0
2015-04-16 04:27:53,1,0,1.17723,0,3.27247,0,22.4161,0
2015-04-16 04:32:53,0,0,1.19516,0,5.14694,0,22.4161,0
2015-04-16 04:37:53,0,0,1.18224,0,4.32268,0,22.4161,0
2015-04-16 04:42:53,0,0,1.20357,0,7.10425,0,22.4161,0
2015-04-16 04:47:53,0,0,1.22061,0,7.15353,0,22.4161,0
2015-04-16 04:52:53,0,0,1.28171,0,7.17445,0,22.4161,0
2015-04-16 04:57:53,0,0,1.19091,0,7.33363,0,22.4161,0
2015-04-16 05:02:53,0,0,1.21299,0,7.41615,0,22.4161,0
2015-04-16 05:07:53,0,0,1.21947,0,7.43995,0,22.4161,0
2015-04-16 05:12:53,0,0,1.20211,0,7.2182,0,22.4161,0
2015-04-16 05:17:53,0,0,1.20323,0,7.28003,0,22.4161,0
2015-04-16 05:22:53,0,0,1.18831,0,7.26586,0,22.4161,0
2015-04-16 05:27:53,0,0,1.22409,0,7.20109,0,22.4161,0
2015-04-16 05:32:53,0,0,1.24064,0,7.21038,0,22.4161,0
2015-04-16 05:37:53,0,0,1.1993,0,7.25374,0,22.4161,0
2015-04-16 05:42:53,0,0,1.15986,0,7.35285,0,22.4161,0
2015-04-16 05:47:53,0,0,1.23153,0,7.28039,0,22.4161,0
2015-04-16 05:52:53,0,0,1.19904,0,7.14914,0,22.4161,0
2015-04-16 05:57:53,0,0,1.24672,0,7.14167,0,22.4161,0
2015-04-16 06:02:53,0,0,1.20314,0,7.33939,0,22.4161,0
2015-04-16 06:07:53,0,0,1.17871,0,7.29371,0,22.4161,0
2015-04-16 06:12:53,0,0,1.2516,0,7.32516,0,22.4161,0
2015-04-16 06:17:53,0,0,1.22928,0,7.21845,0,22.4161,0
2015-04-16 06:22:53,0,0,1.21534,0,7.26861,0,22.4161,0
2015-04-16 06:27:53,1,0,1.14948,0,6.42869,0,22.4161,0
2015-04-16 06:32:53,0,0,1.23313,0,5.26798,0,22.4161,0
2015-04-16 06:37:53,1,0,1.21156,0,3.1781,0,22.4161,0
2015-04-16 06:42:53,0,0,1.23961,0,5.12626,0,22.4161,0
2015-04-16 06:47:53,0,0,1.16576,0,4.36213,0,22.4161,0
2015-04-16 06:52:53,1,0,1.25688,0,6.27967,0,22.4161,0
2015-04-16 06:57:53,0,0,1.21292,0,5.30722,0,22.4161,0
2015-04-16 07:02:53,0,0,1.19248,0,4.22397,0,22.4161,0
2015-04-16 07:07:53,0,0,1.21729,0,7.38895,0,22.4161,0
2015-04-16 07:12:53,1,0,1.199,0,6.24101,0,22.4161,0
2015-04-16 07:17:53,0,0,1.24547,0,5.21101,0,22.4161,0
2015-04-16 07:22:53,0,0,1.1816,0,4.29535,0,22.4161,0
2015-04-16 07:27:53,0,0,1.19662,0,7.26955,0,22.4161,0
2015-04-16 07:32:53,0,0,1.24942,0,7.29624,0,22.4161,0
2015-04-16 07:37:53,0,0,1.22455,0,7.18746,0,22.4161,0
2015-04-16 07:42:53,0,0,1.21285,0,7.31328,0,22.4161,0
2015-04-16 07:47:53,0,0,1.22436,0,7.41023,0,22.4161,0
2015-04-16 07:52:53,0,0,1.21196,0,7.32372,0,22.4161,0
2015-04-16 07:57:53,1,0,1.27429,0,6.29923,0,22.4161,0
2015-04-16 08:02:53,0,0,1.22371,0,5.3713,0,22.4161,0
2015-04-16 08:07:53,0,0,1.19087,0,4.40819,0,22.4161,0
2015-04-16 08:12:53,0,0,1.2529,0,7.46117,0,22.4161,0
2015-04-16 08:17:53,0,0,1.22999,0,7.30576,0,22.4161,0
2015-04-16 08:22:53,0,0,1.24623,0,7.30839,0,22.4161,0
2015-04-16 08:27:53,0,0,1.21336,0,7.4649,0,22.4161,0
2015-04-16 08:32:53,0,0,1.1888,0,7.39578,0,22.4161,0
2015-04-16 08:37:53,0,0,1.26122,0,7.3542,0,22.4161,0
2015-04-16 08:42:53,0,0,1.16896,0,7.27889,0,22.4161,0
2015-04-16 08:47:53,1,0,1.235,0,6.25779,0,22.4161,0
2015-04-16 08:52:53,0,0,1.19736,0,5.35658,0,22.4161,0
2015-04-16 08:57:53,0,0,1.16807,0,4.17426,0,22.4161,0
2015-04-16 09:02:53,0,0,1.21097,0,7.26781,0,22.4161,0
2015-04-16 09:07:53,1,0,1.20439,0,6.13921,0,22.4161,0
2015-04-16 09:12:53,0,0,1.26815,0,5.13055,0,22.4161,0
2015-04-16 09:17:53,0,0,1.15204,0,4.30983,0,22.4161,0
2015-04-16 09:22:53,0,0,1.23689,0,7.30151,0,22.4161,0
2015-04-16 09:27:53,0,0,1.23484,0,7.34541,0,22.4161,0
2015-04-16 09:32:53,0,0,1.18201,0,7.16474,0,22.4161,0
2015-04-16 09:37:53,0,0,1.23245,0,7.36235,0,22.4161,0
2015-04-16 09:42:53,0,0,1.19094,0,7.30099,0,22.4161,0
2015-04-16 09:47:53,0,0,1.19414,0,7.20188,0,22.4161,0
2015-04-16 09:52:53,0,0,1.27246,0,7.27338,0,22.4161,0
2015-04-16 09:57:53,1,0,1.24741,0,6.23356,0,22.4161,0
2015-04-16 10:02:53,0,0,1.19657,0,5.37475,0,22.4161,0
2015-04-16 10:07:53,0,0,1.23189,0,4.50877,0,22.4161,0
2015-04-16 10:12:53,0,0,1.2165,0,7.36726,0,22.4161,0
2015-04-16 10:17:53,0,0,1.21922,0,7.27,0,22.4161,0
2015-04-16 10:22:53,0,0,1.24354,0,7.34789,0,22.4161,0
2015-04-16 10:27:53,0,0,1.16785,0,7.33148,0,22.4161,0
2015-04-16 10:32:53,0,0,1.22922,0,7.31258,0,22.4161,0
2015-04-16 10:37:53,0,0,1.24772,0,7.29554,0,22.4161,0
2015-04-16 10:42:53,1,0,1.29332,0,6.20972,0,22.4161,0
2015-04-16 10:47:53,1,0,1.21091,0,4.47642,0,22.4161,0
2015-04-16 10:52:53,0,0,1.19795,0,2.54071,0,22.4161,0
2015-04-16 10:57:53,0,0,1.18952,0,4.49974,0,22.4161,0
2015-04-16 11:02:53,1,0,1.27362,0,6.21815,0,22.4161,0
2015-04-16 11:07:53,0,0,1.21784,0,5.24651,0,22.4161,0
2015-04-16 11:12:53,0,0,1.18923,0,4.33363,0,22.4161,0
2015-04-16 11:17:53,0,0,1.16903,0,7.44577,0,22.4161,0
2015-04-16 11:22:53,0,0,1.2978,0,7.20102,0,22.4161,0
2015-04-16 11:27:53,0,0,1.19543,0,7.20356,0,22.4161,0
2015-04-16 11:32:53,1,0,1.20092,0,6.29813,0,22.4161,0
2015-04-16 11:37:53,0,0,1.20319,0,5.48518,0,22.4161,0
2015-04-16 11:42:53,0,0,1.1997,0,4.19134,0,22.4161,0
2015-04-16 11:47:53,2,0,1.20815,0,6.80946,0,22.4161,0
2015-04-16 11:52:53,1,0,1.28783,0,5.41834,0,22.4161,0
2015-04-16 11:57:53,4,0,1.21484,0,5.52938,0,22.4161,0
2015-04-16 12:02:53,0,0,1.25699,0,7.26363,0,22.4161,0
2015-04-16 12:07:53,1,0,1.19223,0,10.8232,0,22.4161,0
2015-04-16 12:12:53,3,0,1.27514,0,5.96626,0,22.4161,0
2015-04-16 12:17:53,0,0,1.24138,0,5.66165,0,22.4161,0
2015-04-16 12:22:53,1,0,1.17667,0,8.21499,0,22.4161,0
2015-04-16 12:27:53,0,0,1.26617,0,5.48485,0,22.4161,0
2015-04-16 12:32:53,2,0,1.17508,0,3.81129,0,22.4161,0
2015-04-16 12:37:53,0,0,1.29816,0,6.17274,0,22.4161,0
2015-04-16 12:42:53,1,0,1.20913,0,4.84979,0,22.4161,0
2015-04-16 12:47:53,0,0,1.21249,0,5.33067,0,22.4161,0
2015-04-16 12:52:53,1,0,1.1888,0,3.52522,0,22.4161,0
2015-04-16 12:57:53,1,0,1.30288,0,4.24117,0,22.4161,0
2015-04-16 13:02:53,0,0,1.221,0,2.31796,0,22.4161,0
2015-04-16 13:07:53,0,0,1.19219,0,4.39316,0,22.4161,0
2015-04-16 13:12:53,0,0,1.23111,0,7.54283,0,22.4161,0
2015-04-16 13:17:53,2,0,1.2585,0,6.81627,0,22.4161,0
2015-04-16 13:22:53,1,0,1.2729,0,5.37284,0,22.4161,0
2015-04-16 13:27:53,0,0,1.23889,0,4.09656,0,22.4161,0
2015-04-16 13:32:53,0,0,1.2136,0,4.56019,0,22.4161,0
2015-04-16 13:37:53,1,0,1.2124,0,6.51008,0,22.4161,0
2015-04-16 13:42:53,3,0,1.26533,0,5.93149,0,22.4161,0
2015-04-16 13:47:53,3,0,1.24676,0,5.95067,0,22.4161,0
2015-04-16 13:52:53,2,0,1.25055,0,9.58537,0,22.4161,0
2015-04-16 13:57:53,0,0,1.21751,0,7.96104,0,22.4161,0
2015-04-16 14:02:53,1,0,1.20066,0,4.97833,0,22.4161,0
2015-04-16 14:07:53,0,0,1.28807,0,5.38732,0,22.4161,0
2015-04-16 14:12:53,0,0,1.20182,0,4.34193,0,22.4161,0
2015-04-16 14:17:53,0,0,1.2165,0,7.37995,0,22.4161,0
2015-04-16 14:22:53,0,0,1.21898,0,7.48436,0,22.4161,0
2015-04-16 14:27:53,0,0,1.25711,0,7.25745,0,22.4161,0
2015-04-16 14:32:53,2,0,1.22664,0,6.83036,0,22.4161,0
2015-04-16 14:37:53,1,0,1.21437,0,5.36936,0,22.4161,0
2015-04-16 14:42:53,1,0,1.24858,0,2.89632,0,22.4161,0
2015-04-16 14:47:53,0,0,1.26621,0,2.35725,0,22.4161,0
2015-04-16 14:52:53,0,0,1.2119,0,4.40647,0,22.4161,0
2015-04-16 14:57:53,1,0,1.26277,0,6.49005,0,22.4161,0
2015-04-16 15:02:53,0,0,1.21716,0,5.48519,0,22.4161,0
2015-04-16 15:07:53,3,0,1.19379,0,4.94408,0,22.4161,0
2015-04-16 15:12:53,0,0,1.3166,0,8.54777,0,22.4161,0
2015-04-16 15:17:53,1,0,1.22981,0,8.05271,0,22.4161,0
2015-04-16 15:22:53,0,0,1.21045,0,5.44437,0,22.4161,0
2015-04-16 15:27:53,0,0,1.22734,0,4.61987,0,22.4161,0
2015-04-16 15:32:53,0,0,1.19312,0,7.33767,0,22.4161,0
2015-04-16 15:37:53,0,0,1.26354,0,7.27918,0,22.4161,0
2015-04-16 15:42:53,1,0,1.24107,0,6.33182,0,22.4161,0
2015-04-16 15:47:53,1,0,1.21301,0,4.34751,0,22.4161,0
2015-04-16 15:52:53,0,0,1.20443,0,2.48577,0,22.4161,0
2015-04-16 15:57:53,0,0,1.24277,0,4.35366,0,22.4161,0
2015-04-16 16:02:53,0,0,1.24682,0,7.29067,0,22.4161,0
2015-04-16 16:07:53,2,0,1.24566,0,6.85201,0,22.4161,0
2015-04-16 16:12:53,0,0,1.21946,0,6.48033,0,22.4161,0
2015-04-16 16:17:53,2,0,1.19947,0,5.5314,0,22.4161,0
2015-04-16 16:22:53,0,0,1.26425,0,6.49753,0,22.4161,0
2015-04-16 16:27:53,0,0,1.23163,0,6.00478,0,22.4161,0
2015-04-16 16:32:53,0,0,1.23246,0,7.35852,0,22.4161,0
2015-04-16 16:37:53,0,0,1.19789,0,7.48845,0,22.4161,0
2015-04-16 16:42:53,0,0,1.24673,0,7.35769,0,22.4161,0
2015-04-16 16:47:53,0,0,1.1876,0,7.33988,0,22.4161,0
2015-04-16 16:52:53,0,0,1.2149,0,7.27474,0,22.4161,0
2015-04-16 16:57:53,0,0,1.15381,0,7.33029,0,22.4161,0
2015-04-16 17:02:53,1,0,1.23455,0,6.1464,0,22.4161,0
2015-04-16 17:07:53,0,0,1.2281,0,5.18688,0,22.4161,0
2015-04-16 17:12:53,1,0,1.21572,0,3.15863,0,22.4161,0
2015-04-16 17:17:53,2,0,1.25894,0,4.94414,0,22.4161,0
2015-04-16 17:22:53,2,0,1.21674,0,2.99392,0,22.4161,0
2015-04-16 17:27:53,0,0,1.2303,0,5.05171,0,22.4161,0
2015-04-16 17:32:53,2,0,1.22976,0,5.42636,0,22.4161,0
2015-04-16 17:37:53,1,0,1.20111,0,5.41938,0,22.4161,0
2015-04-16 17:42:53,1,0,1.24664,0,2.96974,0,22.4161,0
2015-04-16 17:47:53,0,0,1.21894,0,2.33815,0,22.4161,0
2015-04-16 17:52:53,1,0,1.24349,0,3.31556,0,22.4161,0
2015-04-16 17:57:53,0,0,1.23151,0,5.42129,0,22.4161,0
2015-04-16 18:02:53,0,0,1.27321,0,4.37531,0,22.4161,0
2015-04-16 18:07:53,1,0,1.15502,0,6.4667,0,22.4161,0
2015-04-16 18:12:53,0,0,1.24145,0,5.39597,0,22.4161,0
2015-04-16 18:17:53,0,0,1.17612,0,4.37113,0,22.4161,0
2015-04-16 18:22:53,0,0,1.2226,0,7.12409,0,22.4161,0
2015-04-16 18:27:53,0,0,1.19741,0,7.2992,0,22.4161,0
2015-04-16 18:32:53,0,0,1.24358,0,7.17097,0,22.4161,0
2015-04-16 18:37:53,0,0,1.21566,0,7.3062,0,22.4161,0
2015-04-16 18:42:53,2,0,1.19789,0,6.86372,0,22.4161,0
2015-04-16 18:47:53,0,0,1.2758,0,6.4973,0,22.4161,0
2015-04-16 18:52:53,0,0,1.18631,0,6.02459,0,22.4161,0
2015-04-16 18:57:53,0,0,1.22828,0,7.33159,0,22.4161,0
2015-04-16 19:02:53,0,0,1.19903,0,7.42831,0,22.4161,0
2015-04-16 19:07:53,0,0,1.25758,0,7.21453,0,22.4161,0
2015-04-16 19:12:53,0,0,1.21384,0,7.34049,0,22.4161,0
2015-04-16 19:17:53,0,0,1.27945,0,7.3261,0,22.4161,0
2015-04-16 19:22:53,1,0,1.14332,0,6.47987,0,22.4161,0
2015-04-16 19:27:53,0,0,1.24992,0,5.34375,0,22.4161,0
2015-04-16 19:32:53,0,0,1.17296,0,4.37492,0,22.4161,0
2015-04-16 19:37:53,0,0,1.25005,0,7.10277,0,22.4161,0
2015-04-16 19:42:53,1,0,1.1374,0,6.34572,0,22.4161,0
2015-04-16 19:47:53,0,0,1.29847,0,5.15638,0,22.4161,0
2015-04-16 19:52:53,0,0,1.19089,0,4.32342,0,22.4161,0
2015-04-16 19:57:53,1,0,1.20566,0,6.20005,0,22.4161,0
2015-04-16 20:02:53,0,0,1.23449,0,5.48286,0,22.4161,0
2015-04-16 20:07:53,1,0,1.22108,0,3.21847,0,22.4161,0
2015-04-16 20:12:53,1,0,1.20805,0,4.30703,0,22.4161,0
2015-04-16 20:17:53,1,0,1.26288,0,1.35368,0,22.4161,0
2015-04-16 20:22:53,0,0,1.20769,0,2.34222,0,22.4161,0
2015-04-16 20:27:53,0,0,1.24318,0,4.35759,0,22.4161,0
2015-04-16 20:32:53,0,0,1.18309,0,7.4472,0,22.4161,0
2015-04-16 20:37:53,0,0,1.2357,0,7.29253,0,22.4161,0
2015-04-16 20:42:53,1,0,1.20486,0,6.33143,0,22.4161,0
2015-04-16 20:47:53,0,0,1.2356,0,5.22554,0,22.4161,0
2015-04-16 20:52:53,0,0,1.21918,0,4.35243,0,22.4161,0
2015-04-16 20:57:53,0,0,1.20289,0,7.30497,0,22.4161,0
2015-04-16 21:02:53,0,0,1.22176,0,7.34806,0,22.4161,0
2015-04-16 21:07:53,1,0,1.18738,0,6.28506,0,22.4161,0
2015-04-16 21:12:53,0,0,1.26159,0,5.23955,0,22.4161,0
2015-04-16 21:17:53,1,0,1.19888,0,3.30162,0,22.4161,0
2015-04-16 21:22:53,0,0,1.26155,0,5.2842,0,22.4161,0
2015-04-16 21:27:53,3,0,1.22685,0,4.92098,0,22.4161,0
2015-04-16 21:32:53,1,0,1.31122,0,7.3004,0,22.4161,0
2015-04-16 21:37:53,1,0,1.18408,0,5.98027,0,22.4161,0
2015-04-16 21:42:53,0,0,1.24904,0,2.48705,0,22.4161,0
2015-04-16 21:47:53,2,0,1.20515,0,4.05278,0,22.4161,0
2015-04-16 21:52:53,1,0,1.25209,0,5.25931,0,22.4161,0
2015-04-16 21:57:53,1,0,1.18765,0,2.91527,0,22.4161,0
2015-04-16 22:02:53,0,0,1.21914,0,2.30728,0,22.4161,0
2015-04-16 22:07:53,0,0,1.22507,0,4.35072,0,22.4161,0
2015-04-16 22:12:53,1,0,1.23514,0,6.22628,0,22.4161,0
2015-04-16 22:17:53,0,0,1.19779,0,5.34268,0,22.4161,0
2015-04-16 22:22:53,0,0,1.18641,0,4.34327,0,22.4161,0
2015-04-16 22:27:53,0,0,1.21599,0,7.2874,0,22.4161,0
2015-04-16 22:32:53,0,0,1.1999,0,7.18218,0,22.4161,0
2015-04-16 22:37:53,1,0,1.24478,0,6.19111,0,22.4161,0
2015-04-16 22:42:53,0,0,1.23492,0,5.29254,0,22.4161,0
2015-04-16 22:47:53,1,0,1.17681,0,3.32418,0,22.4161,0
2015-04-16 22:52:53,1,0,1.33301,0,4.38099,0,22.4161,0
2015-04-16 22:57:53,0,0,1.22171,0,2.3914,0,22.4161,0
2015-04-16 23:02:53,3,0,1.24383,0,4.97476,0,22.4161,0
2015-04-16 23:07:53,1,0,1.21492,0,10.3955,0,22.4161,0
2015-04-16 23:12:53,0,0,1.24764,0,7.03745,0,22.4161,0
2015-04-16 23:17:53,0,0,1.1975,0,4.40896,0,22.4161,0
2015-04-16 23:22:53,0,0,1.2645,0,7.33754,0,22.4161,0
2015-04-16 23:27:53,2,0,1.22126,0,6.87341,0,22.4161,0
2015-04-16 23:32:53,0,0,1.25507,0,6.28475,0,22.4161,0
2015-04-16 23:37:53,0,0,1.17605,0,5.90409,0,22.4161,0
2015-04-16 23:42:53,0,0,1.2615,0,7.34998,0,22.4161,0
2015-04-16 23:47:53,1,0,1.19414,0,6.37881,0,22.4161,0
2015-04-16 23:52:53,0,0,1.26271,0,5.2453,0,22.4161,0
2015-04-16 23:57:53,0,0,1.18635,0,4.43548,0,22.4161,0
2015-04-17 00:02:53,0,0,1.22511,0,7.29419,0,22.4161,0
2015-04-17 00:07:53,0,0,1.25576,0,7.38592,0,22.4161,0
2015-04-17 00:12:53,2,0,1.27024,0,6.7535,0,22.4161,0
2015-04-17 00:17:53,0,0,1.23012,0,6.43404,0,22.4161,0
2015-04-17 00:22:53,0,0,1.19981,0,6.0033,0,22.4161,0
2015-04-17 00:27:53,0,0,1.25523,0,7.47076,0,22.4161,0
2015-04-17 00:32:53,0,0,1.22809,0,7.34521,0,22.4161,0
2015-04-17 00:37:53,0,0,1.23421,0,7.33798,0,22.4161,0
2015-04-17 00:42:53,0,0,1.18885,0,7.45607,0,22.4161,0
2015-04-17 00:47:53,0,0,1.216,0,7.34155,0,22.4161,0
2015-04-17 00:52:53,0,0,1.21351,0,7.29632,0,22.4161,0
2015-04-17 00:57:53,1,0,1.29596,0,6.21207,0,22.4161,0
2015-04-17 01:02:53,0,0,1.19575,0,5.37099,0,22.4161,0
2015-04-17 01:07:53,0,0,1.15448,0,4.42822,0,22.4161,0
2015-04-17 01:12:53,0,0,1.22132,0,7.43388,0,22.4161,0
2015-04-17 01:17:53,0,0,1.25197,0,7.11754,0,22.4161,0
2015-04-17 01:22:53,0,0,1.22931,0,7.15807,0,22.4161,0
2015-04-17 01:27:53,0,0,1.2328,0,7.39721,0,22.4161,0
2015-04-17 01:32:53,1,0,1.14384,0,6.44733,0,22.4161,0
2015-04-17 01:37:53,0,0,1.32955,0,5.29737,0,22.4161,0
2015-04-17 01:42:53,1,0,1.22166,0,3.31564,0,22.4161,0
2015-04-17 01:47:53,0,0,1.22422,0,5.31229,0,22.4161,0
2015-04-17 01:52:53,0,0,1.17431,0,4.65619,0,22.4161,0
2015-04-17 01:57:53,0,0,1.23322,0,7.28774,0,22.4161,0
2015-04-17 02:02:53,0,0,1.21442,0,7.25451,0,22.4161,0
2015-04-17 02:07:53,0,0,1.22326,0,7.20379,0,22.4161,0
2015-04-17 02:12:53,2,0,1.19628,0,6.90523,0,22.4161,0
2015-04-17 02:17:53,0,0,1.21901,0,6.39302,0,22.4161,0
2015-04-17 02:22:53,0,0,1.19392,0,5.9418,0,22.4161,0
2015-04-17 02:27:53,0,0,1.20653,0,7.22079,0,22.4161,0
2015-04-17 02:32:53,0,0,1.23095,0,7.25141,0,22.4161,0
2015-04-17 02:37:53,0,0,1.15852,0,7.22577,0,22.4161,0
2015-04-17 02:42:53,1,0,1.22727,0,6.24002,0,22.4161,0
2015-04-17 02:47:53,0,0,1.20307,0,5.23715,0,22.4161,0
2015-04-17 02:52:53,0,0,1.20954,0,4.13315,0,22.4161,0
2015-04-17 02:57:53,1,0,1.28696,0,6.29747,0,22.4161,0
2015-04-17 03:02:53,0,0,1.18727,0,5.31524,0,22.4161,0
2015-04-17 03:07:53,0,0,1.19648,0,4.3898,0,22.4161,0
2015-04-17 03:12:53,0,0,1.26661,0,7.43189,0,22.4161,0
2015-04-17 03:17:53,0,0,1.22057,0,7.22136,0,22.4161,0
2015-04-17 03:22:53,0,0,1.17243,0,7.34323,0,22.4161,0
2015-04-17 03:27:53,0,0,1.20592,0,7.4134,0,22.4161,0
2015-04-17 03:32:53,0,0,1.18613,0,7.2125,0,22.4161,0
2015-04-17 03:37:53,0,0,1.2662,0,7.11525,0,22.4161,0
2015-04-17 03:42:53,0,0,1.23422,0,7.25621,0,22.4161,0
2015-04-17 03:47:53,0,0,1.16954,0,7.325,0,22.4161,0
2015-04-17 03:52:53,0,0,1.15416,0,7.43659,0,22.4161,0
2015-04-17 03:57:53,1,0,1.25222,0,6.1959,0,22.4161,0
2015-04-17 04:02:53,0,0,1.15445,0,5.06916,0,22.4161,0
2015-04-17 04:07:53,2,0,1.24716,0,3.81247,0,22.4161,0
2015-04-17 04:12:53,1,0,1.24454,0,7.41602,0,22.4161,0
2015-04-17 04:17:53,2,0,1.17879,0,3.78643,0,22.4161,0
2015-04-17 04:22:53,0,0,1.29979,0,3.43117,0,22.4161,0
2015-04-17 04:27:53,0,0,1.20493,0,5.92374,0,22.4161,0
2015-04-17 04:32:53,0,0,1.1709,0,7.34087,0,22.4161,0
2015-04-17 04:37:53,0,0,1.21723,0,7.48012,0,22.4161,0
2015-04-17 04:42:53,0,0,1.22097,0,7.17383,0,22.4161,0
2015-04-17 04:47:53,0,0,1.19134,0,7.16813,0,22.4161,0
2015-04-17 04:52:53,0,0,1.20309,0,7.28499,0,22.4161,0
2015-04-17 04:57:53,0,0,1.27084,0,7.24868,0,22.4161,0
2015-04-17 05:02:53,0,0,1.18606,0,7.25103,0,22.4161,0
2015-04-17 05:07:53,0,0,1.21405,0,7.337,0,22.4161,0
2015-04-17 05:12:53,0,0,1.23381,0,7.39868,0,22.4161,0
2015-04-17 05:17:53,1,0,1.18432,0,6.22008,0,22.4161,0
2015-04-17 05:22:53,0,0,1.24734,0,5.29409,0,22.4161,0
2015-04-17 05:27:53,0,0,1.2271,0,4.31741,0,22.4161,0
2015-04-17 05:32:53,0,0,1.22916,0,7.27474,0,22.4161,0
2015-04-17 05:37:53,0,0,1.19977,0,7.42539,0,22.4161,0
2015-04-17 05:42:53,0,0,1.34644,0,7.33939,0,22.4161,0
2015-04-17 05:47:53,0,0,1.13598,0,7.43345,0,22.4161,0
2015-04-17 05:52:53,0,0,1.25269,0,7.42816,0,22.4161,0
2015-04-17 05:57:53,0,0,1.14944,0,7.56397,0,22.4161,0
2015-04-17 06:02:53,0,0,1.24648,0,7.06276,0,22.4161,0
2015-04-17 06:07:53,2,0,1.1855,0,6.81047,0,22.4161,0
2015-04-17 06:12:53,0,0,1.30452,0,6.14088,0,22.4161,0
2015-04-17 06:17:53,0,0,1.12561,0,5.93609,0,22.4161,0
2015-04-17 06:22:53,0,0,1.2844,0,7.29115,0,22.4161,0
2015-04-17 06:27:53,0,0,1.19589,0,7.44918,0,22.4161,0
2015-04-17 06:32:53,1,0,1.18531,0,6.14153,0,22.4161,0
2015-04-17 06:37:53,0,0,1.20604,0,5.4303,0,22.4161,0
2015-04-17 06:42:53,0,0,1.22928,0,4.16434,0,22.4161,0
2015-04-17 06:47:53,0,0,1.1999,0,7.1973,0,22.4161,0
2015-04-17 06:52:53,0,0,1.26262,0,7.27658,0,22.4161,0
2015-04-17 06:57:53,0,0,1.21868,0,7.35026,0,22.4161,0
2015-04-17 07:02:53,0,0,1.19406,0,7.3436,0,22.4161,0
2015-04-17 07:07:53,2,0,1.22035,0,7.03114,0,22.4161,0
2015-04-17 07:12:53,1,0,1.25296,0,5.48826,0,22.4161,0
2015-04-17 07:17:53,0,0,1.18908,0,4.11148,0,22.4161,0
2015-04-17 07:22:53,0,0,1.19117,0,4.35606,0,22.4161,0
2015-04-17 07:27:53,0,0,1.2151,0,7.32823,0,22.4161,0
2015-04-17 07:32:53,0,0,1.22056,0,7.1647,0,22.4161,0
2015-04-17 07:37:53,0,0,1.27363,0,7.22428,0,22.4161,0
2015-04-17 07:42:53,0,0,1.18963,0,7.36005,0,22.4161,0
2015-04-17 07:47:53,0,0,1.21966,0,7.39858,0,22.4161,0
2015-04-17 07:52:53,0,0,1.19194,0,7.41981,0,22.4161,0
2015-04-17 07:57:53,0,0,1.19942,0,7.20014,0,22.4161,0
2015-04-17 08:02:53,0,0,1.25512,0,7.24227,0,22.4161,0
2015-04-17 08:07:53,1,0,1.2359,0,6.22979,0,22.4161,0
2015-04-17 08:12:53,0,0,1.19345,0,5.3444,0,22.4161,0
2015-04-17 08:17:53,0,0,1.2624,0,4.43061,0,22.4161,0
2015-04-17 08:22:53,0,0,1.2173,0,7.35699,0,22.4161,0
2015-04-17 08:27:53,0,0,1.23313,0,7.32244,0,22.4161,0
2015-04-17 08:32:53,0,0,1.19425,0,7.45492,0,22.4161,0
2015-04-17 08:37:53,0,0,1.21111,0,7.31239,0,22.4161,0
2015-04-17 08:42:53,0,0,1.21331,0,7.29898,0,22.4161,0
2015-04-17 08:47:53,0,0,1.20791,0,7.21826,0,22.4161,0
2015-04-17 08:52:53,0,0,1.20074,0,7.26785,0,22.4161,0
2015-04-17 08:57:53,0,0,1.17674,0,7.25648,0,22.4161,0
2015-04-17 09:02:53,0,0,1.22085,0,7.20195,0,22.4161,0
2015-04-17 09:07:53,0,0,1.20164,0,7.17655,0,22.4161,0
2015-04-17 09:12:53,1,0,1.16649,0,6.17357,0,22.4161,0
2015-04-17 09:17:53,0,0,1.22208,0,5.23234,0,22.4161,0
2015-04-17 09:22:53,0,0,1.21186,0,4.15999,0,22.4161,0
2015-04-17 09:27:53,0,0,1.20837,0,7.15547,0,22.4161,0
2015-04-17 09:32:53,0,0,1.22001,0,7.29832,0,22.4161,0
2015-04-17 09:37:53,0,0,1.25402,0,7.27231,0,22.4161,0
2015-04-17 09:42:53,0,1,1.16728,0,7.31914,0,22.4161,0
2015-04-17 09:47:53,0,1,1.21825,0,7.33534,0,22.4161,0
2015-04-17 09:52:53,0,1,1.22102,0,7.31487,0,22.4161,0
2015-04-17 09:57:53,0,1,1.23171,0,7.15936,0,22.4161,0
2015-04-17 10:02:53,0,1,1.24785,0,7.3285,0,22.4161,0
2015-04-17 10:07:53,0,1,1.16076,0,7.37433,0,22.4161,0
2015-04-17 10:12:53,0,1,1.19832,0,7.3516,0,22.4161,0
2015-04-17 10:17:53,0,1,1.25316,0,7.2634,0,22.4161,0
2015-04-17 10:22:53,0,1,1.20808,0,7.13208,0,22.4161,0
2015-04-17 10:27:53,1,1,1.15915,0,6.30937,0,22.4161,0
2015-04-17 10:32:53,0,1,1.22663,0,5.33481,0,22.4161,0
2015-04-17 10:37:53,0,1,1.27608,0,4.16919,0,22.4161,0
2015-04-17 10:42:53,0,1,1.21406,0,7.2068,0,22.4161,0
2015-04-17 10:47:53,1,1,1.17666,0,6.4461,0,22.4161,0
2015-04-17 10:52:53,1,1,1.25258,0,4.43302,0,22.4161,0
2015-04-17 10:57:53,1,1,1.19592,0,1.2481,0,22.4161,0
2015-04-17 11:02:53,0,1,1.21047,0,2.23106,0,22.4161,0
2015-04-17 11:07:53,0,1,1.20544,0,4.36005,0,22.4161,0
2015-04-17 11:12:53,0,1,1.1916,0,7.21414,0,22.4161,0
2015-04-17 11:17:53,0,1,1.26591,0,7.23389,0,22.4161,0
2015-04-17 11:22:53,0,1,1.22287,0,7.26543,0,22.4161,0
2015-04-17 11:27:53,0,1,1.19162,0,7.32949,0,22.4161,0
2015-04-17 11:32:53,0,1,1.16855,0,7.43511,0,22.4161,0
2015-04-17 11:37:53,1,1,1.26996,0,6.22043,0,22.4161,0
2015-04-17 11:42:53,1,1,1.18509,0,4.18194,0,22.4161,0
2015-04-17 11:47:53,0,1,1.21671,0,2.23067,0,22.4161,0
2015-04-17 11:52:53,0,1,1.22267,0,4.39677,0,22.4161,0
2015-04-17 11:57:53,1,1,1.23482,0,6.21136,0,22.4161,0
2015-04-17 12:02:53,0,1,1.2367,0,5.33029,0,22.4161,0
2015-04-17 12:07:53,2,1,1.17234,0,3.90094,0,22.4161,0
2015-04-17 12:12:53,0,1,1.26373,0,6.40339,0,22.4161,0
2015-04-17 12:17:53,0,1,1.20399,0,5.89832,0,22.4161,0
2015-04-17 12:22:53,0,1,1.29087,0,7.24847,0,22.4161,0
2015-04-17 12:27:53,0,1,1.17823,0,7.49004,0,22.4161,0
2015-04-17 12:32:53,0,1,1.18142,0,7.37194,0,22.4161,0
2015-04-17 12:37:53,0,1,1.23931,0,7.4105,0,22.4161,0
2015-04-17 12:42:53,0,1,1.24516,0,7.13685,0,22.4161,0
2015-04-17 12:47:53,1,1,1.19949,0,6.26806,0,22.4161,0
2015-04-17 12:52:53,1,1,1.27672,0,4.40776,0,22.4161,0
2015-04-17 12:57:53,1,1,1.17515,0,1.4112,0,22.4161,0
2015-04-17 13:02:53,3,1,1.25067,0,2.97678,0,22.4161,0
2015-04-17 13:07:53,0,1,1.2673,0,5.73054,0,22.4161,0
2015-04-17 13:12:53,1,1,1.21452,0,8.24317,0,22.4161,0
2015-04-17 13:17:53,0,1,1.23986,0,5.5011,0,22.4161,0
2015-04-17 13:22:53,0,1,1.21169,0,4.47078,0,22.4161,0
2015-04-17 13:27:53,1,1,1.2318,0,6.33496,0,22.4161,0
2015-04-17 13:32:53,1,1,1.27878,0,4.37476,0,22.4161,0
2015-04-17 13:37:53,0,1,1.22584,0,2.37745,0,22.4161,0
2015-04-17 13:42:53,0,1,1.23774,0,4.47881,0,22.4161,0
2015-04-17 13:47:53,0,1,1.1674,0,7.52576,0,22.4161,0
2015-04-17 13:52:53,1,1,1.24575,0,6.32041,0,22.4161,0
2015-04-17 13:57:53,2,1,1.24404,0,4.80228,0,22.4161,0
2015-04-17 14:02:53,0,1,1.2429,0,3.25474,0,22.4161,0
2015-04-17 14:07:53,0,1,1.20016,0,5.99373,0,22.4161,0
2015-04-17 14:12:53,0,1,1.2328,0,7.41807,0,22.4161,0
2015-04-17 14:17:53,0,1,1.2319,0,7.36182,0,22.4161,0
2015-04-17 14:22:53,0,1,1.26243,0,7.29799,0,22.4161,0
2015-04-17 14:27:53,0,1,1.24538,0,7.42462,0,22.4161,0
2015-04-17 14:32:53,0,1,1.20417,0,7.46593,0,22.4161,0
2015-04-17 14:37:53,0,1,1.24594,0,7.48221,0,22.4161,0
2015-04-17 14:42:53,0,1,1.23434,0,7.39041,0,22.4161,0
2015-04-17 14:47:53,0,1,1.19771,0,7.33872,0,22.4161,0
2015-04-17 14:52:53,1,1,1.20462,0,6.40421,0,22.4161,0
2015-04-17 14:57:53,1,1,1.33105,0,4.30306,0,22.4161,0
2015-04-17 15:02:53,1,1,1.20288,0,1.33342,0,22.4161,0
2015-04-17 15:07:53,0,1,1.25641,0,2.47885,0,22.4161,0
2015-04-17 15:12:53,0,1,1.1795,0,4.65531,0,22.4161,0
2015-04-17 15:17:53,0,1,1.19033,0,7.30094,0,22.4161,0
2015-04-17 15:22:53,0,1,1.23898,0,7.31855,0,22.4161,0
2015-04-17 15:27:53,0,1,1.24443,0,7.15814,0,22.4161,0
2015-04-17 15:32:53,0,1,1.18546,0,7.29339,0,22.4161,0
2015-04-17 15:37:53,0,1,1.25975,0,7.39126,0,22.4161,0
2015-04-17 15:42:53,0,1,1.16766,0,7.36395,0,22.4161,0
2015-04-17 15:47:53,1,1,1.27101,0,6.24353,0,22.4161,0
2015-04-17 15:52:53,0,1,1.2491,0,5.38559,0,22.4161,0
2015-04-17 15:57:53,3,1,1.16544,0,4.79591,0,22.4161,0
2015-04-17 16:02:53,0,1,1.2552,0,8.48027,0,22.4161,0
2015-04-17 16:07:53,0,1,1.20317,0,8.83879,0,22.4161,0
2015-04-17 16:12:53,0,1,1.22727,0,7.20988,0,22.4161,0
2015-04-17 16:17:53,3,1,1.24445,0,7.94465,0,22.4161,0
2015-04-17 16:22:53,0,1,1.24744,0,8.39941,0,22.4161,0
2015-04-17 16:27:53,0,1,1.22486,0,9.05453,0,22.4161,0
2015-04-17 16:32:53,0,1,1.21885,0,7.45308,0,22.4161,0
2015-04-17 16:37:53,0,1,1.17494,0,7.41089,0,22.4161,0
2015-04-17 16:42:53,1,1,1.25613,0,6.28723,0,22.4161,0
2015-04-17 16:47:53,0,1,1.20596,0,5.26257,0,22.4161,0
2015-04-17 16:52:53,3,1,1.19543,0,4.83112,0,22.4161,0
2015-04-17 16:57:53,0,1,1.2902,0,8.5519,0,22.4161,0
2015-04-17 17:02:53,2,1,1.19675,0,8.48276,0,22.4161,0
2015-04-17 17:07:53,0,1,1.22876,0,6.20262,0,22.4161,0
2015-04-17 17:12:53,0,1,1.22648,0,5.75163,0,22.4161,0
2015-04-17 17:17:53,0,1,1.21094,0,7.27423,0,22.4161,0
2015-04-17 17:22:53,0,1,1.25658,0,7.35017,0,22.4161,0
2015-04-17 17:27:53,0,1,1.21829,0,7.3579,0,22.4161,0
2015-04-17 17:32:53,2,1,1.21449,0,6.92769,0,22.4161,0
2015-04-17 17:37:53,0,1,1.20786,0,6.54765,0,22.4161,0
2015-04-17 17:42:53,0,1,1.25373,0,5.98197,0,22.4161,0
2015-04-17 17:47:53,1,1,1.2024,0,6.31291,0,22.4161,0
2015-04-17 17:52:53,0,1,1.22601,0,5.33345,0,22.4161,0
2015-04-17 17:57:53,1,1,1.187,0,3.39202,0,22.4161,0
2015-04-17 18:02:53,0,1,1.22665,0,5.24623,0,22.4161,0
2015-04-17 18:07:53,2,1,1.19772,0,3.82538,0,22.4161,0
2015-04-17 18:12:53,0,1,1.29542,0,6.30542,0,22.4161,0
2015-04-17 18:17:53,0,1,1.17101,0,6.01092,0,22.4161,0
2015-04-17 18:22:53,0,1,1.21549,0,7.35501,0,22.4161,0
2015-04-17 18:27:53,3,1,1.22354,0,8.01279,0,22.4161,0
2015-04-17 18:32:53,2,1,1.26426,0,7.85849,0,22.4161,0
2015-04-17 18:37:53,2,1,1.21269,0,7.64218,0,22.4161,0
2015-04-17 18:42:53,0,1,1.23012,0,5.01356,0,22.4161,0
2015-04-17 18:47:53,0,1,1.22669,0,5.86272,0,22.4161,0
2015-04-17 18:52:53,1,1,1.1994,0,6.32502,0,22.4161,0
2015-04-17 18:57:53,0,1,1.24613,0,5.34315,0,22.4161,0
2015-04-17 19:02:53,0,1,1.23754,0,4.32501,0,22.4161,0
2015-04-17 19:07:53,2,1,1.23789,0,6.85293,0,22.4161,0
2015-04-17 19:12:53,0,1,1.2159,0,6.50121,0,22.4161,0
2015-04-17 19:17:53,0,1,1.2331,0,5.97908,0,22.4161,0
2015-04-17 19:22:53,1,1,1.18541,0,6.37859,0,22.4161,0
2015-04-17 19:27:53,1,1,1.2828,0,4.29932,0,22.4161,0
2015-04-17 19:32:53,2,1,1.19765,0,1.78733,0,22.4161,0
2015-04-17 19:37:53,0,1,1.27781,0,3.18828,0,22.4161,0
2015-04-17 19:42:53,0,1,1.21145,0,5.82472,0,22.4161,0
2015-04-17 19:47:53,0,1,1.24862,0,7.36003,0,22.4161,0
2015-04-17 19:52:53,3,1,1.19442,0,8.00772,0,22.4161,0
2015-04-17 19:57:53,0,1,1.26901,0,8.33155,0,22.4161,0
2015-04-17 20:02:53,0,1,1.2114,0,8.912,0,22.4161,0
2015-04-17 20:07:53,2,1,1.25409,0,6.90987,0,22.4161,0
2015-04-17 20:12:53,1,1,1.20708,0,5.63831,0,22.4161,0
2015-04-17 20:17:53,0,1,1.21854,0,4.08104,0,22.4161,0
2015-04-17 20:22:53,4,1,1.27065,0,5.95789,0,22.4161,0
2015-04-17 20:27:53,1,1,1.23921,0,9.45483,0,22.4161,0
2015-04-17 20:32:53,0,1,1.26132,0,10.1249,0,22.4161,0
2015-04-17 20:37:53,0,1,1.18345,0,4.55171,0,22.4161,0
2015-04-17 20:42:53,1,1,1.21328,0,6.42374,0,22.4161,0
2015-04-17 20:47:53,0,1,1.21832,0,5.36415,0,22.4161,0
2015-04-17 20:52:53,0,1,1.24612,0,4.19523,0,22.4161,0
2015-04-17 20:57:53,0,1,1.1779,0,7.32259,0,22.4161,0
2015-04-17 21:02:53,0,1,1.30704,0,7.32511,0,22.4161,0
2015-04-17 21:07:53,2,1,1.1665,0,6.78712,0,22.4161,0
2015-04-17 21:12:53,0,1,1.25898,0,6.08612,0,22.4161,0
2015-04-17 21:17:53,0,1,1.20678,0,5.67084,0,22.4161,0
2015-04-17 21:22:53,0,1,1.24876,0,7.22423,0,22.4161,0
2015-04-17 21:27:53,2,1,1.2185,0,6.94173,0,22.4161,0
2015-04-17 21:32:53,0,1,1.22444,0,6.3413,0,22.4161,0
2015-04-17 21:37:53,0,1,1.23697,0,5.91515,0,22.4161,0
2015-04-17 21:42:53,1,1,1.1844,0,6.34135,0,22.4161,0
2015-04-17 21:47:53,0,1,1.26625,0,5.33166,0,22.4161,0
2015-04-17 21:52:53,1,1,1.19929,0,3.34598,0,22.4161,0
2015-04-17 21:57:53,0,1,1.25824,0,5.285,0,22.4161,0
2015-04-17 22:02:53,0,1,1.17454,0,4.45558,0,22.4161,0
2015-04-17 22:07:53,0,1,1.28725,0,7.2889,0,22.4161,0
2015-04-17 22:12:53,0,1,1.14068,0,7.41107,0,22.4161,0
2015-04-17 22:17:53,0,1,1.31107,0,7.23882,0,22.4161,0
2015-04-17 22:22:53,0,1,1.19698,0,7.45419,0,22.4161,0
2015-04-17 22:27:53,0,1,1.17288,0,7.24117,0,22.4161,0
2015-04-17 22:32:53,0,1,1.19986,0,7.50005,0,22.4161,0
2015-04-17 22:37:53,0,1,1.32834,0,7.13658,0,22.4161,0
2015-04-17 22:42:53,1,1,1.17883,0,6.24671,0,22.4161,0
2015-04-17 22:47:53,1,1,1.20068,0,4.43508,0,22.4161,0
2015-04-17 22:52:53,0,1,1.23718,0,2.54336,0,22.4161,0
2015-04-17 22:57:53,0,1,1.21832,0,4.17502,0,22.4161,0
2015-04-17 23:02:53,0,1,1.22877,0,7.29472,0,22.4161,0
2015-04-17 23:07:53,0,1,1.20136,0,7.37697,0,22.4161,0
2015-04-17 23:12:53,0,1,1.21055,0,7.31388,0,22.4161,0
2015-04-17 23:17:53,0,1,1.20796,0,7.29959,0,22.4161,0
2015-04-17 23:22:53,0,1,1.2707,0,7.23316,0,22.4161,0
2015-04-17 23:27:53,0,1,1.12628,0,7.31828,0,22.4161,0
2015-04-17 23:32:53,0,1,1.20078,0,7.29156,0,22.4161,0
2015-04-17 23:37:53,1,1,1.24458,0,6.26544,0,22.4161,0
2015-04-17 23:42:53,0,1,1.21839,0,5.02498,0,22.4161,0
2015-04-17 23:47:53,0,1,1.18974,0,4.30988,0,22.4161,0
2015-04-17 23:52:53,0,1,1.28279,0,7.36026,0,22.4161,0
2015-04-17 23:57:53,0,1,1.13397,0,7.31745,0,22.4161,0
2015-04-18 00:02:53,1,1,1.27028,0,6.26877,0,22.4161,0
2015-04-18 00:07:53,4,1,1.20181,0,6.84603,0,22.4161,0
2015-04-18 00:12:53,0,1,1.24366,0,7.06315,0,22.4161,0
2015-04-18 00:17:53,0,1,1.20633,0,11.8364,0,22.4161,0
2015-04-18 00:22:53,2,1,1.22341,0,6.88642,0,22.4161,0
2015-04-18 00:27:53,0,1,1.17855,0,6.54174,0,22.4161,0
2015-04-18 00:32:53,2,1,1.24382,0,5.64929,0,22.4161,0
2015-04-18 00:37:53,1,1,1.29746,0,5.55697,0,22.4161,0
2015-04-18 00:42:53,1,1,1.13566,0,3.24947,0,22.4161,0
2015-04-18 00:47:53,0,1,1.21135,0,2.46205,0,22.4161,0
2015-04-18 00:52:53,2,1,1.23044,0,3.95235,0,22.4161,0
2015-04-18 00:57:53,0,1,1.21938,0,6.21471,0,22.4161,0
2015-04-18 01:02:53,0,1,1.16596,0,6.04621,0,22.4161,0
2015-04-18 01:07:53,0,1,1.24358,0,7.29602,0,22.4161,0
2015-04-18 01:12:53,0,1,1.19133,0,7.23362,0,22.4161,0
2015-04-18 01:17:53,0,1,1.23925,0,7.17636,0,22.4161,0
2015-04-18 01:22:53,0,1,1.21006,0,7.35264,0,22.4161,0
2015-04-18 01:27:53,0,1,1.17119,0,7.26255,0,22.4161,0
2015-04-18 01:32:53,0,1,1.27348,0,7.30906,0,22.4161,0
2015-04-18 01:37:53,0,1,1.27407,0,7.24605,0,22.4161,0
2015-04-18 01:42:53,0,1,1.17737,0,7.33461,0,22.4161,0
2015-04-18 01:47:53,0,1,1.19092,0,7.54596,0,22.4161,0
2015-04-18 01:52:53,0,1,1.24307,0,7.36789,0,22.4161,0
2015-04-18 01:57:53,0,1,1.20332,0,7.15705,0,22.4161,0
2015-04-18 02:02:53,1,1,1.27855,0,6.26224,0,22.4161,0
2015-04-18 02:07:53,0,1,1.19171,0,5.41442,0,22.4161,0
2015-04-18 02:12:53,0,1,1.18749,0,4.35878,0,22.4161,0
2015-04-18 02:17:53,0,1,1.24562,0,7.40657,0,22.4161,0
2015-04-18 02:22:53,0,1,1.20911,0,7.19575,0,22.4161,0
2015-04-18 02:27:53,0,1,1.19604,0,7.26283,0,22.4161,0
2015-04-18 02:32:53,2,1,1.19274,0,6.95903,0,22.4161,0
2015-04-18 02:37:53,0,1,1.253,0,6.42798,0,22.4161,0
2015-04-18 02:42:53,0,1,1.16446,0,6.05035,0,22.4161,0
2015-04-18 02:47:53,0,1,1.25488,0,7.24867,0,22.4161,0
2015-04-18 02:52:53,1,1,1.23131,0,6.3428,0,22.4161,0
2015-04-18 02:57:53,2,1,1.24561,0,4.77182,0,22.4161,0
2015-04-18 03:02:53,0,1,1.20059,0,3.54763,0,22.4161,0
2015-04-18 03:07:53,0,1,1.24566,0,5.99788,0,22.4161,0
2015-04-18 03:12:53,2,1,1.18793,0,6.89235,0,22.4161,0
2015-04-18 03:17:53,0,1,1.24789,0,6.29836,0,22.4161,0
2015-04-18 03:22:53,0,1,1.20243,0,5.88676,0,22.4161,0
2015-04-18 03:27:53,0,1,1.22883,0,7.262,0,22.4161,0
2015-04-18 03:32:53,1,1,1.21627,0,6.37738,0,22.4161,0
2015-04-18 03:37:53,1,1,1.29829,0,4.28123,0,22.4161,0
2015-04-18 03:42:53,0,1,1.16279,0,2.41733,0,22.4161,0
2015-04-18 03:47:53,0,1,1.21959,0,4.40818,0,22.4161,0
2015-04-18 03:52:53,0,1,1.21476,0,7.44004,0,22.4161,0
2015-04-18 03:57:53,1,1,1.22638,0,6.14231,0,22.4161,0
2015-04-18 04:02:53,1,1,1.27127,0,4.31465,0,22.4161,0
2015-04-18 04:07:53,0,1,1.20301,0,2.36829,0,22.4161,0
2015-04-18 04:12:53,0,1,1.20079,0,4.42468,0,22.4161,0
2015-04-18 04:17:53,0,1,1.29328,0,7.42062,0,22.4161,0
2015-04-18 04:22:53,0,1,1.22903,0,7.3039,0,22.4161,0
2015-04-18 04:27:53,0,1,1.18486,0,7.41797,0,22.4161,0
2015-04-18 04:32:53,0,1,1.23147,0,7.52276,0,22.4161,0
2015-04-18 04:37:53,0,1,1.20612,0,7.28829,0,22.4161,0
2015-04-18 04:42:53,0,1,1.22037,0,7.22363,0,22.4161,0
2015-04-18 04:47:53,0,1,1.23236,0,7.32701,0,22.4161,0
2015-04-18 04:52:53,0,1,1.23106,0,7.29146,0,22.4161,0
2015-04-18 04:57:53,2,1,1.14035,0,6.89477,0,22.4161,0
2015-04-18 05:02:53,0,1,1.25771,0,6.37532,0,22.4161,0
2015-04-18 05:07:53,0,1,1.21705,0,5.84523,0,22.4161,0
2015-04-18 05:12:53,0,1,1.16752,0,7.15354,0,22.4161,0
2015-04-18 05:17:53,0,1,1.18209,0,7.37476,0,22.4161,0
2015-04-18 05:22:53,0,1,1.21538,0,7.16828,0,22.4161,0
2015-04-18 05:27:53,0,1,1.23077,0,7.08213,0,22.4161,0
2015-04-18 05:32:53,0,1,1.20143,0,7.20779,0,22.4161,0
2015-04-18 05:37:53,0,1,1.1896,0,7.30909,0,22.4161,0
2015-04-18 05:42:53,0,1,1.2063,0,7.28476,0,22.4161,0
2015-04-18 05:47:53,0,1,1.21411,0,7.18978,0,22.4161,0
2015-04-18 05:52:53,0,1,1.1703,0,7.1955,0,22.4161,0
2015-04-18 05:57:53,3,1,1.27606,0,7.8768,0,22.4161,0
2015-04-18 06:02:53,0,1,1.28182,0,8.57779,0,22.4161,0
2015-04-18 06:07:53,0,1,1.13084,0,9.32305,0,22.4161,0
2015-04-18 06:12:53,0,1,1.27838,0,7.52267,0,22.4161,0
2015-04-18 06:17:53,1,1,1.17152,0,6.38552,0,22.4161,0
2015-04-18 06:22:53,0,1,1.28491,0,5.12079,0,22.4161,0
2015-04-18 06:27:53,0,1,1.23112,0,4.46308,0,22.4161,0
2015-04-18 06:32:53,0,1,1.17296,0,7.31548,0,22.4161,0
2015-04-18 06:37:53,0,1,1.21052,0,7.48991,0,22.4161,0
2015-04-18 06:42:53,0,1,1.29615,0,7.24978,0,22.4161,0
2015-04-18 06:47:53,0,1,1.1669,0,7.23606,0,22.4161,0
2015-04-18 06:52:53,1,1,1.22281,0,6.39076,0,22.4161,0
2015-04-18 06:57:53,0,1,1.2061,0,5.44506,0,22.4161,0
2015-04-18 07:02:53,0,1,1.24318,0,4.15242,0,22.4161,0
2015-04-18 07:07:53,0,1,1.24443,0,7.32379,0,22.4161,0
2015-04-18 07:12:53,0,1,1.18177,0,7.34908,0,22.4161,0
2015-04-18 07:17:53,0,1,1.17522,0,7.40016,0,22.4161,0
2015-04-18 07:22:53,0,1,1.27162,0,7.27205,0,22.4161,0
2015-04-18 07:27:53,0,1,1.23399,0,7.16736,0,22.4161,0
2015-04-18 07:32:53,0,1,1.18181,0,7.30291,0,22.4161,0
2015-04-18 07:37:53,0,1,1.15223,0,7.46467,0,22.4161,0
2015-04-18 07:42:53,0,1,1.29052,0,7.21783,0,22.4161,0
2015-04-18 07:47:53,0,1,1.16978,0,7.14042,0,22.4161,0
2015-04-18 07:52:53,0,1,1.23832,0,7.20752,0,22.4161,0
2015-04-18 07:57:53,0,1,1.17702,0,7.44944,0,22.4161,0
2015-04-18 08:02:53,0,1,1.16601,0,7.163,0,22.4161,0
2015-04-18 08:07:53,0,1,1.21737,0,7.235,0,22.4161,0
2015-04-18 08:12:53,0,1,1.24241,0,7.08045,0,22.4161,0
2015-04-18 08:17:53,0,1,1.15823,0,7.17518,0,22.4161,0
2015-04-18 08:22:53,0,1,1.20469,0,7.29517,0,22.4161,0
2015-04-18 08:27:53,0,1,1.23452,0,7.24837,0,22.4161,0
2015-04-18 08:32:53,0,1,1.1772,0,7.11859,0,22.4161,0
2015-04-18 08:37:53,0,1,1.17734,0,7.26031,0,22.4161,0
2015-04-18 08:42:53,0,1,1.24426,0,7.2353,0,22.4161,0
2015-04-18 08:47:53,0,1,1.23283,0,7.13054,0,22.4161,0
2015-04-18 08:52:53,0,1,1.17077,0,7.25335,0,22.4161,0
2015-04-18 08:57:53,0,1,1.19796,0,7.36919,0,22.4161,0
2015-04-18 09:02:53,2,1,1.19333,0,6.84206,0,22.4161,0
2015-04-18 09:07:53,0,1,1.30277,0,6.30972,0,22.4161,0
2015-04-18 09:12:53,0,1,1.15534,0,6.09557,0,22.4161,0
2015-04-18 09:17:53,0,1,1.19609,0,7.34088,0,22.4161,0
2015-04-18 09:22:53,1,1,1.19005,0,6.41509,0,22.4161,0
2015-04-18 09:27:53,0,1,1.3246,0,5.04826,0,22.4161,0
2015-04-18 09:32:53,0,1,1.11981,0,4.29296,0,22.4161,0
2015-04-18 09:37:53,1,1,1.23251,0,6.33915,0,22.4161,0
2015-04-18 09:42:53,0,1,1.23487,0,5.44592,0,22.4161,0
2015-04-18 09:47:53,1,1,1.20301,0,3.05931,0,22.4161,0
2015-04-18 09:52:53,0,1,1.21955,0,5.37029,0,22.4161,0
2015-04-18 09:57:53,0,1,1.16818,0,4.33019,0,22.4161,0
2015-04-18 10:02:53,3,1,1.20865,0,7.87995,0,22.4161,0
2015-04-18 10:07:53,0,1,1.34195,0,8.53095,0,22.4161,0
2015-04-18 10:12:53,0,1,1.16205,0,9.25472,0,22.4161,0
2015-04-18 10:17:53,0,1,1.21705,0,7.47191,0,22.4161,0
2015-04-18 10:22:53,0,1,1.17586,0,7.567,0,22.4161,0
2015-04-18 10:27:53,0,1,1.2846,0,7.09613,0,22.4161,0
2015-04-18 10:32:53,0,1,1.21554,0,7.28748,0,22.4161,0
2015-04-18 10:37:53,0,1,1.16705,0,7.31233,0,22.4161,0
2015-04-18 10:42:53,1,1,1.2185,0,6.45194,0,22.4161,0
2015-04-18 10:47:53,0,1,1.23837,0,5.19923,0,22.4161,0
2015-04-18 10:52:53,0,1,1.17311,0,4.17651,0,22.4161,0
2015-04-18 10:57:53,1,1,1.22109,0,6.30535,0,22.4161,0
2015-04-18 11:02:53,0,1,1.2554,0,5.28241,0,22.4161,0
2015-04-18 11:07:53,0,1,1.19126,0,4.21692,0,22.4161,0
2015-04-18 11:12:53,0,1,1.23575,0,7.36534,0,22.4161,0
2015-04-18 11:17:53,1,1,1.20948,0,6.38448,0,22.4161,0
2015-04-18 11:22:53,0,1,1.22064,0,5.25476,0,22.4161,0
2015-04-18 11:27:53,0,1,1.21076,0,4.34684,0,22.4161,0
2015-04-18 11:32:53,0,1,1.24096,0,7.28048,0,22.4161,0
2015-04-18 11:37:53,0,1,1.22086,0,7.32441,0,22.4161,0
2015-04-18 11:42:53,0,1,1.18049,0,7.33505,0,22.4161,0
2015-04-18 11:47:53,0,1,1.2575,0,7.34508,0,22.4161,0
2015-04-18 11:52:53,1,1,1.1632,0,6.28105,0,22.4161,0
2015-04-18 11:57:53,1,1,1.29421,0,4.21966,0,22.4161,0
2015-04-18 12:02:53,0,1,1.21512,0,2.39311,0,22.4161,0
2015-04-18 12:07:53,0,1,1.19096,0,4.29315,0,22.4161,0
2015-04-18 12:12:53,0,1,1.22271,0,7.50383,0,22.4161,0
2015-04-18 12:17:53,1,1,1.2193,0,6.25,0,22.4161,0
2015-04-18 12:22:53,1,1,1.23764,0,4.2376,0,22.4161,0
2015-04-18 12:27:53,1,1,1.24025,0,1.34437,0,22.4161,0
2015-04-18 12:32:53,0,1,1.24483,0,2.37342,0,22.4161,0
2015-04-18 12:37:53,0,1,1.2093,0,4.43826,0,22.4161,0
2015-04-18 12:42:53,0,1,1.2109,0,7.41971,0,22.4161,0
2015-04-18 12:47:53,0,1,1.24076,0,7.364,0,22.4161,0
2015-04-18 12:52:53,0,1,1.26594,0,7.29046,0,22.4161,0
2015-04-18 12:57:53,0,1,1.16591,0,7.38016,0,22.4161,0
2015-04-18 13:02:53,0,1,1.23511,0,7.42007,0,22.4161,0
2015-04-18 13:07:53,0,1,1.20386,0,7.36474,0,22.4161,0
2015-04-18 13:12:53,0,1,1.25709,0,7.17179,0,22.4161,0
2015-04-18 13:17:53,0,1,1.22816,0,7.37013,0,22.4161,0
2015-04-18 13:22:53,0,1,1.16835,0,7.35392,0,22.4161,0
2015-04-18 13:27:53,0,1,1.25138,0,7.39595,0,22.4161,0
2015-04-18 13:32:53,0,1,1.31839,0,7.27259,0,22.4161,0
2015-04-18 13:37:53,0,1,1.10382,0,7.32622,0,22.4161,0
2015-04-18 13:42:53,1,1,1.24175,0,6.49475,0,22.4161,0
2015-04-18 13:47:53,0,1,1.26568,0,5.40456,0,22.4161,0
2015-04-18 13:52:53,1,1,1.20976,0,3.06063,0,22.4161,0
2015-04-18 13:57:53,0,1,1.22934,0,5.46636,0,22.4161,0
2015-04-18 14:02:53,1,1,1.16595,0,3.44589,0,22.4161,0
2015-04-18 14:07:53,1,1,1.23085,0,4.2539,0,22.4161,0
2015-04-18 14:12:53,0,1,1.29249,0,2.25077,0,22.4161,0
2015-04-18 14:17:53,2,1,1.17676,0,3.66705,0,22.4161,0
2015-04-18 14:22:53,0,1,1.24011,0,6.28433,0,22.4161,0
2015-04-18 14:27:53,0,1,1.15954,0,5.71615,0,22.4161,0
2015-04-18 14:32:53,0,1,1.25446,0,7.17004,0,22.4161,0
2015-04-18 14:37:53,2,1,1.16579,0,6.78497,0,22.4161,0
2015-04-18 14:42:53,0,1,1.26461,0,6.13549,0,22.4161,0
2015-04-18 14:47:53,0,1,1.21472,0,5.83281,0,22.4161,0
2015-04-18 14:52:53,1,1,1.19657,0,6.24131,0,22.4161,0
2015-04-18 14:57:53,0,1,1.22824,0,5.41985,0,22.4161,0
2015-04-18 15:02:53,0,1,1.19125,0,4.26554,0,22.4161,0
2015-04-18 15:07:53,2,1,1.27331,0,6.85494,0,22.4161,0
2015-04-18 15:12:53,3,1,1.24129,0,7.0289,0,22.4161,0
2015-04-18 15:17:53,0,1,1.26086,0,7.12092,0,22.4161,0
2015-04-18 15:22:53,0,1,1.21012,0,8.92349,0,22.4161,0
2015-04-18 15:27:53,1,1,1.25216,0,6.4557,0,22.4161,0
2015-04-18 15:32:53,1,1,1.18864,0,4.45497,0,22.4161,0
2015-04-18 15:37:53,0,1,1.26467,0,2.32332,0,22.4161,0
2015-04-18 15:42:53,1,1,1.20449,0,3.39842,0,22.4161,0
2015-04-18 15:47:53,1,1,1.25425,0,4.29975,0,22.4161,0
2015-04-18 15:52:53,0,1,1.2304,0,2.45725,0,22.4161,0
2015-04-18 15:57:53,0,1,1.2112,0,4.35238,0,22.4161,0
2015-04-18 16:02:53,1,1,1.23892,0,6.43475,0,22.4161,0
2015-04-18 16:07:53,1,1,1.22819,0,4.35251,0,22.4161,0
2015-04-18 16:12:53,2,1,1.25898,0,1.88325,0,22.4161,0
2015-04-18 16:17:53,0,1,1.23739,0,3.51935,0,22.4161,0
2015-04-18 16:22:53,0,1,1.18616,0,6.07077,0,22.4161,0
2015-04-18 16:27:53,1,1,1.24147,0,6.43788,0,22.4161,0
2015-04-18 16:32:53,0,1,1.27802,0,5.32597,0,22.4161,0
2015-04-18 16:37:53,0,1,1.24577,0,4.31945,0,22.4161,0
2015-04-18 16:42:53,1,1,1.21489,0,6.52624,0,22.4161,0
2015-04-18 16:47:53,0,1,1.21439,0,5.54051,0,22.4161,0
2015-04-18 16:52:53,0,1,1.23685,0,4.38149,0,22.4161,0
2015-04-18 16:57:53,0,1,1.18836,0,7.3103,0,22.4161,0
2015-04-18 17:02:53,0,1,1.22773,0,7.30524,0,22.4161,0
2015-04-18 17:07:53,1,1,1.27318,0,6.31502,0,22.4161,0
2015-04-18 17:12:53,1,1,1.22353,0,4.29374,0,22.4161,0
2015-04-18 17:17:53,0,1,1.18057,0,2.45309,0,22.4161,0
2015-04-18 17:22:53,0,1,1.26575,0,4.44717,0,22.4161,0
2015-04-18 17:27:53,0,1,1.21137,0,7.29749,0,22.4161,0
2015-04-18 17:32:53,0,1,1.19978,0,7.28458,0,22.4161,0
2015-04-18 17:37:53,0,1,1.26012,0,7.41977,0,22.4161,0
2015-04-18 17:42:53,0,1,1.23868,0,7.2938,0,22.4161,0
2015-04-18 17:47:53,0,1,1.22032,0,7.35826,0,22.4161,0
2015-04-18 17:52:53,0,1,1.2071,0,7.47805,0,22.4161,0
2015-04-18 17:57:53,0,1,1.27234,0,7.36379,0,22.4161,0
2015-04-18 18:02:53,1,1,1.21148,0,6.34751,0,22.4161,0
2015-04-18 18:07:53,0,1,1.25591,0,5.37746,0,22.4161,0
2015-04-18 18:12:53,0,1,1.1991,0,4.4959,0,22.4161,0
2015-04-18 18:17:53,0,1,1.24178,0,7.34535,0,22.4161,0
2015-04-18 18:22:53,0,1,1.20459,0,7.40769,0,22.4161,0
2015-04-18 18:27:53,0,1,1.22952,0,7.28543,0,22.4161,0
2015-04-18 18:32:53,1,1,1.20024,0,6.36402,0,22.4161,0
2015-04-18 18:37:53,0,0,1.0947,0,5.27303,0,22.4161,0
2015-04-18 18:42:53,0,0,1.27669,0,4.18372,0,22.4161,0
2015-04-18 18:47:53,0,0,1.16332,0,7.0668,0,22.4161,0
2015-04-18 18:52:53,1,0,1.29673,0,6.0008,0,22.4161,0
2015-04-18 18:57:53,0,0,1.14342,0,5.45344,0,22.4161,0
2015-04-18 19:02:53,1,0,1.27664,0,3.22686,0,22.4161,0
2015-04-18 19:07:53,1,0,1.24514,0,4.45368,0,22.4161,0
2015-04-18 19:12:53,1,0,1.16697,0,1.22868,0,22.4161,0
2015-04-18 19:17:53,0,0,1.30397,0,2.48716,0,22.4161,0
2015-04-18 19:22:53,1,0,1.20405,0,3.37332,0,22.4161,0
2015-04-18 19:27:53,0,0,1.27224,0,5.3129,0,22.4161,0
2015-04-18 19:32:53,0,0,1.16462,0,4.59225,0,22.4161,0
2015-04-18 19:37:53,0,0,1.31121,0,7.32127,0,22.4161,0
2015-04-18 19:42:53,0,0,1.18879,0,7.45719,0,22.4161,0
2015-04-18 19:47:53,2,0,1.2777,0,6.9275,0,22.4161,0
2015-04-18 19:52:53,0,0,1.11516,0,6.83376,0,22.4161,0
2015-04-18 19:57:53,0,0,1.30404,0,6.10419,0,22.4161,0
2015-04-18 20:02:53,0,0,1.18345,0,7.36746,0,22.4161,0
2015-04-18 20:07:53,1,0,1.31844,0,6.137,0,22.4161,0
2015-04-18 20:12:53,1,0,1.11534,0,4.59746,0,22.4161,0
2015-04-18 20:17:53,0,0,1.43389,0,2.30255,0,22.4161,0
2015-04-18 20:22:53,0,0,1.1256,0,4.61988,0,22.4161,0
2015-04-18 20:27:53,0,0,1.26513,0,7.33941,0,22.4161,0
2015-04-18 20:32:53,0,0,1.17204,0,7.81802,0,22.4161,0
2015-04-18 20:37:53,0,0,1.21636,0,7.0791,0,22.4161,0
2015-04-18 20:42:53,0,0,1.28436,0,7.35582,0,22.4161,0
2015-04-18 20:47:53,0,0,1.2428,0,7.2332,0,22.4161,0
2015-04-18 20:52:53,0,0,1.21176,0,7.4606,0,22.4161,0
2015-04-18 20:57:53,0,0,1.12718,0,7.55044,0,22.4161,0
2015-04-18 21:02:53,1,0,1.34271,0,6.27911,0,22.4161,0
2015-04-18 21:07:53,0,0,1.0917,0,5.23236,0,22.4161,0
2015-04-18 21:12:53,5,0,1.35766,0,6.97525,0,22.4161,0
2015-04-18 21:17:53,0,0,1.04838,0,13.2883,0,22.4161,0
2015-04-18 21:22:53,0,0,1.37636,0,15.4886,0,22.4161,0
2015-04-18 21:27:53,1,0,1.11039,0,6.54608,0,22.4161,0
2015-04-18 21:32:53,1,0,1.38163,0,4.00824,0,22.4161,0
2015-04-18 21:37:53,0,0,1.06766,0,2.7315,0,22.4161,0
2015-04-18 21:42:53,2,0,1.41249,0,4.02677,0,22.4161,0
2015-04-18 21:47:53,0,0,1.16188,0,7.31703,0,22.4161,0
2015-04-18 21:52:53,0,0,1.19693,0,6.78387,0,22.4161,0
2015-04-18 21:57:53,0,0,1.32963,0,7.75816,0,22.4161,0
2015-04-18 22:02:53,1,0,1.17094,0,6.20914,0,22.4161,0
2015-04-18 22:07:53,0,0,1.37254,0,5.42099,0,22.4161,0
2015-04-18 22:12:53,0,0,1.22197,0,4.70332,0,22.4161,0
2015-04-18 22:17:53,0,0,1.30503,0,7.47987,0,22.4161,0
2015-04-18 22:22:53,2,0,1.02588,0,7.25653,0,22.4161,0
2015-04-18 22:27:53,0,0,1.38545,0,6.08173,0,22.4161,0
2015-04-18 22:32:53,0,0,1.05869,0,5.52212,0,22.4161,0
2015-04-18 22:37:53,0,0,1.39385,0,6.90721,0,22.4161,0
2015-04-18 22:42:53,0,0,1.08452,0,7.66757,0,22.4161,0
2015-04-18 22:47:53,2,0,1.32566,0,6.87923,0,22.4161,0
2015-04-18 22:52:53,1,0,1.03665,0,6.54791,0,22.4161,0
2015-04-18 22:57:53,0,0,1.36769,0,4.36615,0,22.4161,0
2015-04-18 23:02:53,1,0,1.19929,0,3.41798,0,22.4161,0
2015-04-18 23:07:53,1,0,1.26544,0,4.04463,0,22.4161,0
2015-04-18 23:12:53,1,0,1.17221,0,1.76709,0,22.4161,0
2015-04-18 23:17:53,2,0,1.27162,0,1.95656,0,22.4161,0
2015-04-18 23:22:53,0,0,1.22094,0,3.72352,0,22.4161,0
2015-04-18 23:27:53,0,0,1.22275,0,6.24754,0,22.4161,0
2015-04-18 23:32:53,0,0,1.24283,0,7.47949,0,22.4161,0
2015-04-18 23:37:53,0,0,1.2567,0,7.35114,0,22.4161,0
2015-04-18 23:42:53,0,0,1.22254,0,7.41061,0,22.4161,0
2015-04-18 23:47:53,0,0,1.17773,0,7.46444,0,22.4161,0
2015-04-18 23:52:53,1,0,1.30477,0,6.39291,0,22.4161,0
2015-04-18 23:57:53,0,0,1.13387,0,5.32783,0,22.4161,0
2015-04-19 00:02:53,1,0,1.36174,0,3.27658,0,22.4161,0
2015-04-19 00:07:53,0,0,1.0978,0,5.54379,0,22.4161,0
2015-04-19 00:12:53,0,0,1.36371,0,4.2229,0,22.4161,0
2015-04-19 00:17:53,0,0,1.21868,0,7.64454,0,22.4161,0
2015-04-19 00:22:53,0,0,1.27755,0,7.23949,0,22.4161,0
2015-04-19 00:27:53,0,0,1.11053,0,7.80602,0,22.4161,0
2015-04-19 00:32:53,0,0,1.27178,0,7.32166,0,22.4161,0
2015-04-19 00:37:53,0,0,1.21353,0,7.32549,0,22.4161,0
2015-04-19 00:42:53,0,0,1.12267,0,7.08867,0,22.4161,0
2015-04-19 00:47:53,0,0,1.32271,0,7.36507,0,22.4161,0
2015-04-19 00:52:53,0,0,1.17174,0,7.20863,0,22.4161,0
2015-04-19 00:57:53,0,0,1.18111,0,7.18518,0,22.4161,0
2015-04-19 01:02:53,0,0,1.20544,0,7.49273,0,22.4161,0
2015-04-19 01:07:53,0,0,1.30725,0,7.08288,0,22.4161,0
2015-04-19 01:12:53,1,0,1.11316,0,6.26145,0,22.4161,0
2015-04-19 01:17:53,3,0,1.34877,0,6.11764,0,22.4161,0
2015-04-19 01:22:53,1,0,1.02141,0,6.47509,0,22.4161,0
2015-04-19 01:27:53,0,0,1.36677,0,6.47058,0,22.4161,0
2015-04-19 01:32:53,0,0,1.09642,0,4.45589,0,22.4161,0
2015-04-19 01:37:53,0,0,1.39398,0,6.8942,0,22.4161,0
2015-04-19 01:42:53,0,0,1.11594,0,7.68714,0,22.4161,0
2015-04-19 01:47:53,0,0,1.36431,0,7.19317,0,22.4161,0
2015-04-19 01:52:53,1,0,1.16073,0,6.77813,0,22.4161,0
2015-04-19 01:57:53,0,0,1.19006,0,5.23715,0,22.4161,0
2015-04-19 02:02:53,1,0,1.25338,0,3.60445,0,22.4161,0
2015-04-19 02:07:53,0,0,1.13524,0,5.1157,0,22.4161,0
2015-04-19 02:12:53,0,0,1.3946,0,4.2122,0,22.4161,0
2015-04-19 02:17:53,2,0,1.21685,0,6.63603,0,22.4161,0
2015-04-19 02:22:53,0,0,1.19593,0,5.83338,0,22.4161,0
2015-04-19 02:27:53,0,0,1.17226,0,5.44584,0,22.4161,0
2015-04-19 02:32:53,0,0,1.3039,0,7.21467,0,22.4161,0
2015-04-19 02:37:53,0,0,1.18306,0,7.23623,0,22.4161,0
2015-04-19 02:42:53,0,0,1.18342,0,7.30766,0,22.4161,0
2015-04-19 02:47:53,0,0,1.22936,0,7.46125,0,22.4161,0
2015-04-19 02:52:53,0,0,1.29253,0,7.14537,0,22.4161,0
2015-04-19 02:57:53,0,0,1.18736,0,7.30151,0,22.4161,0
2015-04-19 03:02:53,0,0,1.21912,0,7.46051,0,22.4161,0
2015-04-19 03:07:53,0,0,1.26278,0,7.47145,0,22.4161,0
2015-04-19 03:12:53,1,0,1.22196,0,6.26311,0,22.4161,0
2015-04-19 03:17:53,1,0,1.2169,0,4.40488,0,22.4161,0
2015-04-19 03:22:53,0,0,1.20128,0,2.44917,0,22.4161,0
2015-04-19 03:27:53,0,0,1.21309,0,4.30096,0,22.4161,0
2015-04-19 03:32:53,0,0,1.20448,0,7.26636,0,22.4161,0
2015-04-19 03:37:53,0,0,1.21287,0,7.2345,0,22.4161,0
2015-04-19 03:42:53,0,0,1.1714,0,7.26109,0,22.4161,0
2015-04-19 03:47:53,0,0,1.24444,0,7.21058,0,22.4161,0
2015-04-19 03:52:53,1,0,1.2553,0,6.22587,0,22.4161,0
2015-04-19 03:57:53,0,0,1.09781,0,5.25839,0,22.4161,0
2015-04-19 04:02:53,0,0,1.29336,0,4.34173,0,22.4161,0
2015-04-19 04:07:53,0,0,1.3131,0,7.25487,0,22.4161,0
2015-04-19 04:12:53,1,0,1.2385,0,6.19323,0,22.4161,0
2015-04-19 04:17:53,0,0,1.24341,0,5.74476,0,22.4161,0
2015-04-19 04:22:53,0,0,1.26322,0,4.6597,0,22.4161,0
2015-04-19 04:27:53,0,0,1.19413,0,7.46554,0,22.4161,0
2015-04-19 04:32:53,0,0,1.22032,0,7.4508,0,22.4161,0
2015-04-19 04:37:53,0,0,1.17437,0,7.39823,0,22.4161,0
2015-04-19 04:42:53,0,0,1.24158,0,7.19738,0,22.4161,0
2015-04-19 04:47:53,1,0,1.18903,0,6.25126,0,22.4161,0
2015-04-19 04:52:53,1,0,1.19446,0,4.19529,0,22.4161,0
2015-04-19 04:57:53,0,0,1.20024,0,2.29725,0,22.4161,0
2015-04-19 05:02:53,0,0,1.19489,0,4.15624,0,22.4161,0
2015-04-19 05:07:53,0,0,1.4161,0,7.17876,0,22.4161,0
2015-04-19 05:12:53,0,0,1.11463,0,7.40661,0,22.4161,0
2015-04-19 05:17:53,2,0,1.27045,0,7.30225,0,22.4161,0
2015-04-19 05:22:53,0,0,1.19407,0,7.28949,0,22.4161,0
2015-04-19 05:27:53,0,0,1.29525,0,6.39106,0,22.4161,0
2015-04-19 05:32:53,0,0,1.15887,0,7.49474,0,22.4161,0
2015-04-19 05:37:53,0,0,1.25099,0,7.33159,0,22.4161,0
2015-04-19 05:42:53,2,0,1.18015,0,6.95251,0,22.4161,0
2015-04-19 05:47:53,0,0,1.23546,0,6.15478,0,22.4161,0
2015-04-19 05:52:53,0,0,1.24846,0,5.8428,0,22.4161,0
2015-04-19 05:57:53,0,0,1.17441,0,7.25983,0,22.4161,0
2015-04-19 06:02:53,0,0,1.2702,0,7.37769,0,22.4161,0
2015-04-19 06:07:53,0,0,1.17633,0,7.36439,0,22.4161,0
2015-04-19 06:12:53,0,0,1.27772,0,7.23996,0,22.4161,0
2015-04-19 06:17:53,0,0,1.2389,0,7.441,0,22.4161,0
2015-04-19 06:22:53,0,0,1.32541,0,7.32335,0,22.4161,0
2015-04-19 06:27:53,1,0,1.07925,0,6.63639,0,22.4161,0
2015-04-19 06:32:53,0,0,1.27853,0,5.44679,0,22.4161,0
2015-04-19 06:37:53,0,0,1.19893,0,4.41328,0,22.4161,0
2015-04-19 06:42:53,0,0,1.28388,0,6.99375,0,22.4161,0
2015-04-19 06:47:53,0,0,1.13868,0,7.51734,0,22.4161,0
2015-04-19 06:52:53,0,0,1.25143,0,7.30323,0,22.4161,0
2015-04-19 06:57:53,0,0,1.19572,0,7.38042,0,22.4161,0
2015-04-19 07:02:53,0,0,1.19719,0,7.11463,0,22.4161,0
2015-04-19 07:07:53,0,0,1.2672,0,7.34293,0,22.4161,0
2015-04-19 07:12:53,0,0,1.09591,0,7.24875,0,22.4161,0
2015-04-19 07:17:53,0,0,1.40418,0,7.22188,0,22.4161,0
2015-04-19 07:22:53,2,0,1.06437,0,6.58922,0,22.4161,0
2015-04-19 07:27:53,0,0,1.25502,0,5.54373,0,22.4161,0
2015-04-19 07:32:53,0,0,1.20809,0,5.17121,0,22.4161,0
2015-04-19 07:37:53,0,0,1.24378,0,6.91123,0,22.4161,0
2015-04-19 07:42:53,0,0,1.30254,0,7.425,0,22.4161,0
2015-04-19 07:47:53,0,0,1.10771,0,7.41436,0,22.4161,0
2015-04-19 07:52:53,0,0,1.30249,0,7.44413,0,22.4161,0
2015-04-19 07:57:53,0,0,1.17176,0,7.42554,0,22.4161,0
2015-04-19 08:02:53,0,0,1.2461,0,7.09986,0,22.4161,0
2015-04-19 08:07:53,0,0,1.20819,0,7.49708,0,22.4161,0
2015-04-19 08:12:53,0,0,1.17676,0,7.21566,0,22.4161,0
2015-04-19 08:17:53,0,0,1.32273,0,7.33144,0,22.4161,0
2015-04-19 08:22:53,3,0,1.25662,0,7.65534,0,22.4161,0
2015-04-19 08:27:53,0,0,1.12868,0,8.14143,0,22.4161,0
2015-04-19 08:32:53,0,0,1.21026,0,8.67374,0,22.4161,0
2015-04-19 08:37:53,1,0,1.25089,0,6.23748,0,22.4161,0
2015-04-19 08:42:53,0,0,1.238,0,5.05744,0,22.4161,0
2015-04-19 08:47:53,0,0,1.17015,0,4.37055,0,22.4161,0
2015-04-19 08:52:53,0,0,1.27853,0,7.39882,0,22.4161,0
2015-04-19 08:57:53,1,0,1.31572,0,6.33281,0,22.4161,0
2015-04-19 09:02:53,0,0,1.03657,0,5.38321,0,22.4161,0
2015-04-19 09:07:53,0,0,1.34817,0,4.50358,0,22.4161,0
2015-04-19 09:12:53,0,0,1.13118,0,7.36845,0,22.4161,0
2015-04-19 09:17:53,0,0,1.3936,0,6.93722,0,22.4161,0
2015-04-19 09:22:53,0,0,1.21877,0,7.70048,0,22.4161,0
2015-04-19 09:27:53,0,0,1.18385,0,7.39952,0,22.4161,0
2015-04-19 09:32:53,0,0,1.233,0,7.8022,0,22.4161,0
2015-04-19 09:37:53,0,0,1.20785,0,7.25701,0,22.4161,0
2015-04-19 09:42:53,0,0,1.15148,0,7.2254,0,22.4161,0
2015-04-19 09:47:53,0,0,1.2189,0,7.26617,0,22.4161,0
2015-04-19 09:52:53,0,0,1.28875,0,7.1454,0,22.4161,0
2015-04-19 09:57:53,1,0,1.18862,0,6.18099,0,22.4161,0
2015-04-19 10:02:53,0,0,1.08392,0,5.42282,0,22.4161,0
2015-04-19 10:07:53,0,0,1.27062,0,4.32741,0,22.4161,0
2015-04-19 10:12:53,0,0,1.25914,0,7.00433,0,22.4161,0
2015-04-19 10:17:53,0,0,1.2294,0,7.05216,0,22.4161,0
2015-04-19 10:22:53,2,0,1.23192,0,7.10075,0,22.4161,0
2015-04-19 10:27:53,0,0,1.1181,0,6.55054,0,22.4161,0
2015-04-19 10:32:53,0,0,1.33232,0,5.89373,0,22.4161,0
2015-04-19 10:37:53,0,0,1.08273,0,7.26427,0,22.4161,0
2015-04-19 10:42:53,1,0,1.39553,0,6.10165,0,22.4161,0
2015-04-19 10:47:53,0,0,1.07458,0,5.55793,0,22.4161,0
2015-04-19 10:52:53,0,0,1.34416,0,4.11382,0,22.4161,0
2015-04-19 10:57:53,0,0,1.18158,0,7.67991,0,22.4161,0
2015-04-19 11:02:53,0,0,1.24267,0,7.09364,0,22.4161,0
2015-04-19 11:07:53,0,0,1.15644,0,7.63831,0,22.4161,0
2015-04-19 11:12:53,0,0,1.28815,0,7.18652,0,22.4161,0
2015-04-19 11:17:53,0,0,1.25509,0,7.32904,0,22.4161,0
2015-04-19 11:22:53,0,0,1.1515,0,7.30073,0,22.4161,0
2015-04-19 11:27:53,0,0,1.41543,0,7.52614,0,22.4161,0
2015-04-19 11:32:53,1,0,1.01334,0,6.4837,0,22.4161,0
2015-04-19 11:37:53,0,0,1.36109,0,5.2987,0,22.4161,0
2015-04-19 11:42:53,0,0,1.10399,0,4.63404,0,22.4161,0
2015-04-19 11:47:53,0,0,1.32123,0,6.86618,0,22.4161,0
2015-04-19 11:52:53,0,0,1.08298,0,7.61247,0,22.4161,0
2015-04-19 11:57:53,0,0,1.34753,0,7.03739,0,22.4161,0
2015-04-19 12:02:53,0,0,1.09626,0,7.47717,0,22.4161,0
2015-04-19 12:07:53,0,0,1.21556,0,7.04025,0,22.4161,0
2015-04-19 12:12:53,0,0,1.22087,0,7.45066,0,22.4161,0
2015-04-19 12:17:53,0,0,1.19493,0,6.94076,0,22.4161,0
2015-04-19 12:22:53,0,0,1.20024,0,7.28335,0,22.4161,0
2015-04-19 12:27:53,1,0,1.32332,0,6.25271,0,22.4161,0
2015-04-19 12:32:53,0,0,1.15028,0,5.30858,0,22.4161,0
2015-04-19 12:37:53,1,0,1.26551,0,3.39763,0,22.4161,0
2015-04-19 12:42:53,0,0,1.13505,0,5.53602,0,22.4161,0
2015-04-19 12:47:53,0,0,1.29108,0,4.1169,0,22.4161,0
2015-04-19 12:52:53,0,0,1.19299,0,7.3577,0,22.4161,0
2015-04-19 12:57:53,1,0,1.23225,0,6.1803,0,22.4161,0
2015-04-19 13:02:53,1,0,1.19014,0,4.49146,0,22.4161,0
2015-04-19 13:07:53,0,0,1.17493,0,2.23362,0,22.4161,0
2015-04-19 13:12:53,1,0,1.34748,0,3.25197,0,22.4161,0
2015-04-19 13:17:53,0,0,1.02985,0,5.26776,0,22.4161,0
2015-04-19 13:22:53,0,0,1.416,0,4.24961,0,22.4161,0
2015-04-19 13:27:53,1,0,1.23288,0,6.51815,0,22.4161,0
2015-04-19 13:32:53,0,0,1.30275,0,5.15443,0,22.4161,0
2015-04-19 13:37:53,0,0,1.13772,0,5.0165,0,22.4161,0
2015-04-19 13:42:53,0,0,1.30976,0,7.44186,0,22.4161,0
2015-04-19 13:47:53,0,0,1.21377,0,7.49344,0,22.4161,0
2015-04-19 13:52:53,0,0,1.16873,0,7.24644,0,22.4161,0
2015-04-19 13:57:53,0,0,1.29555,0,7.52554,0,22.4161,0
2015-04-19 14:02:53,0,0,1.27092,0,7.27432,0,22.4161,0
2015-04-19 14:07:53,0,0,1.10851,0,7.36821,0,22.4161,0
2015-04-19 14:12:53,0,0,1.31227,0,7.53701,0,22.4161,0
2015-04-19 14:17:53,0,0,1.14166,0,7.34206,0,22.4161,0
2015-04-19 14:22:53,0,0,1.23488,0,7.09173,0,22.4161,0
2015-04-19 14:27:53,4,0,1.30266,0,8.98526,0,22.4161,0
2015-04-19 14:32:53,0,0,1.04789,0,10.2579,0,22.4161,0
2015-04-19 14:37:53,0,0,1.33439,0,11.9486,0,22.4161,0
2015-04-19 14:42:53,0,0,1.10057,0,7.33815,0,22.4161,0
2015-04-19 14:47:53,0,0,1.44065,0,6.91302,0,22.4161,0
2015-04-19 14:52:53,0,0,1.00611,0,7.64496,0,22.4161,0
2015-04-19 14:57:53,0,0,1.46958,0,7.18911,0,22.4161,0
2015-04-19 15:02:53,1,0,1.10132,0,6.80375,0,22.4161,0
2015-04-19 15:07:53,0,0,1.16689,0,5.05882,0,22.4161,0
2015-04-19 15:12:53,0,0,1.26369,0,4.7783,0,22.4161,0
2015-04-19 15:17:53,0,0,1.13058,0,6.90145,0,22.4161,0
2015-04-19 15:22:53,0,0,1.4297,0,7.15863,0,22.4161,0
2015-04-19 15:27:53,1,0,1.17238,0,6.48191,0,22.4161,0
2015-04-19 15:32:53,1,0,1.25338,0,4.42351,0,22.4161,0
2015-04-19 15:37:53,0,0,1.05698,0,2.88724,0,22.4161,0
2015-04-19 15:42:53,0,0,1.423,0,4.08089,0,22.4161,0
2015-04-19 15:47:53,0,0,1.10938,0,7.2971,0,22.4161,0
2015-04-19 15:52:53,0,0,1.27115,0,7.12634,0,22.4161,0
2015-04-19 15:57:53,0,0,1.14529,0,7.75891,0,22.4161,0
2015-04-19 16:02:53,0,0,1.39656,0,7.01572,0,22.4161,0
2015-04-19 16:07:53,0,0,1.05536,0,7.50058,0,22.4161,0
2015-04-19 16:12:53,0,0,1.26431,0,7.28434,0,22.4161,0
2015-04-19 16:17:53,0,0,1.27069,0,7.56471,0,22.4161,0
2015-04-19 16:22:53,1,0,1.18196,0,5.96538,0,22.4161,0
2015-04-19 16:27:53,0,0,1.23561,0,5.51625,0,22.4161,0
2015-04-19 16:32:53,0,0,1.18449,0,4.41158,0,22.4161,0
2015-04-19 16:37:53,0,0,1.25953,0,7.20158,0,22.4161,0
2015-04-19 16:42:53,0,0,1.16226,0,7.33535,0,22.4161,0
2015-04-19 16:47:53,1,0,1.24875,0,6.2348,0,22.4161,0
2015-04-19 16:52:53,0,0,1.16956,0,5.35186,0,22.4161,0
2015-04-19 16:57:53,1,0,1.2232,0,3.15383,0,22.4161,0
2015-04-19 17:02:53,0,0,1.15217,0,5.30855,0,22.4161,0
2015-04-19 17:07:53,1,0,1.28519,0,3.10724,0,22.4161,0
2015-04-19 17:12:53,0,0,1.12917,0,5.25912,0,22.4161,0
2015-04-19 17:17:53,1,0,1.44416,0,3.15606,0,22.4161,0
2015-04-19 17:22:53,0,0,1.06093,0,5.55808,0,22.4161,0
2015-04-19 17:27:53,0,0,1.36018,0,4.33676,0,22.4161,0
2015-04-19 17:32:53,0,0,1.22953,0,7.81452,0,22.4161,0
2015-04-19 17:37:53,0,0,1.20147,0,7.13268,0,22.4161,0
2015-04-19 17:42:53,0,0,1.24527,0,7.74105,0,22.4161,0
2015-04-19 17:47:53,0,0,1.18005,0,7.33678,0,22.4161,0
2015-04-19 17:52:53,0,0,1.30127,0,7.27499,0,22.4161,0
2015-04-19 17:57:53,0,0,1.07373,0,7.39716,0,22.4161,0
2015-04-19 18:02:53,0,0,1.36747,0,7.21642,0,22.4161,0
2015-04-19 18:07:53,0,0,1.08738,0,7.41875,0,22.4161,0
2015-04-19 18:12:53,0,0,1.30102,0,7.04352,0,22.4161,0
2015-04-19 18:17:53,0,0,1.17003,0,7.5782,0,22.4161,0
2015-04-19 18:22:53,1,0,1.28285,0,6.03421,0,22.4161,0
2015-04-19 18:27:53,0,0,1.03296,0,5.52596,0,22.4161,0
2015-04-19 18:32:53,1,0,1.46258,0,3.10876,0,22.4161,0
2015-04-19 18:37:53,0,0,1.03275,0,5.37705,0,22.4161,0
2015-04-19 18:42:53,0,0,1.40573,0,4.05678,0,22.4161,0
2015-04-19 18:47:53,1,0,1.02177,0,6.85896,0,22.4161,0
2015-04-19 18:52:53,0,0,1.33025,0,4.93147,0,22.4161,0
2015-04-19 18:57:53,0,0,1.1521,0,4.59097,0,22.4161,0
2015-04-19 19:02:53,0,0,1.26395,0,6.8779,0,22.4161,0
2015-04-19 19:07:53,3,0,1.26275,0,8.03098,0,22.4161,0
2015-04-19 19:12:53,0,0,1.0254,0,8.19114,0,22.4161,0
2015-04-19 19:17:53,1,0,1.41968,0,7.75906,0,22.4161,0
2015-04-19 19:22:53,0,0,1.00265,0,5.25874,0,22.4161,0
2015-04-19 19:27:53,1,0,1.50931,0,2.91821,0,22.4161,0
2015-04-19 19:32:53,1,0,0.985574,0,4.77364,0,22.4161,0
2015-04-19 19:37:53,1,0,1.49891,0,1.04099,0,22.4161,0
2015-04-19 19:42:53,0,0,1.05688,0,3.05569,0,22.4161,0
2015-04-19 19:47:53,0,0,1.4022,0,4.09798,0,22.4161,0
2015-04-19 19:52:53,1,0,1.13269,0,10.8829,0,22.4161,0
2015-04-19 19:57:53,0,1,1.20291,0,5.10772,0,22.4161,0
2015-04-19 20:02:53,0,1,1.3839,0,4.67488,0,22.4161,0
2015-04-19 20:07:53,1,1,1.21399,0,6.18779,0,22.4161,0
2015-04-19 20:12:53,0,1,1.2786,0,5.59052,0,22.4161,0
2015-04-19 20:17:53,0,1,1.05333,0,4.85826,0,22.4161,0
2015-04-19 20:22:53,1,1,1.47397,0,6.25248,0,22.4161,0
2015-04-19 20:27:53,1,1,1.00654,0,4.41641,0,22.4161,0
2015-04-19 20:32:53,0,1,1.39369,0,2.11446,0,22.4161,0
2015-04-19 20:37:53,0,1,1.08584,0,4.82868,0,22.4161,0
2015-04-19 20:42:53,1,1,1.38135,0,5.89285,0,22.4161,0
2015-04-19 20:47:53,0,1,1.01306,0,5.73411,0,22.4161,0
2015-04-19 20:52:53,0,1,1.40512,0,4.03329,0,22.4161,0
2015-04-19 20:57:53,0,1,1.12554,0,7.5753,0,22.4161,0
2015-04-19 21:02:53,0,1,1.33541,0,6.97499,0,22.4161,0
2015-04-19 21:07:53,1,1,1.15446,0,6.80187,0,22.4161,0
2015-04-19 21:12:53,1,1,1.22643,0,4.20191,0,22.4161,0
2015-04-19 21:17:53,0,1,1.18001,0,2.54158,0,22.4161,0
2015-04-19 21:22:53,0,1,1.31865,0,4.09626,0,22.4161,0
2015-04-19 21:27:53,0,1,1.2986,0,7.35796,0,22.4161,0
2015-04-19 21:32:53,0,1,1.09856,0,7.47593,0,22.4161,0
2015-04-19 21:37:53,1,1,1.36289,0,6.65169,0,22.4161,0
2015-04-19 21:42:53,0,1,1.07227,0,5.45579,0,22.4161,0
2015-04-19 21:47:53,1,1,1.31008,0,3.09371,0,22.4161,0
2015-04-19 21:52:53,0,1,1.09771,0,5.54329,0,22.4161,0
2015-04-19 21:57:53,0,1,1.40487,0,3.9347,0,22.4161,0
2015-04-19 22:02:53,0,1,1.06736,0,7.53054,0,22.4161,0
2015-04-19 22:07:53,0,1,1.38712,0,7.17022,0,22.4161,0
2015-04-19 22:12:53,0,1,1.20501,0,7.73644,0,22.4161,0
2015-04-19 22:17:53,0,1,1.22711,0,7.18133,0,22.4161,0
2015-04-19 22:22:53,0,1,1.26581,0,7.79851,0,22.4161,0
2015-04-19 22:27:53,0,1,1.17801,0,7.33507,0,22.4161,0
2015-04-19 22:32:53,0,1,1.27149,0,7.39096,0,22.4161,0
2015-04-19 22:37:53,0,1,1.16746,0,7.42492,0,22.4161,0
2015-04-19 22:42:53,0,1,1.31039,0,7.24445,0,22.4161,0
2015-04-19 22:47:53,0,1,1.09568,0,7.45977,0,22.4161,0
2015-04-19 22:52:53,2,1,1.28364,0,7.02748,0,22.4161,0
2015-04-19 22:57:53,0,1,1.11819,0,7.02344,0,22.4161,0
2015-04-19 23:02:53,0,1,1.28436,0,6.39843,0,22.4161,0
2015-04-19 23:07:53,0,1,1.12015,0,7.37165,0,22.4161,0
2015-04-19 23:12:53,0,1,1.42468,0,7.04344,0,22.4161,0
2015-04-19 23:17:53,0,1,0.994696,0,7.51807,0,22.4161,0
2015-04-19 23:22:53,0,1,1.44486,0,7.2045,0,22.4161,0
2015-04-19 23:27:53,0,1,1.07179,0,7.70829,0,22.4161,0
2015-04-19 23:32:53,0,1,1.33922,0,6.94559,0,22.4161,0
2015-04-19 23:37:53,0,1,1.16429,0,7.81737,0,22.4161,0
2015-04-19 23:42:53,0,1,1.22343,0,7.05811,0,22.4161,0
2015-04-19 23:47:53,0,1,1.28702,0,7.56969,0,22.4161,0
2015-04-19 23:52:53,1,1,1.1202,0,6.22677,0,22.4161,0
2015-04-19 23:57:53,0,1,1.28641,0,5.36454,0,22.4161,0
2015-04-20 00:02:53,0,1,1.06288,0,4.38787,0,22.4161,0
2015-04-20 00:07:53,0,1,1.40646,0,6.9963,0,22.4161,0
2015-04-20 00:12:53,2,1,1.08119,0,6.57852,0,22.4161,0
2015-04-20 00:17:53,0,1,1.2163,0,5.45692,0,22.4161,0
2015-04-20 00:22:53,1,1,1.18313,0,4.1593,0,22.4161,0
2015-04-20 00:27:53,1,1,1.29063,0,3.85931,0,22.4161,0
2015-04-20 00:32:53,0,1,1.1905,0,2.30581,0,22.4161,0
2015-04-20 00:37:53,0,1,1.28598,0,4.32115,0,22.4161,0
2015-04-20 00:42:53,0,1,1.32151,0,7.53886,0,22.4161,0
2015-04-20 00:47:53,1,1,1.21243,0,6.46496,0,22.4161,0
2015-04-20 00:52:53,0,1,1.22893,0,5.71338,0,22.4161,0
2015-04-20 00:57:53,0,1,1.2502,0,4.61831,0,22.4161,0
2015-04-20 01:02:53,0,1,1.15009,0,7.34534,0,22.4161,0
2015-04-20 01:07:53,1,1,1.30513,0,6.33728,0,22.4161,0
2015-04-20 01:12:53,2,1,1.18415,0,4.74567,0,22.4161,0
2015-04-20 01:17:53,0,1,1.21086,0,3.02417,0,22.4161,0
2015-04-20 01:22:53,1,1,1.23947,0,4.66377,0,22.4161,0
2015-04-20 01:27:53,0,1,1.28129,0,5.21366,0,22.4161,0
2015-04-20 01:32:53,0,1,1.16872,0,4.39283,0,22.4161,0
2015-04-20 01:37:53,0,1,1.2034,0,7.44972,0,22.4161,0
2015-04-20 01:42:53,0,1,1.43169,0,7.38472,0,22.4161,0
2015-04-20 01:47:53,1,1,1.14172,0,6.34466,0,22.4161,0
2015-04-20 01:52:53,0,1,1.19304,0,5.61532,0,22.4161,0
2015-04-20 01:57:53,0,1,1.23982,0,4.77156,0,22.4161,0
2015-04-20 02:02:53,1,1,1.23303,0,6.05107,0,22.4161,0
2015-04-20 02:07:53,0,1,1.23145,0,5.29179,0,22.4161,0
2015-04-20 02:12:53,0,1,1.29242,0,4.41698,0,22.4161,0
2015-04-20 02:17:53,0,1,1.21181,0,7.45441,0,22.4161,0
2015-04-20 02:22:53,0,1,1.25744,0,7.49099,0,22.4161,0
2015-04-20 02:27:53,0,1,1.13956,0,7.55831,0,22.4161,0
2015-04-20 02:32:53,0,1,1.18862,0,7.28986,0,22.4161,0
2015-04-20 02:37:53,0,1,1.23167,0,7.24007,0,22.4161,0
2015-04-20 02:42:53,0,1,1.23149,0,7.02761,0,22.4161,0
2015-04-20 02:47:53,0,1,1.22923,0,7.2607,0,22.4161,0
2015-04-20 02:52:53,0,1,1.12338,0,7.38723,0,22.4161,0
2015-04-20 02:57:53,0,1,1.39058,0,7.2763,0,22.4161,0
2015-04-20 03:02:53,0,1,1.17627,0,7.32503,0,22.4161,0
2015-04-20 03:07:53,0,1,1.28052,0,7.32756,0,22.4161,0
2015-04-20 03:12:53,1,1,1.13399,0,6.8048,0,22.4161,0
2015-04-20 03:17:53,0,1,1.27507,0,5.22385,0,22.4161,0
2015-04-20 03:22:53,0,1,1.13308,0,4.38462,0,22.4161,0
2015-04-20 03:27:53,0,1,1.25829,0,7.0852,0,22.4161,0
2015-04-20 03:32:53,0,1,1.22258,0,7.34966,0,22.4161,0
2015-04-20 03:37:53,0,1,1.20175,0,7.13841,0,22.4161,0
2015-04-20 03:42:53,0,1,1.20666,0,7.42178,0,22.4161,0
2015-04-20 03:47:53,0,1,1.17469,0,7.27791,0,22.4161,0
2015-04-20 03:52:53,0,1,1.27281,0,7.19326,0,22.4161,0
2015-04-20 03:57:53,0,1,1.21462,0,7.24215,0,22.4161,0
2015-04-20 04:02:53,0,1,1.25105,0,7.28429,0,22.4161,0
2015-04-20 04:07:53,0,1,1.21545,0,7.49871,0,22.4161,0
2015-04-20 04:12:53,0,1,1.23392,0,7.36141,0,22.4161,0
2015-04-20 04:17:53,0,1,1.28059,0,7.41797,0,22.4161,0
2015-04-20 04:22:53,0,1,1.10719,0,7.39478,0,22.4161,0
2015-04-20 04:27:53,0,1,1.36564,0,7.37014,0,22.4161,0
2015-04-20 04:32:53,1,1,1.08037,0,6.42179,0,22.4161,0
2015-04-20 04:37:53,0,1,1.23602,0,5.13321,0,22.4161,0
2015-04-20 04:42:53,2,1,1.15902,0,4.02164,0,22.4161,0
2015-04-20 04:47:53,0,1,1.17893,0,5.92807,0,22.4161,0
2015-04-20 04:52:53,0,1,1.29006,0,5.78891,0,22.4161,0
2015-04-20 04:57:53,0,1,1.15938,0,7.12497,0,22.4161,0
2015-04-20 05:02:53,0,1,1.37891,0,7.2763,0,22.4161,0
2015-04-20 05:07:53,0,1,1.04124,0,7.56785,0,22.4161,0
2015-04-20 05:12:53,0,1,1.37601,0,7.27719,0,22.4161,0
2015-04-20 05:17:53,0,1,1.19913,0,7.59522,0,22.4161,0
2015-04-20 05:22:53,0,1,1.1994,0,7.07486,0,22.4161,0
2015-04-20 05:27:53,0,1,1.32946,0,7.72569,0,22.4161,0
2015-04-20 05:32:53,0,1,1.07641,0,7.32567,0,22.4161,0
2015-04-20 05:37:53,0,1,1.38096,0,7.33353,0,22.4161,0
2015-04-20 05:42:53,0,1,1.10736,0,7.52214,0,22.4161,0
2015-04-20 05:47:53,0,1,1.29009,0,7.09849,0,22.4161,0
2015-04-20 05:52:53,0,1,1.09276,0,7.64769,0,22.4161,0
2015-04-20 05:57:53,0,1,1.31658,0,6.99503,0,22.4161,0
2015-04-20 06:02:53,0,1,1.10384,0,7.37238,0,22.4161,0
2015-04-20 06:07:53,0,1,1.22996,0,7.01527,0,22.4161,0
2015-04-20 06:12:53,0,1,1.19375,0,7.38736,0,22.4161,0
2015-04-20 06:17:53,1,1,1.35979,0,5.96518,0,22.4161,0
2015-04-20 06:22:53,0,1,1.04044,0,5.43717,0,22.4161,0
2015-04-20 06:27:53,1,1,1.33966,0,3.34128,0,22.4161,0
2015-04-20 06:32:53,1,1,1.14407,0,4.49992,0,22.4161,0
2015-04-20 06:37:53,1,1,1.27129,0,0.944725,0,22.4161,0
2015-04-20 06:42:53,0,1,1.11449,0,2.57842,0,22.4161,0
2015-04-20 06:47:53,0,1,1.30607,0,4.08928,0,22.4161,0
2015-04-20 06:52:53,0,1,1.29751,0,7.34892,0,22.4161,0
2015-04-20 06:57:53,0,1,1.13818,0,7.25312,0,22.4161,0
2015-04-20 07:02:53,0,1,1.35889,0,7.65142,0,22.4161,0
2015-04-20 07:07:53,0,1,1.14646,0,7.52778,0,22.4161,0
2015-04-20 07:12:53,0,1,1.32678,0,7.27877,0,22.4161,0
2015-04-20 07:17:53,0,1,1.14179,0,7.69637,0,22.4161,0
2015-04-20 07:22:53,0,1,1.33669,0,7.23473,0,22.4161,0
2015-04-20 07:27:53,0,1,1.18414,0,7.60062,0,22.4161,0
2015-04-20 07:32:53,0,1,1.37998,0,7.2829,0,22.4161,0
2015-04-20 07:37:53,0,1,1.11221,0,7.75832,0,22.4161,0
2015-04-20 07:42:53,0,1,1.23465,0,7.42457,0,22.4161,0
2015-04-20 07:47:53,0,1,1.23272,0,7.599,0,22.4161,0
2015-04-20 07:52:53,0,1,1.16768,0,7.03865,0,22.4161,0
2015-04-20 07:57:53,0,1,1.14077,0,7.33708,0,22.4161,0
2015-04-20 08:02:53,1,1,1.22265,0,6.17427,0,22.4161,0
2015-04-20 08:07:53,0,1,1.14719,0,5.00721,0,22.4161,0
2015-04-20 08:12:53,0,1,1.22791,0,4.01479,0,22.4161,0
2015-04-20 08:17:53,0,1,1.24941,0,7.19025,0,22.4161,0
2015-04-20 08:22:53,0,1,1.24365,0,7.14681,0,22.4161,0
2015-04-20 08:27:53,0,1,1.19668,0,7.42621,0,22.4161,0
2015-04-20 08:32:53,0,1,1.213,0,7.43221,0,22.4161,0
2015-04-20 08:37:53,0,1,1.28813,0,7.33733,0,22.4161,0
2015-04-20 08:42:53,0,1,1.08509,0,7.30418,0,22.4161,0
2015-04-20 08:47:53,0,1,1.39036,0,7.30035,0,22.4161,0
2015-04-20 08:52:53,0,1,1.0428,0,7.42494,0,22.4161,0
2015-04-20 08:57:53,1,1,1.3987,0,6.0788,0,22.4161,0
2015-04-20 09:02:53,0,1,1.03406,0,5.65538,0,22.4161,0
2015-04-20 09:07:53,0,1,1.34254,0,3.95985,0,22.4161,0
2015-04-20 09:12:53,0,1,1.09529,0,7.60677,0,22.4161,0
2015-04-20 09:17:53,0,1,1.39323,0,6.88257,0,22.4161,0
2015-04-20 09:22:53,0,1,1.12888,0,7.61144,0,22.4161,0
2015-04-20 09:27:53,0,1,1.21724,0,7.20122,0,22.4161,0
2015-04-20 09:32:53,0,1,1.28441,0,7.65469,0,22.4161,0
2015-04-20 09:37:53,0,1,1.14869,0,7.10553,0,22.4161,0
2015-04-20 09:42:53,0,1,1.29869,0,7.36923,0,22.4161,0
2015-04-20 09:47:53,0,1,1.13765,0,7.44929,0,22.4161,0
2015-04-20 09:52:53,0,1,1.35124,0,7.18108,0,22.4161,0
2015-04-20 09:57:53,0,1,1.14206,0,7.52259,0,22.4161,0
2015-04-20 10:02:53,0,1,1.25052,0,7.25747,0,22.4161,0
2015-04-20 10:07:53,0,1,1.07061,0,7.58835,0,22.4161,0
2015-04-20 10:12:53,0,1,1.32388,0,6.99783,0,22.4161,0
2015-04-20 10:17:53,0,1,1.05527,0,7.21665,0,22.4161,0
2015-04-20 10:22:53,0,1,1.33528,0,6.91485,0,22.4161,0
2015-04-20 10:27:53,0,1,1.09053,0,7.41745,0,22.4161,0
2015-04-20 10:32:53,0,1,1.37544,0,6.9269,0,22.4161,0
2015-04-20 10:37:53,0,1,1.04989,0,7.56232,0,22.4161,0
2015-04-20 10:42:53,0,1,1.37367,0,7.07235,0,22.4161,0
2015-04-20 10:47:53,0,1,1.15547,0,7.59978,0,22.4161,0
2015-04-20 10:52:53,0,1,1.28846,0,7.05248,0,22.4161,0
2015-04-20 10:57:53,0,1,1.13008,0,7.72041,0,22.4161,0
2015-04-20 11:02:53,0,1,1.19239,0,7.17342,0,22.4161,0
2015-04-20 11:07:53,1,1,1.29784,0,6.31793,0,22.4161,0
2015-04-20 11:12:53,1,1,1.00568,0,4.07287,0,22.4161,0
2015-04-20 11:17:53,0,1,1.28334,0,2.17853,0,22.4161,0
2015-04-20 11:22:53,1,1,1.15716,0,3.18822,0,22.4161,0
2015-04-20 11:27:53,0,1,1.294,0,4.7409,0,22.4161,0
2015-04-20 11:32:53,0,1,1.17269,0,4.45835,0,22.4161,0
2015-04-20 11:37:53,1,1,1.34993,0,6.23217,0,22.4161,0
2015-04-20 11:42:53,0,1,1.25466,0,5.57729,0,22.4161,0
2015-04-20 11:47:53,0,1,1.21836,0,4.47258,0,22.4161,0
2015-04-20 11:52:53,0,1,1.2662,0,7.77746,0,22.4161,0
2015-04-20 11:57:53,0,1,1.26526,0,7.4669,0,22.4161,0
2015-04-20 12:02:53,2,1,1.2181,0,6.92222,0,22.4161,0
2015-04-20 12:07:53,0,1,1.24156,0,6.4862,0,22.4161,0
2015-04-20 12:12:53,1,1,1.2529,0,4.88199,0,22.4161,0
2015-04-20 12:17:53,1,1,1.19936,0,4.39034,0,22.4161,0
2015-04-20 12:22:53,0,1,1.28666,0,2.42984,0,22.4161,0
2015-04-20 12:27:53,0,1,1.13433,0,4.44408,0,22.4161,0
2015-04-20 12:32:53,0,1,1.36678,0,7.30572,0,22.4161,0
2015-04-20 12:37:53,0,1,1.24478,0,7.49542,0,22.4161,0
2015-04-20 12:42:53,1,1,1.15378,0,6.38134,0,22.4161,0
2015-04-20 12:47:53,0,1,1.19533,0,5.74369,0,22.4161,0
2015-04-20 12:52:53,2,1,1.2127,0,3.84657,0,22.4161,0
2015-04-20 12:57:53,1,1,1.20802,0,5.28337,0,22.4161,0
2015-04-20 13:02:53,0,1,1.28566,0,4.04744,0,22.4161,0
2015-04-20 13:07:53,0,1,1.25903,0,4.33982,0,22.4161,0
2015-04-20 13:12:53,0,1,1.34286,0,7.45442,0,22.4161,0
2015-04-20 13:17:53,0,1,1.19817,0,7.7179,0,22.4161,0
2015-04-20 13:22:53,2,1,1.19726,0,7.26463,0,22.4161,0
2015-04-20 13:27:53,0,1,1.19772,0,6.8295,0,22.4161,0
2015-04-20 13:32:53,0,1,1.21539,0,5.99772,0,22.4161,0
2015-04-20 13:37:53,0,1,1.27482,0,7.20262,0,22.4161,0
2015-04-20 13:42:53,0,1,1.15267,0,7.29877,0,22.4161,0
2015-04-20 13:47:53,1,1,1.29213,0,6.3485,0,22.4161,0
2015-04-20 13:52:53,0,1,1.22643,0,5.42194,0,22.4161,0
2015-04-20 13:57:53,0,1,1.32116,0,4.26871,0,22.4161,0
2015-04-20 14:02:53,0,1,1.16136,0,7.65042,0,22.4161,0
2015-04-20 14:07:53,0,1,1.27904,0,7.48297,0,22.4161,0
2015-04-20 14:12:53,0,1,1.1651,0,7.56524,0,22.4161,0
2015-04-20 14:17:53,1,1,1.30435,0,6.20728,0,22.4161,0
2015-04-20 14:22:53,0,1,1.12146,0,5.47168,0,22.4161,0
2015-04-20 14:27:53,1,1,1.3226,0,3.22545,0,22.4161,0
2015-04-20 14:32:53,0,1,1.08109,0,5.47856,0,22.4161,0
2015-04-20 14:37:53,0,1,1.30977,0,4.09067,0,22.4161,0
2015-04-20 14:42:53,3,1,1.21611,0,7.82022,0,22.4161,0
2015-04-20 14:47:53,1,1,1.18162,0,6.83984,0,22.4161,0
2015-04-20 14:52:53,0,1,1.22582,0,6.68454,0,22.4161,0
2015-04-20 14:57:53,0,1,1.21961,0,4.23738,0,22.4161,0
2015-04-20 15:02:53,1,1,1.33347,0,6.2161,0,22.4161,0
2015-04-20 15:07:53,0,1,1.11926,0,5.45015,0,22.4161,0
2015-04-20 15:12:53,0,1,1.36788,0,4.44502,0,22.4161,0
2015-04-20 15:17:53,0,1,1.2225,0,7.6068,0,22.4161,0
2015-04-20 15:22:53,3,1,1.30373,0,7.87104,0,22.4161,0
2015-04-20 15:27:53,1,1,1.05108,0,10.1221,0,22.4161,0
2015-04-20 15:32:53,0,1,1.28084,0,6.99103,0,22.4161,0
2015-04-20 15:37:53,1,1,1.257,0,3.29418,0,22.4161,0
2015-04-20 15:42:53,0,1,1.3691,0,4.97192,0,22.4161,0
2015-04-20 15:47:53,2,1,1.14407,0,3.98742,0,22.4161,0
2015-04-20 15:52:53,0,1,1.18508,0,6.17686,0,22.4161,0
2015-04-20 15:57:53,0,1,1.33672,0,5.36591,0,22.4161,0
2015-04-20 16:02:53,1,1,1.11724,0,6.13909,0,22.4161,0
2015-04-20 16:07:53,0,1,1.31898,0,5.34594,0,22.4161,0
2015-04-20 16:12:53,1,1,1.12791,0,3.56364,0,22.4161,0
2015-04-20 16:17:53,0,1,1.41409,0,5.1176,0,22.4161,0
2015-04-20 16:22:53,0,1,1.12384,0,4.62686,0,22.4161,0
2015-04-20 16:27:53,0,1,1.31766,0,7.33576,0,22.4161,0
2015-04-20 16:32:53,1,1,1.15094,0,6.80762,0,22.4161,0
2015-04-20 16:37:53,0,1,1.29673,0,5.15779,0,22.4161,0
2015-04-20 16:42:53,0,1,1.18377,0,4.55159,0,22.4161,0
2015-04-20 16:47:53,0,1,1.23961,0,7.23005,0,22.4161,0
2015-04-20 16:52:53,0,1,1.18943,0,7.49734,0,22.4161,0
2015-04-20 16:57:53,0,1,1.19224,0,7.21997,0,22.4161,0
2015-04-20 17:02:53,2,1,1.27264,0,6.90544,0,22.4161,0
2015-04-20 17:07:53,1,1,1.14973,0,5.45646,0,22.4161,0
2015-04-20 17:12:53,1,1,1.2637,0,3.1183,0,22.4161,0
2015-04-20 17:17:53,0,1,1.16751,0,2.38108,0,22.4161,0
2015-04-20 17:22:53,2,1,1.31721,0,3.80906,0,22.4161,0
2015-04-20 17:27:53,1,1,1.1482,0,7.46003,0,22.4161,0
2015-04-20 17:32:53,0,1,1.33959,0,4.28008,0,22.4161,0
2015-04-20 17:37:53,1,1,1.18447,0,3.5876,0,22.4161,0
2015-04-20 17:42:53,2,1,1.2363,0,4.9393,0,22.4161,0
2015-04-20 17:47:53,0,1,1.23108,0,3.88613,0,22.4161,0
2015-04-20 17:52:53,1,1,1.22947,0,5.15028,0,22.4161,0
2015-04-20 17:57:53,0,1,1.31377,0,5.40053,0,22.4161,0
2015-04-20 18:02:53,0,1,1.21102,0,4.46597,0,22.4161,0
2015-04-20 18:07:53,1,1,1.29412,0,6.52699,0,22.4161,0
2015-04-20 18:12:53,0,1,1.17532,0,5.65749,0,22.4161,0
2015-04-20 18:17:53,0,1,1.26686,0,4.39663,0,22.4161,0
2015-04-20 18:22:53,0,1,1.25003,0,7.49985,0,22.4161,0
2015-04-20 18:27:53,0,1,1.29715,0,7.3097,0,22.4161,0
2015-04-20 18:32:53,2,1,1.1134,0,7.00348,0,22.4161,0
2015-04-20 18:37:53,0,1,1.31027,0,6.26919,0,22.4161,0
2015-04-20 18:42:53,0,1,1.14906,0,5.64562,0,22.4161,0
2015-04-20 18:47:53,0,1,1.28587,0,7.1098,0,22.4161,0
2015-04-20 18:52:53,1,1,1.25988,0,6.51478,0,22.4161,0
2015-04-20 18:57:53,3,1,1.18973,0,5.75902,0,22.4161,0
2015-04-20 19:02:53,2,1,1.17854,0,5.14811,0,22.4161,0
2015-04-20 19:07:53,0,1,1.18605,0,8.01945,0,22.4161,0
2015-04-20 19:12:53,3,1,1.25609,0,6.60186,0,22.4161,0
2015-04-20 19:17:53,0,1,1.22716,0,8.41962,0,22.4161,0
2015-04-20 19:22:53,1,1,1.20558,0,8.1812,0,22.4161,0
2015-04-20 19:27:53,0,1,1.30033,0,5.42816,0,22.4161,0
2015-04-20 19:32:53,0,1,1.31128,0,4.39297,0,22.4161,0
2015-04-20 19:37:53,0,1,1.15672,0,7.52868,0,22.4161,0
2015-04-20 19:42:53,0,1,1.2764,0,7.68026,0,22.4161,0
2015-04-20 19:47:53,0,1,1.19187,0,7.52368,0,22.4161,0
2015-04-20 19:52:53,0,1,1.35148,0,7.21484,0,22.4161,0
2015-04-20 19:57:53,1,1,1.21063,0,6.56442,0,22.4161,0
2015-04-20 20:02:53,1,1,1.17967,0,4.4892,0,22.4161,0
2015-04-20 20:07:53,1,1,1.27744,0,1.65536,0,22.4161,0
2015-04-20 20:12:53,0,1,1.1873,0,2.26868,0,22.4161,0
2015-04-20 20:17:53,0,1,1.27166,0,4.28118,0,22.4161,0
2015-04-20 20:22:53,0,1,1.14216,0,7.47857,0,22.4161,0
2015-04-20 20:27:53,1,1,1.40154,0,6.24737,0,22.4161,0
2015-04-20 20:32:53,0,1,1.04792,0,5.50084,0,22.4161,0
2015-04-20 20:37:53,0,1,1.32492,0,4.27749,0,22.4161,0
2015-04-20 20:42:53,0,1,1.11131,0,7.6254,0,22.4161,0
2015-04-20 20:47:53,0,1,1.37613,0,6.90492,0,22.4161,0
2015-04-20 20:52:53,0,1,1.09832,0,7.57351,0,22.4161,0
2015-04-20 20:57:53,0,1,1.33083,0,7.18449,0,22.4161,0
2015-04-20 21:02:53,0,1,1.19858,0,7.65585,0,22.4161,0
2015-04-20 21:07:53,0,1,1.19586,0,7.1552,0,22.4161,0
2015-04-20 21:12:53,0,1,1.25293,0,7.5855,0,22.4161,0
2015-04-20 21:17:53,0,1,1.17962,0,7.24037,0,22.4161,0
2015-04-20 21:22:53,0,1,1.27115,0,7.27305,0,22.4161,0
2015-04-20 21:27:53,0,1,1.11651,0,7.38918,0,22.4161,0
2015-04-20 21:32:53,1,1,1.29075,0,6.19765,0,22.4161,0
2015-04-20 21:37:53,0,1,1.13727,0,5.33721,0,22.4161,0
2015-04-20 21:42:53,0,1,1.29196,0,4.0683,0,22.4161,0
2015-04-20 21:47:53,0,1,1.17772,0,7.43876,0,22.4161,0
2015-04-20 21:52:53,0,1,1.28416,0,7.17343,0,22.4161,0
2015-04-20 21:57:53,0,1,1.19377,0,7.51546,0,22.4161,0
2015-04-20 22:02:53,0,1,1.29293,0,7.29523,0,22.4161,0
2015-04-20 22:07:53,0,1,1.16525,0,7.53295,0,22.4161,0
2015-04-20 22:12:53,1,1,1.24815,0,6.33242,0,22.4161,0
2015-04-20 22:17:53,0,1,1.21085,0,5.45744,0,22.4161,0
2015-04-20 22:22:53,0,1,1.17451,0,4.20289,0,22.4161,0
2015-04-20 22:27:53,0,1,1.30119,0,7.34066,0,22.4161,0
2015-04-20 22:32:53,0,1,1.11952,0,7.28276,0,22.4161,0
2015-04-20 22:37:53,0,1,1.27735,0,7.24542,0,22.4161,0
2015-04-20 22:42:53,0,1,1.143,0,7.41996,0,22.4161,0
2015-04-20 22:47:53,0,1,1.3315,0,7.05626,0,22.4161,0
2015-04-20 22:52:53,0,1,1.10197,0,7.44956,0,22.4161,0
2015-04-20 22:57:53,0,1,1.27869,0,7.19396,0,22.4161,0
2015-04-20 23:02:53,0,1,1.1845,0,7.47712,0,22.4161,0
2015-04-20 23:07:53,1,1,1.35208,0,6.04778,0,22.4161,0
2015-04-20 23:12:53,0,1,1.11627,0,5.55715,0,22.4161,0
2015-04-20 23:17:53,0,1,1.29726,0,4.37393,0,22.4161,0
2015-04-20 23:22:53,0,1,1.1393,0,7.58602,0,22.4161,0
2015-04-20 23:27:53,0,1,1.30076,0,7.08262,0,22.4161,0
2015-04-20 23:32:53,0,1,1.17263,0,7.47115,0,22.4161,0
2015-04-20 23:37:53,2,1,1.21623,0,6.8468,0,22.4161,0
2015-04-20 23:42:53,0,1,1.10621,0,6.77325,0,22.4161,0
2015-04-20 23:47:53,0,1,1.25686,0,6.0208,0,22.4161,0
2015-04-20 23:52:53,0,1,1.15634,0,7.11798,0,22.4161,0
2015-04-20 23:57:53,0,1,1.25666,0,6.9887,0,22.4161,0
2015-04-21 00:02:53,1,1,1.3197,0,6.33994,0,22.4161,0
2015-04-21 00:07:53,0,1,1.13087,0,5.30205,0,22.4161,0
2015-04-21 00:12:53,0,1,1.39482,0,4.54025,0,22.4161,0
2015-04-21 00:17:53,0,1,1.06006,0,7.61566,0,22.4161,0
2015-04-21 00:22:53,0,1,1.42477,0,7.24231,0,22.4161,0
2015-04-21 00:27:53,0,1,0.98782,0,7.72934,0,22.4161,0
2015-04-21 00:32:53,0,1,1.49385,0,7.01755,0,22.4161,0
2015-04-21 00:37:53,1,1,1.13687,0,6.74382,0,22.4161,0
2015-04-21 00:42:53,1,1,1.23073,0,4.08804,0,22.4161,0
2015-04-21 00:47:53,0,1,1.01935,0,2.98604,0,22.4161,0
2015-04-21 00:52:53,0,1,1.33778,0,3.89143,0,22.4161,0
2015-04-21 00:57:53,0,1,1.24051,0,7.06867,0,22.4161,0
2015-04-21 01:02:53,0,1,1.27124,0,6.97411,0,22.4161,0
2015-04-21 01:07:53,0,1,1.20896,0,7.76559,0,22.4161,0
2015-04-21 01:12:53,0,1,1.24765,0,7.47296,0,22.4161,0
2015-04-21 01:17:53,0,1,1.21771,0,7.47928,0,22.4161,0
2015-04-21 01:22:53,0,1,1.13295,0,7.33987,0,22.4161,0
2015-04-21 01:27:53,0,1,1.31361,0,7.31131,0,22.4161,0
2015-04-21 01:32:53,0,1,1.16048,0,7.23262,0,22.4161,0
2015-04-21 01:37:53,1,1,1.42437,0,6.18653,0,22.4161,0
2015-04-21 01:42:53,0,1,0.960204,0,5.68614,0,22.4161,0
2015-04-21 01:47:53,0,1,1.37111,0,4.79562,0,22.4161,0
2015-04-21 01:52:53,0,1,1.10677,0,7.86961,0,22.4161,0
2015-04-21 01:57:53,1,1,1.36401,0,7.57042,0,22.4161,0
2015-04-21 02:02:53,0,1,1.04043,0,6.5317,0,22.4161,0
2015-04-21 02:07:53,0,1,1.32213,0,4.08876,0,22.4161,0
2015-04-21 02:12:53,0,1,1.16846,0,7.49502,0,22.4161,0
2015-04-21 02:17:53,0,1,1.25443,0,6.93399,0,22.4161,0
2015-04-21 02:22:53,1,1,1.19313,0,6.55773,0,22.4161,0
2015-04-21 02:27:53,0,1,1.25071,0,5.20737,0,22.4161,0
2015-04-21 02:32:53,1,1,1.30056,0,3.40026,0,22.4161,0
2015-04-21 02:37:53,0,1,1.12792,0,5.38139,0,22.4161,0
2015-04-21 02:42:53,0,1,1.38574,0,4.48118,0,22.4161,0
2015-04-21 02:47:53,1,1,1.03933,0,6.54327,0,22.4161,0
2015-04-21 02:52:53,0,1,1.40161,0,5.19456,0,22.4161,0
2015-04-21 02:57:53,0,1,1.08763,0,4.63748,0,22.4161,0
2015-04-21 03:02:53,0,1,1.357,0,7.00883,0,22.4161,0
2015-04-21 03:07:53,0,1,1.10498,0,7.7371,0,22.4161,0
2015-04-21 03:12:53,1,1,1.30915,0,6.08187,0,22.4161,0
2015-04-21 03:17:53,0,1,1.14803,0,5.5901,0,22.4161,0
2015-04-21 03:22:53,0,1,1.27267,0,4.08126,0,22.4161,0
2015-04-21 03:27:53,0,1,1.26184,0,7.49618,0,22.4161,0
2015-04-21 03:32:53,0,1,1.24771,0,7.25128,0,22.4161,0
2015-04-21 03:37:53,0,1,1.15978,0,7.58942,0,22.4161,0
2015-04-21 03:42:53,0,1,1.3383,0,7.44074,0,22.4161,0
2015-04-21 03:47:53,0,1,1.22985,0,7.40099,0,22.4161,0
2015-04-21 03:52:53,1,1,1.15088,0,6.38577,0,22.4161,0
2015-04-21 03:57:53,0,1,1.184,0,5.62546,0,22.4161,0
2015-04-21 04:02:53,0,1,1.12312,0,4.1753,0,22.4161,0
2015-04-21 04:07:53,0,1,1.38035,0,6.94375,0,22.4161,0
2015-04-21 04:12:53,0,1,1.16176,0,7.17858,0,22.4161,0
2015-04-21 04:17:53,0,1,1.23566,0,7.29182,0,22.4161,0
2015-04-21 04:22:53,0,1,1.17236,0,7.70024,0,22.4161,0
2015-04-21 04:27:53,0,1,1.27347,0,7.12897,0,22.4161,0
2015-04-21 04:32:53,0,1,1.10237,0,7.32517,0,22.4161,0
2015-04-21 04:37:53,0,1,1.28905,0,7.16639,0,22.4161,0
2015-04-21 04:42:53,0,1,1.24816,0,7.31419,0,22.4161,0
2015-04-21 04:47:53,0,1,1.28835,0,7.13336,0,22.4161,0
2015-04-21 04:52:53,0,0,1.18502,0,7.6518,0,22.4161,0
2015-04-21 04:57:53,0,0,0.864942,0,7.50618,0,22.4161,0
2015-04-21 05:02:53,0,0,0.734548,0,7.10003,0,22.4161,0
2015-04-21 05:07:53,0,0,1.17507,0,6.01949,0,22.4161,0
2015-04-21 05:12:53,0,0,0.83098,0,5.23899,0,22.4161,0
2015-04-21 05:17:53,0,0,0.786261,0,5.38477,0,22.4161,0
2015-04-21 05:22:53,0,0,1.09662,0,5.97343,0,22.4161,0
2015-04-21 05:27:53,0,0,0.729101,0,5.16208,0,22.4161,0
2015-04-21 05:32:53,0,0,0.999817,0,5.28112,0,22.4161,0
2015-04-21 05:37:53,1,0,0.919385,0,4.74823,0,22.4161,0
2015-04-21 05:42:53,0,0,0.728874,0,3.10705,0,22.4161,0
2015-04-21 05:47:53,0,0,1.12766,0,2.4292,0,22.4161,0
2015-04-21 05:52:53,0,0,0.915724,0,5.09449,0,22.4161,0
2015-04-21 05:57:53,0,0,0.73719,0,5.35766,0,22.4161,0
2015-04-21 06:02:53,0,0,1.1491,0,5.95161,0,22.4161,0
2015-04-21 06:07:53,0,0,0.688607,0,5.37066,0,22.4161,0
2015-04-21 06:12:53,0,0,0.945358,0,5.19838,0,22.4161,0
2015-04-21 06:17:53,0,0,1.12318,0,5.76988,0,22.4161,0
2015-04-21 06:22:53,0,0,0.606047,0,5.07972,0,22.4161,0
2015-04-21 06:27:53,0,0,1.12333,0,5.68849,0,22.4161,0
2015-04-21 06:32:53,0,0,0.893563,0,5.70497,0,22.4161,0
2015-04-21 06:37:53,0,0,0.695736,0,4.95836,0,22.4161,0
2015-04-21 06:42:53,0,0,1.17951,0,5.85284,0,22.4161,0
2015-04-21 06:47:53,0,0,0.782127,0,5.25167,0,22.4161,0
2015-04-21 06:52:53,0,0,0.751109,0,5.22836,0,22.4161,0
2015-04-21 06:57:53,0,0,1.22734,0,5.8539,0,22.4161,0
2015-04-21 07:02:53,0,0,0.587155,0,5.07594,0,22.4161,0
2015-04-21 07:07:53,0,0,1.13899,0,5.29517,0,22.4161,0
2015-04-21 07:12:53,0,0,0.977242,0,5.99533,0,22.4161,0
2015-04-21 07:17:53,0,0,0.545951,0,5.01668,0,22.4161,0
2015-04-21 07:22:53,0,0,1.35026,0,5.91739,0,22.4161,0
2015-04-21 07:27:53,0,0,0.576769,0,5.37389,0,22.4161,0
2015-04-21 07:32:53,0,0,0.960201,0,4.91514,0,22.4161,0
2015-04-21 07:37:53,0,0,1.14721,0,6.16452,0,22.4161,0
2015-04-21 07:42:53,0,0,0.475104,0,4.79792,0,22.4161,0
2015-04-21 07:47:53,0,0,1.24008,0,5.65013,0,22.4161,0
2015-04-21 07:52:53,0,0,0.719455,0,5.63192,0,22.4161,0
2015-04-21 07:57:53,0,0,0.834913,0,4.62493,0,22.4161,0
2015-04-21 08:02:53,0,0,1.22526,0,5.99408,0,22.4161,0
2015-04-21 08:07:53,0,0,0.55979,0,5.05345,0,22.4161,0
2015-04-21 08:12:53,0,0,1.03495,0,5.51504,0,22.4161,0
2015-04-21 08:17:53,0,0,1.02125,0,5.8303,0,22.4161,0
2015-04-21 08:22:53,0,0,0.688377,0,4.77052,0,22.4161,0
2015-04-21 08:27:53,0,0,1.09931,0,5.83572,0,22.4161,0
2015-04-21 08:32:53,0,0,0.79907,0,5.53981,0,22.4161,0
2015-04-21 08:37:53,1,0,0.795666,0,5.21819,0,22.4161,0
2015-04-21 08:42:53,0,0,1.10801,0,4.24897,0,22.4161,0
2015-04-21 08:47:53,0,0,0.798586,0,3.30214,0,22.4161,0
2015-04-21 08:52:53,0,0,0.875367,0,5.40161,0,22.4161,0
2015-04-21 08:57:53,1,0,1.04835,0,8.01249,0,22.4161,0
2015-04-21 09:02:53,0,0,0.834139,0,3.69338,0,22.4161,0
2015-04-21 09:07:53,0,0,1.01492,0,3.14601,0,22.4161,0
2015-04-21 09:12:53,1,0,0.863601,0,4.37903,0,22.4161,0
2015-04-21 09:17:53,0,0,0.851051,0,3.39586,0,22.4161,0
2015-04-21 09:22:53,0,0,1.1735,0,2.62302,0,22.4161,0
2015-04-21 09:27:53,0,0,0.605028,0,5.46641,0,22.4161,0
2015-04-21 09:32:53,0,0,1.11905,0,5.50519,0,22.4161,0
2015-04-21 09:37:53,0,0,0.998468,0,5.84961,0,22.4161,0
2015-04-21 09:42:53,0,0,0.610659,0,5.05165,0,22.4161,0
2015-04-21 09:47:53,0,0,1.23761,0,5.96475,0,22.4161,0
2015-04-21 09:52:53,0,0,0.779928,0,5.45433,0,22.4161,0
2015-04-21 09:57:53,0,0,0.859845,0,5.08712,0,22.4161,0
2015-04-21 10:02:53,0,0,1.15256,0,6.13253,0,22.4161,0
2015-04-21 10:07:53,1,0,0.662395,0,4.21203,0,22.4161,0
2015-04-21 10:12:53,0,0,1.0258,0,3.54705,0,22.4161,0
2015-04-21 10:17:53,1,0,1.0969,0,1.80827,0,22.4161,0
2015-04-21 10:22:53,0,0,0.540379,0,3.13569,0,22.4161,0
2015-04-21 10:27:53,1,0,1.41385,0,1.93428,0,22.4161,0
2015-04-21 10:32:53,0,0,0.600982,0,4.25029,0,22.4161,0
2015-04-21 10:37:53,0,0,1.0246,0,4.88297,0,22.4161,0
2015-04-21 10:42:53,0,0,1.08997,0,5.6849,0,22.4161,0
2015-04-21 10:47:53,1,0,0.695094,0,4.34605,0,22.4161,0
2015-04-21 10:52:53,1,0,1.06079,0,2.96257,0,22.4161,0
2015-04-21 10:57:53,0,0,0.989544,0,1.9405,0,22.4161,0
2015-04-21 11:02:53,0,0,0.800145,0,4.37062,0,22.4161,0
2015-04-21 11:07:53,1,0,1.12582,0,6.65897,0,22.4161,0
2015-04-21 11:12:53,0,0,0.748243,0,4.49416,0,22.4161,0
2015-04-21 11:17:53,0,0,1.10527,0,3.4216,0,22.4161,0
2015-04-21 11:22:53,0,0,0.84057,0,5.34976,0,22.4161,0
2015-04-21 11:27:53,4,0,0.86243,0,7.6147,0,22.4161,0
2015-04-21 11:32:53,0,0,0.913433,0,10.4971,0,22.4161,0
2015-04-21 11:37:53,1,0,1.10772,0,14.4623,0,22.4161,0
2015-04-21 11:42:53,0,0,0.711837,0,3.86814,0,22.4161,0
2015-04-21 11:47:53,1,0,1.13924,0,2.38126,0,22.4161,0
2015-04-21 11:52:53,0,0,0.913857,0,3.98411,0,22.4161,0
2015-04-21 11:57:53,1,0,0.808653,0,2.93101,0,22.4161,0
2015-04-21 12:02:53,1,0,1.08284,0,3.6287,0,22.4161,0
2015-04-21 12:07:53,0,0,0.858634,0,1.72396,0,22.4161,0
2015-04-21 12:12:53,1,0,0.939184,0,3.07757,0,22.4161,0
2015-04-21 12:17:53,0,0,1.02114,0,3.96806,0,22.4161,0
2015-04-21 12:22:53,0,0,0.859804,0,3.32361,0,22.4161,0
2015-04-21 12:27:53,0,0,1.01261,0,5.54748,0,22.4161,0
2015-04-21 12:32:53,0,0,0.887865,0,5.79564,0,22.4161,0
2015-04-21 12:37:53,10,0,0.90257,0,13.7168,0,22.4161,0
2015-04-21 12:42:53,2,0,0.831667,0,22.3595,0,22.4161,0
2015-04-21 12:47:53,3,0,1.17643,0,31.6996,0,22.4161,1
2015-04-21 12:52:53,1,0,0.674593,0,7.80538,0,22.4161,0
2015-04-21 12:57:53,2,0,1.13435,0,8.18326,0,22.4161,0
2015-04-21 13:02:53,1,0,0.94641,0,3.9292,0,22.4161,0
2015-04-21 13:07:53,2,0,0.771776,0,5.05936,0,22.4161,0
2015-04-21 13:12:53,3,0,1.13482,0,4.73844,0,22.4161,0
2015-04-21 13:17:53,1,0,0.835586,0,7.64155,0,22.4161,0
2015-04-21 13:22:53,0,0,0.931469,0,7.78991,0,22.4161,0
2015-04-21 13:27:53,0,0,1.11981,0,3.00711,0,22.4161,0
2015-04-21 13:32:53,0,0,0.725649,0,5.4895,0,22.4161,0
2015-04-21 13:37:53,0,0,1.1323,0,5.75967,0,22.4161,0
2015-04-21 13:42:53,0,0,0.816941,0,5.94301,0,22.4161,0
2015-04-21 13:47:53,2,0,0.882212,0,5.6246,0,22.4161,0
2015-04-21 13:52:53,2,0,1.04157,0,6.88079,0,22.4161,0
2015-04-21 13:57:53,1,0,0.828669,0,8.63567,0,22.4161,0
2015-04-21 14:02:53,3,0,0.949446,0,5.60784,0,22.4161,0
2015-04-21 14:07:53,0,0,1.03979,0,5.41683,0,22.4161,0
2015-04-21 14:12:53,1,0,0.844998,0,10.4606,0,22.4161,0
2015-04-21 14:17:53,1,0,0.981894,0,3.70092,0,22.4161,0
2015-04-21 14:22:53,0,0,0.927669,0,1.41127,0,22.4161,0
2015-04-21 14:27:53,1,0,0.937434,0,2.80269,0,22.4161,0
2015-04-21 14:32:53,1,0,0.959689,0,3.64154,0,22.4161,0
2015-04-21 14:37:53,0,0,0.971371,0,1.30181,0,22.4161,0
2015-04-21 14:42:53,1,0,0.893441,0,2.13571,0,22.4161,0
2015-04-21 14:47:53,1,0,0.962932,0,3.04289,0,22.4161,0
2015-04-21 14:52:53,0,0,0.855491,0,1.26194,0,22.4161,0
2015-04-21 14:57:53,0,0,1.01086,0,3.10391,0,22.4161,0
2015-04-21 15:02:53,0,0,0.887294,0,5.43659,0,22.4161,0
2015-04-21 15:07:53,1,0,0.980528,0,6.12287,0,22.4161,0
2015-04-21 15:12:53,1,0,0.780873,0,3.69944,0,22.4161,0
2015-04-21 15:17:53,1,0,1.08513,0,0.596191,0,22.4161,0
2015-04-21 15:22:53,0,0,0.796378,0,1.5818,0,22.4161,0
2015-04-21 15:27:53,1,0,0.958031,0,2.79439,0,22.4161,0
2015-04-21 15:32:53,2,0,0.905452,0,3.85557,0,22.4161,0
2015-04-21 15:37:53,1,0,0.883261,0,4.87448,0,22.4161,0
2015-04-21 15:42:53,1,0,1.05019,0,3.43174,0,22.4161,0
2015-04-21 15:47:53,0,0,0.846778,0,1.56731,0,22.4161,0
2015-04-21 15:52:53,0,0,0.950264,0,3.15786,0,22.4161,0
2015-04-21 15:57:53,0,0,1.01956,0,5.38491,0,22.4161,0
2015-04-21 16:02:53,0,0,0.743709,0,5.46042,0,22.4161,0
2015-04-21 16:07:53,0,0,1.07317,0,5.63361,0,22.4161,0
2015-04-21 16:12:53,1,0,0.881416,0,4.61926,0,22.4161,0
2015-04-21 16:17:53,0,0,0.883209,0,3.25888,0,22.4161,0
2015-04-21 16:22:53,0,0,1.01621,0,2.86555,0,22.4161,0
2015-04-21 16:27:53,0,0,0.753239,0,5.42687,0,22.4161,0
2015-04-21 16:32:53,0,0,1.00228,0,5.43528,0,22.4161,0
2015-04-21 16:37:53,2,0,0.941017,0,5.55282,0,22.4161,0
2015-04-21 16:42:53,0,0,0.703234,0,5.19618,0,22.4161,0
2015-04-21 16:47:53,1,0,1.13873,0,5.17197,0,22.4161,0
2015-04-21 16:52:53,0,0,0.785144,0,4.55532,0,22.4161,0
2015-04-21 16:57:53,2,0,0.92636,0,4.38841,0,22.4161,0
2015-04-21 17:02:53,0,0,1.01843,0,5.98401,0,22.4161,0
2015-04-21 17:07:53,0,0,0.848661,0,6.51572,0,22.4161,0
2015-04-21 17:12:53,0,0,0.99937,0,5.6646,0,22.4161,0
2015-04-21 17:17:53,0,0,0.928459,0,5.75199,0,22.4161,0
2015-04-21 17:22:53,0,0,0.860749,0,5.47318,0,22.4161,0
2015-04-21 17:27:53,0,0,1.07762,0,5.71578,0,22.4161,0
2015-04-21 17:32:53,0,0,0.712402,0,5.58449,0,22.4161,0
2015-04-21 17:37:53,0,0,1.02833,0,5.44988,0,22.4161,0
2015-04-21 17:42:53,0,0,0.737489,0,5.68598,0,22.4161,0
2015-04-21 17:47:53,0,0,1.09485,0,4.93135,0,22.4161,0
2015-04-21 17:52:53,0,0,0.758975,0,5.65481,0,22.4161,0
2015-04-21 17:57:53,0,0,0.968395,0,5.16115,0,22.4161,0
2015-04-21 18:02:53,0,0,0.968075,0,5.7709,0,22.4161,0
2015-04-21 18:07:53,0,0,0.732244,0,5.18179,0,22.4161,0
2015-04-21 18:12:53,0,0,1.07846,0,5.57358,0,22.4161,0
2015-04-21 18:17:53,0,0,0.855249,0,5.44718,0,22.4161,0
2015-04-21 18:22:53,0,0,0.897012,0,5.20891,0,22.4161,0
2015-04-21 18:27:53,0,0,1.03981,0,5.8429,0,22.4161,0
2015-04-21 18:32:53,0,0,0.777474,0,5.39958,0,22.4161,0
2015-04-21 18:37:53,0,0,1.04125,0,5.54814,0,22.4161,0
2015-04-21 18:42:53,0,0,0.919013,0,5.71564,0,22.4161,0
2015-04-21 18:47:53,0,0,0.790499,0,5.33394,0,22.4161,0
2015-04-21 18:52:53,1,0,1.05983,0,7.4925,0,22.4161,0
2015-04-21 18:57:53,1,0,0.754413,0,3.23587,0,22.4161,0
2015-04-21 19:02:53,0,0,0.982418,0,1.50258,0,22.4161,0
2015-04-21 19:07:53,2,0,0.95215,0,2.7059,0,22.4161,0
2015-04-21 19:12:53,3,0,0.719474,0,6.34625,0,22.4161,0
2015-04-21 19:17:53,0,0,1.13958,0,7.86792,0,22.4161,0
2015-04-21 19:22:53,1,0,0.841428,0,7.72208,0,22.4161,0
2015-04-21 19:27:53,0,0,0.845377,0,3.27902,0,22.4161,0
2015-04-21 19:32:53,0,0,1.07251,0,2.94699,0,22.4161,0
2015-04-21 19:37:53,0,0,0.806607,0,5.28755,0,22.4161,0
2015-04-21 19:42:53,0,0,0.944976,0,5.48775,0,22.4161,0
2015-04-21 19:47:53,0,0,1.03988,0,5.77572,0,22.4161,0
2015-04-21 19:52:53,0,0,0.776193,0,5.34965,0,22.4161,0
2015-04-21 19:57:53,0,0,1.10318,0,5.69087,0,22.4161,0
2015-04-21 20:02:53,1,0,0.82965,0,4.77519,0,22.4161,0
2015-04-21 20:07:53,0,0,0.911032,0,3.36458,0,22.4161,0
2015-04-21 20:12:53,0,0,1.05728,0,2.87986,0,22.4161,0
2015-04-21 20:17:53,0,0,0.732264,0,5.36829,0,22.4161,0
2015-04-21 20:22:53,4,0,1.02656,0,8.11539,0,22.4161,0
2015-04-21 20:27:53,1,0,0.854366,0,13.0343,0,22.4161,0
2015-04-21 20:32:53,4,0,0.97444,0,15.7728,0,22.4161,0
2015-04-21 20:37:53,0,0,0.839918,0,7.34538,0,22.4161,0
2015-04-21 20:42:53,1,0,1.12867,0,14.6681,0,22.4161,0
2015-04-21 20:47:53,0,0,0.793271,0,4.94298,0,22.4161,0
2015-04-21 20:52:53,1,0,1.047,0,3.08606,0,22.4161,0
2015-04-21 20:57:53,2,0,0.941901,0,3.94149,0,22.4161,0
2015-04-21 21:02:53,0,0,0.832325,0,3.46809,0,22.4161,0
2015-04-21 21:07:53,1,0,1.10573,0,4.91048,0,22.4161,0
2015-04-21 21:12:53,0,0,0.802373,0,4.26678,0,22.4161,0
2015-04-21 21:17:53,0,0,1.00016,0,3.395,0,22.4161,0
2015-04-21 21:22:53,0,0,1.01845,0,5.43493,0,22.4161,0
2015-04-21 21:27:53,0,0,0.756231,0,5.42588,0,22.4161,0
2015-04-21 21:32:53,0,0,1.07837,0,5.7936,0,22.4161,0
2015-04-21 21:37:53,0,0,0.895931,0,5.64617,0,22.4161,0
2015-04-21 21:42:53,0,0,0.744174,0,5.32136,0,22.4161,0
2015-04-21 21:47:53,0,0,1.19817,0,5.77114,0,22.4161,0
2015-04-21 21:52:53,1,0,0.698705,0,4.37432,0,22.4161,0
2015-04-21 21:57:53,2,0,0.991739,0,3.93017,0,22.4161,0
2015-04-21 22:02:53,0,0,1.04009,0,4.18885,0,22.4161,0
2015-04-21 22:07:53,0,0,0.742815,0,6.92745,0,22.4161,0
2015-04-21 22:12:53,0,0,1.09943,0,5.79821,0,22.4161,0
2015-04-21 22:17:53,0,0,0.901687,0,5.70532,0,22.4161,0
2015-04-21 22:22:53,0,0,0.900428,0,5.32899,0,22.4161,0
2015-04-21 22:27:53,0,0,1.02858,0,6.00209,0,22.4161,0
2015-04-21 22:32:53,0,0,0.839274,0,5.5345,0,22.4161,0
2015-04-21 22:37:53,2,0,0.850069,0,5.91918,0,22.4161,0
2015-04-21 22:42:53,1,0,1.06144,0,6.98734,0,22.4161,0
2015-04-21 22:47:53,0,0,0.785666,0,5.72914,0,22.4161,0
2015-04-21 22:52:53,0,0,1.04902,0,3.14103,0,22.4161,0
2015-04-21 22:57:53,0,0,0.807367,0,5.2231,0,22.4161,0
2015-04-21 23:02:53,0,0,0.950227,0,5.26241,0,22.4161,0
2015-04-21 23:07:53,0,0,0.900934,0,5.71203,0,22.4161,0
2015-04-21 23:12:53,0,0,0.875861,0,5.22349,0,22.4161,0
2015-04-21 23:17:53,1,0,0.897235,0,7.73789,0,22.4161,0
2015-04-21 23:22:53,1,0,0.950509,0,3.05384,0,22.4161,0
2015-04-21 23:27:53,0,0,0.931492,0,1.52846,0,22.4161,0
2015-04-21 23:32:53,0,0,0.949513,0,3.1408,0,22.4161,0
2015-04-21 23:37:53,0,0,0.973112,0,5.66402,0,22.4161,0
2015-04-21 23:42:53,0,0,0.904394,0,5.66661,0,22.4161,0
2015-04-21 23:47:53,0,0,0.915407,0,5.69916,0,22.4161,0
2015-04-21 23:52:53,1,0,0.897082,0,4.81272,0,22.4161,0
2015-04-21 23:57:53,1,0,0.892628,0,2.98528,0,22.4161,0
2015-04-22 00:02:53,0,0,0.971587,0,1.35224,0,22.4161,0
2015-04-22 00:07:53,1,0,0.854031,0,2.12242,0,22.4161,0
2015-04-22 00:12:53,1,0,0.855159,0,2.88068,0,22.4161,0
2015-04-22 00:17:53,0,0,1.08589,0,1.23234,0,22.4161,0
2015-04-22 00:22:53,1,0,0.784511,0,2.23412,0,22.4161,0
2015-04-22 00:27:53,0,0,0.885554,0,3.52177,0,22.4161,0
2015-04-22 00:32:53,0,0,1.08233,0,2.71225,0,22.4161,0
2015-04-22 00:37:53,1,0,0.754525,0,4.20697,0,22.4161,0
2015-04-22 00:42:53,1,0,0.997786,0,3.06679,0,22.4161,0
2015-04-22 00:47:53,1,0,0.962183,0,0.740145,0,22.4161,0
2015-04-22 00:52:53,0,0,0.799644,0,1.70304,0,22.4161,0
2015-04-22 00:57:53,1,0,1.07175,0,1.92195,0,22.4161,0
2015-04-22 01:02:53,0,0,0.902388,0,3.76544,0,22.4161,0
2015-04-22 01:07:53,0,0,0.901721,0,3.72383,0,22.4161,0
2015-04-22 01:12:53,1,0,1.1011,0,7.70554,0,22.4161,0
2015-04-22 01:17:53,0,0,0.664932,0,4.00482,0,22.4161,0
2015-04-22 01:22:53,0,0,1.15436,0,2.6912,0,22.4161,0
2015-04-22 01:27:53,0,0,0.705955,0,4.8834,0,22.4161,0
2015-04-22 01:32:53,0,0,0.991876,0,5.00947,0,22.4161,0
2015-04-22 01:37:53,0,0,0.966268,0,5.86686,0,22.4161,0
2015-04-22 01:42:53,0,0,0.913516,0,5.06788,0,22.4161,0
2015-04-22 01:47:53,1,0,0.952226,0,6.53191,0,22.4161,0
2015-04-22 01:52:53,0,0,0.880511,0,4.024,0,22.4161,0
2015-04-22 01:57:53,0,0,0.952567,0,3.13079,0,22.4161,0
2015-04-22 02:02:53,0,0,0.862026,0,5.54622,0,22.4161,0
2015-04-22 02:07:53,0,0,1.01228,0,5.40869,0,22.4161,0
2015-04-22 02:12:53,0,0,0.891083,0,5.59403,0,22.4161,0
2015-04-22 02:17:53,0,0,0.932697,0,5.50172,0,22.4161,0
2015-04-22 02:22:53,0,0,0.933484,0,5.75171,0,22.4161,0
2015-04-22 02:27:53,0,0,0.876415,0,5.47213,0,22.4161,0
2015-04-22 02:32:53,0,0,1.00695,0,5.54147,0,22.4161,0
2015-04-22 02:37:53,0,0,0.9126,0,5.56023,0,22.4161,0
2015-04-22 02:42:53,0,0,0.836725,0,5.55574,0,22.4161,0
2015-04-22 02:47:53,0,0,1.01272,0,5.68277,0,22.4161,0
2015-04-22 02:52:53,0,0,0.806587,0,5.42397,0,22.4161,0
2015-04-22 02:57:53,0,0,0.902229,0,5.34219,0,22.4161,0
2015-04-22 03:02:53,1,0,1.00865,0,4.74909,0,22.4161,0
2015-04-22 03:07:53,0,0,0.827827,0,3.62395,0,22.4161,0
2015-04-22 03:12:53,1,0,0.973127,0,2.24486,0,22.4161,0
2015-04-22 03:17:53,0,0,0.941594,0,3.54495,0,22.4161,0
2015-04-22 03:22:53,1,0,0.86374,0,2.63022,0,22.4161,0
2015-04-22 03:27:53,0,0,1.02062,0,4.37248,0,22.4161,0
2015-04-22 03:32:53,0,0,0.828625,0,2.92332,0,22.4161,0
2015-04-22 03:37:53,0,0,0.926353,0,5.73553,0,22.4161,0
2015-04-22 03:42:53,0,0,0.920467,0,5.64547,0,22.4161,0
2015-04-22 03:47:53,1,0,0.917448,0,6.0272,0,22.4161,0
2015-04-22 03:52:53,0,0,0.939726,0,4.61195,0,22.4161,0
2015-04-22 03:57:53,0,0,0.91912,0,3.01322,0,22.4161,0
2015-04-22 04:02:53,0,0,0.869457,0,5.55092,0,22.4161,0
2015-04-22 04:07:53,0,0,1.01545,0,5.52688,0,22.4161,0
2015-04-22 04:12:53,0,0,0.838048,0,5.51173,0,22.4161,0
2015-04-22 04:17:53,0,0,0.932771,0,5.47732,0,22.4161,0
2015-04-22 04:22:53,0,0,0.910218,0,5.65522,0,22.4161,0
2015-04-22 04:27:53,0,0,0.9186,0,5.2899,0,22.4161,0
2015-04-22 04:32:53,0,0,0.960167,0,5.53735,0,22.4161,0
2015-04-22 04:37:53,0,0,0.84381,0,5.52802,0,22.4161,0
2015-04-22 04:42:53,0,0,0.98504,0,5.51994,0,22.4161,0
2015-04-22 04:47:53,0,0,0.870982,0,5.55316,0,22.4161,0
2015-04-22 04:52:53,0,0,0.927781,0,5.37249,0,22.4161,0
2015-04-22 04:57:53,0,0,0.962198,0,5.62487,0,22.4161,0
2015-04-22 05:02:53,0,0,0.865493,0,5.43071,0,22.4161,0
2015-04-22 05:07:53,1,0,0.939629,0,6.47738,0,22.4161,0
2015-04-22 05:12:53,0,0,0.895175,0,4.09524,0,22.4161,0
2015-04-22 05:17:53,0,0,0.95464,0,3.17795,0,22.4161,0
2015-04-22 05:22:53,0,0,0.959081,0,5.56388,0,22.4161,0
2015-04-22 05:27:53,0,0,0.820953,0,5.55389,0,22.4161,0
2015-04-22 05:32:53,0,0,1.09953,0,5.60304,0,22.4161,0
2015-04-22 05:37:53,0,0,0.672591,0,5.61868,0,22.4161,0
2015-04-22 05:42:53,0,0,1.03498,0,5.33451,0,22.4161,0
2015-04-22 05:47:53,0,0,0.976557,0,5.67874,0,22.4161,0
2015-04-22 05:52:53,0,0,0.68557,0,5.06429,0,22.4161,0
2015-04-22 05:57:53,0,0,1.09946,0,5.74362,0,22.4161,0
2015-04-22 06:02:53,0,0,0.812401,0,5.40027,0,22.4161,0
2015-04-22 06:07:53,1,0,0.8906,0,5.18551,0,22.4161,0
2015-04-22 06:12:53,0,0,0.978627,0,4.30646,0,22.4161,0
2015-04-22 06:17:53,0,0,0.847938,0,3.32262,0,22.4161,0
2015-04-22 06:22:53,0,0,0.970582,0,5.72012,0,22.4161,0
2015-04-22 06:27:53,0,0,0.96389,0,5.60234,0,22.4161,0
2015-04-22 06:32:53,0,0,0.864205,0,5.44887,0,22.4161,0
2015-04-22 06:37:53,0,0,0.989475,0,5.70373,0,22.4161,0
2015-04-22 06:42:53,0,0,0.794567,0,5.60956,0,22.4161,0
2015-04-22 06:47:53,0,0,0.959382,0,5.36613,0,22.4161,0
2015-04-22 06:52:53,0,0,0.869155,0,5.51694,0,22.4161,0
2015-04-22 06:57:53,0,0,1.02953,0,5.17162,0,22.4161,0
2015-04-22 07:02:53,0,0,0.760112,0,5.64598,0,22.4161,0
2015-04-22 07:07:53,0,0,1.01027,0,5.42663,0,22.4161,0
2015-04-22 07:12:53,1,0,0.819285,0,4.61908,0,22.4161,0
2015-04-22 07:17:53,0,0,0.852221,0,3.12016,0,22.4161,0
2015-04-22 07:22:53,1,0,1.09321,0,1.81716,0,22.4161,0
2015-04-22 07:27:53,0,0,0.699077,0,3.84663,0,22.4161,0
2015-04-22 07:32:53,0,0,1.15966,0,2.96799,0,22.4161,0
2015-04-22 07:37:53,0,0,0.868755,0,5.0279,0,22.4161,0
2015-04-22 07:42:53,0,0,0.7999,0,5.28531,0,22.4161,0
2015-04-22 07:47:53,0,0,1.17652,0,6.01639,0,22.4161,0
2015-04-22 07:52:53,0,0,0.694343,0,5.38258,0,22.4161,0
2015-04-22 07:57:53,0,0,0.948014,0,5.44708,0,22.4161,0
2015-04-22 08:02:53,0,0,1.11893,0,5.86626,0,22.4161,0
2015-04-22 08:07:53,0,0,0.51777,0,5.09799,0,22.4161,0
2015-04-22 08:12:53,0,0,1.34661,0,5.59968,0,22.4161,0
2015-04-22 08:17:53,0,0,0.609601,0,5.73894,0,22.4161,0
2015-04-22 08:22:53,0,0,0.899292,0,4.85612,0,22.4161,0
2015-04-22 08:27:53,1,0,1.21728,0,6.58125,0,22.4161,0
2015-04-22 08:32:53,0,0,0.510999,0,3.2475,0,22.4161,0
2015-04-22 08:37:53,0,0,1.32306,0,2.58767,0,22.4161,0
2015-04-22 08:42:53,0,0,0.676918,0,4.74718,0,22.4161,0
2015-04-22 08:47:53,1,0,0.889105,0,4.5462,0,22.4161,0
2015-04-22 08:52:53,0,0,1.14005,0,4.54845,0,22.4161,0
2015-04-22 08:57:53,0,0,0.72236,0,3.8875,0,22.4161,0
2015-04-22 09:02:53,0,0,0.958402,0,5.44883,0,22.4161,0
2015-04-22 09:07:53,0,0,1.03602,0,5.82327,0,22.4161,0
2015-04-22 09:12:53,0,0,0.790518,0,5.1199,0,22.4161,0
2015-04-22 09:17:53,0,0,1.03067,0,5.73775,0,22.4161,0
2015-04-22 09:22:53,0,0,0.924455,0,5.71976,0,22.4161,0
2015-04-22 09:27:53,0,0,0.799376,0,5.35736,0,22.4161,0
2015-04-22 09:32:53,0,0,1.05943,0,5.74031,0,22.4161,0
2015-04-22 09:37:53,0,0,0.793971,0,5.43154,0,22.4161,0
2015-04-22 09:42:53,0,0,1.00053,0,5.31095,0,22.4161,0
2015-04-22 09:47:53,0,0,0.909163,0,5.76675,0,22.4161,0
2015-04-22 09:52:53,0,0,0.880595,0,5.29214,0,22.4161,0
2015-04-22 09:57:53,0,0,0.89467,0,5.70051,0,22.4161,0
2015-04-22 10:02:53,0,0,0.930613,0,5.38335,0,22.4161,0
2015-04-22 10:07:53,0,0,0.828792,0,5.36174,0,22.4161,0
2015-04-22 10:12:53,0,0,0.887332,0,5.37403,0,22.4161,0
2015-04-22 10:17:53,0,0,1.09164,0,5.33675,0,22.4161,0
2015-04-22 10:22:53,0,0,0.762057,0,5.35268,0,22.4161,0
2015-04-22 10:27:53,0,0,1.04919,0,5.60733,0,22.4161,0
2015-04-22 10:32:53,0,0,0.889936,0,5.84822,0,22.4161,0
2015-04-22 10:37:53,0,0,0.820645,0,5.27449,0,22.4161,0
2015-04-22 10:42:53,0,1,1.04763,0,5.74809,0,22.4161,0
2015-04-22 10:47:53,0,1,0.846758,0,5.35873,0,22.4161,0
2015-04-22 10:52:53,1,1,0.837421,0,5.99302,0,22.4161,0
2015-04-22 10:57:53,0,1,1.05381,0,4.56939,0,22.4161,0
2015-04-22 11:02:53,0,1,0.659891,0,3.18838,0,22.4161,0
2015-04-22 11:07:53,0,1,1.11418,0,4.98747,0,22.4161,0
2015-04-22 11:12:53,0,1,0.758179,0,5.59539,0,22.4161,0
2015-04-22 11:17:53,0,1,0.999813,0,4.96621,0,22.4161,0
2015-04-22 11:22:53,0,1,0.822341,0,5.85871,0,22.4161,0
2015-04-22 11:27:53,0,1,0.930751,0,5.0965,0,22.4161,0
2015-04-22 11:32:53,0,1,0.998507,0,5.57487,0,22.4161,0
2015-04-22 11:37:53,0,1,0.837032,0,5.32703,0,22.4161,0
2015-04-22 11:42:53,1,1,0.952901,0,7.77477,0,22.4161,0
2015-04-22 11:47:53,0,1,0.880059,0,5.00632,0,22.4161,0
2015-04-22 11:52:53,0,1,1.04172,0,3.43334,0,22.4161,0
2015-04-22 11:57:53,0,1,0.815487,0,5.63041,0,22.4161,0
2015-04-22 12:02:53,0,1,0.999194,0,5.5391,0,22.4161,0
2015-04-22 12:07:53,2,1,0.865345,0,5.75694,0,22.4161,0
2015-04-22 12:12:53,0,1,0.816269,0,5.31342,0,22.4161,0
2015-04-22 12:17:53,0,1,1.07996,0,5.54938,0,22.4161,0
2015-04-22 12:22:53,0,1,0.841565,0,5.30853,0,22.4161,0
2015-04-22 12:27:53,0,1,0.854649,0,5.45029,0,22.4161,0
2015-04-22 12:32:53,1,1,1.1922,0,8.04852,0,22.4161,0
2015-04-22 12:37:53,0,1,0.549806,0,4.0076,0,22.4161,0
2015-04-22 12:42:53,1,1,1.26628,0,2.70781,0,22.4161,0
2015-04-22 12:47:53,0,1,0.787611,0,4.21706,0,22.4161,0
2015-04-22 12:52:53,1,1,0.840423,0,3.16317,0,22.4161,0
2015-04-22 12:57:53,0,1,1.14862,0,4.26327,0,22.4161,0
2015-04-22 13:02:53,0,1,0.773049,0,3.46663,0,22.4161,0
2015-04-22 13:07:53,0,1,0.988935,0,6.03064,0,22.4161,0
2015-04-22 13:12:53,1,1,1.01252,0,5.00301,0,22.4161,0
2015-04-22 13:17:53,3,1,0.76189,0,4.32876,0,22.4161,0
2015-04-22 13:22:53,0,1,0.998771,0,4.77005,0,22.4161,0
2015-04-22 13:27:53,0,1,1.01919,0,8.485,0,22.4161,0
2015-04-22 13:32:53,1,1,0.752437,0,5.35488,0,22.4161,0
2015-04-22 13:37:53,0,1,1.17758,0,3.84207,0,22.4161,0
2015-04-22 13:42:53,0,1,0.852692,0,2.74002,0,22.4161,0
2015-04-22 13:47:53,0,1,0.770796,0,5.46516,0,22.4161,0
2015-04-22 13:52:53,0,1,1.1467,0,6.00891,0,22.4161,0
2015-04-22 13:57:53,1,1,0.820403,0,4.24637,0,22.4161,0
2015-04-22 14:02:53,0,1,0.896653,0,3.42618,0,22.4161,0
2015-04-22 14:07:53,0,1,1.15838,0,2.97755,0,22.4161,0
2015-04-22 14:12:53,1,1,0.684128,0,4.41289,0,22.4161,0
2015-04-22 14:17:53,1,1,1.0295,0,3.32259,0,22.4161,0
2015-04-22 14:22:53,0,1,1.02761,0,2.13639,0,22.4161,0
2015-04-22 14:27:53,0,1,0.71691,0,4.03423,0,22.4161,0
2015-04-22 14:32:53,0,1,1.13811,0,4.55942,0,22.4161,0
2015-04-22 14:37:53,0,1,0.854046,0,5.65476,0,22.4161,0
2015-04-22 14:42:53,2,1,0.784866,0,5.5729,0,22.4161,0
2015-04-22 14:47:53,1,1,1.15916,0,5.96035,0,22.4161,0
2015-04-22 14:52:53,0,1,0.812901,0,5.47485,0,22.4161,0
2015-04-22 14:57:53,1,1,0.911569,0,3.44383,0,22.4161,0
2015-04-22 15:02:53,2,1,1.05334,0,4.34064,0,22.4161,0
2015-04-22 15:07:53,0,1,0.795103,0,3.96035,0,22.4161,0
2015-04-22 15:12:53,0,1,1.16846,0,5.57901,0,22.4161,0
2015-04-22 15:17:53,0,1,0.764419,0,5.91869,0,22.4161,0
2015-04-22 15:22:53,0,1,0.958995,0,5.48665,0,22.4161,0
2015-04-22 15:27:53,0,1,1.01585,0,5.99321,0,22.4161,0
2015-04-22 15:32:53,1,1,0.716693,0,5.44879,0,22.4161,0
2015-04-22 15:37:53,0,1,1.10806,0,3.92907,0,22.4161,0
2015-04-22 15:42:53,2,1,0.968246,0,2.37287,0,22.4161,0
2015-04-22 15:47:53,0,1,0.695014,0,4.90221,0,22.4161,0
2015-04-22 15:52:53,0,1,1.23386,0,5.30734,0,22.4161,0
2015-04-22 15:57:53,1,1,0.7177,0,4.52863,0,22.4161,0
2015-04-22 16:02:53,0,1,0.959759,0,3.27047,0,22.4161,0
2015-04-22 16:07:53,1,1,1.07782,0,2.17723,0,22.4161,0
2015-04-22 16:12:53,0,1,0.597948,0,3.3114,0,22.4161,0
2015-04-22 16:17:53,6,1,1.24349,0,6.99236,0,22.4161,0
2015-04-22 16:22:53,0,1,0.805663,0,12.8616,0,22.4161,0
2015-04-22 16:27:53,0,1,1.03103,0,19.0783,0,22.4161,0
2015-04-22 16:32:53,0,1,0.93601,0,6.37284,0,22.4161,0
2015-04-22 16:37:53,1,1,0.886863,0,5.7657,0,22.4161,0
2015-04-22 16:42:53,0,1,1.04445,0,4.3306,0,22.4161,0
2015-04-22 16:47:53,0,1,0.818277,0,3.01014,0,22.4161,0
2015-04-22 16:52:53,1,1,0.941169,0,5.01659,0,22.4161,0
2015-04-22 16:57:53,1,1,0.979217,0,4.10307,0,22.4161,0
2015-04-22 17:02:53,0,1,0.831955,0,1.64205,0,22.4161,0
2015-04-22 17:07:53,0,1,1.01013,0,2.79354,0,22.4161,0
2015-04-22 17:12:53,0,1,0.881276,0,5.25304,0,22.4161,0
2015-04-22 17:17:53,0,1,0.933603,0,5.3974,0,22.4161,0
2015-04-22 17:22:53,2,1,0.983619,0,5.85934,0,22.4161,0
2015-04-22 17:27:53,1,1,0.797932,0,4.793,0,22.4161,0
2015-04-22 17:32:53,0,1,1.10222,0,4.02988,0,22.4161,0
2015-04-22 17:37:53,1,1,0.765972,0,1.74723,0,22.4161,0
2015-04-22 17:42:53,0,1,0.99063,0,3.36421,0,22.4161,0
2015-04-22 17:47:53,0,1,1.02942,0,2.82924,0,22.4161,0
2015-04-22 17:52:53,0,1,0.812028,0,5.3086,0,22.4161,0
2015-04-22 17:57:53,2,1,0.986144,0,6.21871,0,22.4161,0
2015-04-22 18:02:53,0,1,0.925678,0,6.45035,0,22.4161,0
2015-04-22 18:07:53,0,1,0.935926,0,6.46188,0,22.4161,0
2015-04-22 18:12:53,0,1,0.936656,0,5.74572,0,22.4161,0
2015-04-22 18:17:53,1,1,0.892033,0,4.71223,0,22.4161,0
2015-04-22 18:22:53,0,1,0.921344,0,3.8265,0,22.4161,0
2015-04-22 18:27:53,3,1,1.00214,0,4.05275,0,22.4161,0
2015-04-22 18:32:53,1,1,0.680649,0,6.83555,0,22.4161,0
2015-04-22 18:37:53,2,1,1.21551,0,7.5596,0,22.4161,0
2015-04-22 18:42:53,0,1,0.750365,0,3.75111,0,22.4161,0
2015-04-22 18:47:53,0,1,1.004,0,5.88197,0,22.4161,0
2015-04-22 18:52:53,1,1,0.933941,0,7.27563,0,22.4161,0
2015-04-22 18:57:53,1,1,0.906282,0,2.32515,0,22.4161,0
2015-04-22 19:02:53,0,1,0.968855,0,1.05039,0,22.4161,0
2015-04-22 19:07:53,0,1,0.884454,0,2.9796,0,22.4161,0
2015-04-22 19:12:53,1,1,0.862914,0,6.52181,0,22.4161,0
2015-04-22 19:17:53,0,1,1.07291,0,4.81257,0,22.4161,0
2015-04-22 19:22:53,1,1,0.886439,0,2.14537,0,22.4161,0
2015-04-22 19:27:53,0,1,0.923748,0,3.621,0,22.4161,0
2015-04-22 19:32:53,0,1,0.991956,0,2.91535,0,22.4161,0
2015-04-22 19:37:53,0,1,0.825128,0,5.49877,0,22.4161,0
2015-04-22 19:42:53,0,1,0.932711,0,5.58029,0,22.4161,0
2015-04-22 19:47:53,1,1,0.952362,0,4.69342,0,22.4161,0
2015-04-22 19:52:53,0,1,0.89908,0,3.56233,0,22.4161,0
2015-04-22 19:57:53,1,1,0.940408,0,2.31115,0,22.4161,0
2015-04-22 20:02:53,1,1,0.899226,0,3.06657,0,22.4161,0
2015-04-22 20:07:53,0,1,0.899044,0,1.32117,0,22.4161,0
2015-04-22 20:12:53,0,1,1.02009,0,2.87627,0,22.4161,0
2015-04-22 20:17:53,0,1,0.818394,0,5.51585,0,22.4161,0
2015-04-22 20:22:53,0,1,0.960851,0,5.5557,0,22.4161,0
2015-04-22 20:27:53,1,1,0.99763,0,4.7362,0,22.4161,0
2015-04-22 20:32:53,0,1,0.80033,0,3.53111,0,22.4161,0
2015-04-22 20:37:53,0,1,1.05801,0,2.5647,0,22.4161,0
2015-04-22 20:42:53,0,1,0.805359,0,5.06914,0,22.4161,0
2015-04-22 20:47:53,0,1,0.959889,0,5.32237,0,22.4161,0
2015-04-22 20:52:53,0,1,1.00233,0,5.74464,0,22.4161,0
2015-04-22 20:57:53,1,1,0.848095,0,5.72006,0,22.4161,0
2015-04-22 21:02:53,0,1,0.85464,0,4.19452,0,22.4161,0
2015-04-22 21:07:53,0,1,1.16552,0,2.55781,0,22.4161,0
2015-04-22 21:12:53,0,1,0.508536,0,5.41908,0,22.4161,0
2015-04-22 21:17:53,0,1,1.23389,0,5.40349,0,22.4161,0
2015-04-22 21:22:53,0,1,0.666186,0,5.74751,0,22.4161,0
2015-04-22 21:27:53,0,1,0.904719,0,4.65958,0,22.4161,0
2015-04-22 21:32:53,0,1,1.14565,0,5.93877,0,22.4161,0
2015-04-22 21:37:53,2,1,0.659627,0,4.66234,0,22.4161,0
2015-04-22 21:42:53,0,1,1.07764,0,5.08248,0,22.4161,0
2015-04-22 21:47:53,0,1,1.00387,0,4.95994,0,22.4161,0
2015-04-22 21:52:53,0,1,0.650461,0,5.13803,0,22.4161,0
2015-04-22 21:57:53,0,1,1.20905,0,5.89112,0,22.4161,0
2015-04-22 22:02:53,0,1,0.812465,0,5.52159,0,22.4161,0
2015-04-22 22:07:53,2,1,0.771174,0,5.55702,0,22.4161,0
2015-04-22 22:12:53,0,1,1.16452,0,7.37079,0,22.4161,0
2015-04-22 22:17:53,1,1,0.691384,0,6.22336,0,22.4161,0
2015-04-22 22:22:53,0,1,0.909534,0,3.33394,0,22.4161,0
2015-04-22 22:27:53,4,1,1.16993,0,4.96679,0,22.4161,0
2015-04-22 22:32:53,1,1,0.607395,0,8.42501,0,22.4161,0
2015-04-22 22:37:53,0,1,1.24233,0,10.2187,0,22.4161,0
2015-04-22 22:42:53,0,1,0.752356,0,2.96692,0,22.4161,0
